   MainThread:15:30:27.621 util.py                                   217 DEBUG    | Send cmd --> netsh wlan show interfaces
   MainThread:15:30:27.805 util.py                                   223 DEBUG    | Receive response --> 
There is 1 interface on the system: 

    Name                   : Wi-Fi
    Description            : Intel(R) Wi-Fi 7 BE201 320MHz
    GUID                   : 597dd777-03e2-4018-80c1-be2c4f8ab435
    Physical address       : 40:c7:3c:c1:f5:f2
    Interface type         : Primary
    State                  : disconnected
    Radio status           : Hardware On
                             Software On


   MainThread:15:30:27.805 wireless.py                                94 DEBUG    | Wifi setup. Using [WifiCli] driver::[Wi-Fi] interface
   MainThread:15:30:27.806 bleak_wrapper.py                          121 INFO     | Scanning for GoPro [A-Z0-9]{4} bluetooth devices...
   MainThread:15:30:27.933 scanner.py                                117 DEBUG    | Received 04:33:5E:FE:3A:E7: .
   MainThread:15:30:27.934 scanner.py                                117 DEBUG    | Received 6D:59:CF:B0:4D:2B: .
   MainThread:15:30:27.935 scanner.py                                117 DEBUG    | Received 6D:59:CF:B0:4D:2B: .
   MainThread:15:30:28.052 scanner.py                                117 DEBUG    | Received 72:90:79:86:59:BD: .
   MainThread:15:30:28.054 scanner.py                                117 DEBUG    | Received 72:90:79:86:59:BD: JBL Tune Flex 2-LE.
   MainThread:15:30:28.061 scanner.py                                117 DEBUG    | Received C4:1F:F3:75:53:B3: .
   MainThread:15:30:28.062 scanner.py                                117 DEBUG    | Received C4:1F:F3:75:53:B3: .
   MainThread:15:30:28.064 scanner.py                                117 DEBUG    | Received 8C:71:12:52:1D:DB: QT 12521DDB.
   MainThread:15:30:28.157 scanner.py                                117 DEBUG    | Received 7A:B4:C4:CA:8B:B9: .
   MainThread:15:30:28.158 scanner.py                                117 DEBUG    | Received 7A:B4:C4:CA:8B:B9: .
   MainThread:15:30:28.163 scanner.py                                117 DEBUG    | Received DC:23:4D:86:DA:BD: .
   MainThread:15:30:28.164 scanner.py                                117 DEBUG    | Received DC:23:4D:86:DA:BD: .
   MainThread:15:30:28.173 scanner.py                                117 DEBUG    | Received 0F:20:0B:B0:53:41: .
   MainThread:15:30:28.180 scanner.py                                117 DEBUG    | Received 7C:C3:84:38:18:49: .
   MainThread:15:30:28.187 scanner.py                                117 DEBUG    | Received 73:8A:48:B2:2E:6B: .
   MainThread:15:30:28.188 scanner.py                                117 DEBUG    | Received 73:8A:48:B2:2E:6B: .
   MainThread:15:30:28.294 scanner.py                                117 DEBUG    | Received 20:B3:48:31:53:FB: .
   MainThread:15:30:28.393 scanner.py                                117 DEBUG    | Received 20:B3:48:31:53:FB: .
   MainThread:15:30:28.404 scanner.py                                117 DEBUG    | Received 13:52:77:82:ED:25: .
   MainThread:15:30:28.405 scanner.py                                117 DEBUG    | Received 13:52:77:82:ED:25: .
   MainThread:15:30:28.413 scanner.py                                117 DEBUG    | Received 6D:59:CF:B0:4D:2B: .
   MainThread:15:30:28.415 scanner.py                                117 DEBUG    | Received 6D:59:CF:B0:4D:2B: .
   MainThread:15:30:28.416 scanner.py                                117 DEBUG    | Received 7E:60:6A:96:37:0B: .
   MainThread:15:30:28.417 scanner.py                                117 DEBUG    | Received 7E:60:6A:96:37:0B: .
   MainThread:15:30:28.523 scanner.py                                117 DEBUG    | Received 6D:59:CF:B0:4D:2B: .
   MainThread:15:30:28.523 scanner.py                                117 DEBUG    | Received 6D:59:CF:B0:4D:2B: .
   MainThread:15:30:28.529 scanner.py                                117 DEBUG    | Received 6D:CC:78:78:5B:C7: .
   MainThread:15:30:28.531 scanner.py                                117 DEBUG    | Received 6D:CC:78:78:5B:C7: .
   MainThread:15:30:28.533 scanner.py                                117 DEBUG    | Received EF:CD:00:F6:D4:30: .
   MainThread:15:30:28.535 scanner.py                                117 DEBUG    | Received 72:90:79:86:59:BD: .
   MainThread:15:30:28.536 scanner.py                                117 DEBUG    | Received 72:90:79:86:59:BD: JBL Tune Flex 2-LE.
   MainThread:15:30:28.774 scanner.py                                117 DEBUG    | Received 6D:59:CF:B0:4D:2B: .
   MainThread:15:30:28.775 scanner.py                                117 DEBUG    | Received 6D:59:CF:B0:4D:2B: .
   MainThread:15:30:28.778 scanner.py                                117 DEBUG    | Received 60:38:D4:FB:82:B4: .
   MainThread:15:30:28.780 scanner.py                                117 DEBUG    | Received 60:38:D4:FB:82:B4: .
   MainThread:15:30:28.782 scanner.py                                117 DEBUG    | Received DC:23:4D:86:DA:B5: .
   MainThread:15:30:28.783 scanner.py                                117 DEBUG    | Received DC:23:4D:86:DA:B5: .
   MainThread:15:30:28.867 scanner.py                                117 DEBUG    | Received 04:33:5E:FE:3A:E7: .
   MainThread:15:30:28.874 scanner.py                                117 DEBUG    | Received F9:57:92:8B:F4:39: .
   MainThread:15:30:28.877 scanner.py                                117 DEBUG    | Received F9:57:92:8B:F4:39: .
   MainThread:15:30:28.885 scanner.py                                117 DEBUG    | Received 72:90:79:86:59:BD: .
   MainThread:15:30:28.886 scanner.py                                117 DEBUG    | Received 72:90:79:86:59:BD: JBL Tune Flex 2-LE.
   MainThread:15:30:28.890 scanner.py                                117 DEBUG    | Received 76:C7:BF:5C:0B:86: .
   MainThread:15:30:28.891 scanner.py                                117 DEBUG    | Received 76:C7:BF:5C:0B:86: .
   MainThread:15:30:28.993 scanner.py                                117 DEBUG    | Received 4A:3C:2A:2F:7B:85: .
   MainThread:15:30:28.993 scanner.py                                117 DEBUG    | Received 4A:3C:2A:2F:7B:85: .
   MainThread:15:30:28.999 scanner.py                                117 DEBUG    | Received 7B:C1:8E:38:B1:AC: .
   MainThread:15:30:29.000 scanner.py                                117 DEBUG    | Received 7C:1E:A7:2B:52:70: .
   MainThread:15:30:29.003 scanner.py                                117 DEBUG    | Received 00:A4:1C:FD:C6:D8: .
   MainThread:15:30:29.004 scanner.py                                117 DEBUG    | Received 00:A4:1C:FD:C6:D8: WH-CH720N.
   MainThread:15:30:29.008 scanner.py                                117 DEBUG    | Received DB:3B:46:FE:CB:23: .
   MainThread:15:30:29.112 scanner.py                                117 DEBUG    | Received 7C:C3:84:38:18:49: .
   MainThread:15:30:29.112 scanner.py                                117 DEBUG    | Received 6D:59:CF:B0:4D:2B: .
   MainThread:15:30:29.113 scanner.py                                117 DEBUG    | Received 6D:59:CF:B0:4D:2B: .
   MainThread:15:30:29.238 scanner.py                                117 DEBUG    | Received 0F:20:0B:B0:53:41: .
   MainThread:15:30:29.242 scanner.py                                117 DEBUG    | Received 20:B3:48:31:53:FB: .
   MainThread:15:30:29.243 scanner.py                                117 DEBUG    | Received 6D:59:CF:B0:4D:2B: .
   MainThread:15:30:29.243 scanner.py                                117 DEBUG    | Received 6D:59:CF:B0:4D:2B: .
   MainThread:15:30:29.340 scanner.py                                117 DEBUG    | Received 20:B3:48:31:53:FB: .
   MainThread:15:30:29.341 scanner.py                                117 DEBUG    | Received 0F:20:0B:B0:53:41: .
   MainThread:15:30:29.350 scanner.py                                117 DEBUG    | Received 6D:CC:78:78:5B:C7: .
   MainThread:15:30:29.351 scanner.py                                117 DEBUG    | Received 6D:CC:78:78:5B:C7: .
   MainThread:15:30:29.354 scanner.py                                117 DEBUG    | Received E3:2F:9E:FC:47:01: .
   MainThread:15:30:29.358 scanner.py                                117 DEBUG    | Received 7B:C1:8E:38:B1:AC: .
   MainThread:15:30:29.472 scanner.py                                117 DEBUG    | Received 7A:B4:C4:CA:8B:B9: .
   MainThread:15:30:29.473 scanner.py                                117 DEBUG    | Received 7A:B4:C4:CA:8B:B9: .
   MainThread:15:30:29.594 scanner.py                                117 DEBUG    | Received CC:8D:1F:D9:70:FB: .
   MainThread:15:30:29.596 scanner.py                                117 DEBUG    | Received CC:8D:1F:D9:70:FB: .
   MainThread:15:30:29.599 scanner.py                                117 DEBUG    | Received 6D:59:CF:B0:4D:2B: .
   MainThread:15:30:29.600 scanner.py                                117 DEBUG    | Received 6D:59:CF:B0:4D:2B: .
   MainThread:15:30:29.601 scanner.py                                117 DEBUG    | Received 62:2A:83:44:56:E9: .
   MainThread:15:30:29.715 scanner.py                                117 DEBUG    | Received 76:C7:BF:5C:0B:86: .
   MainThread:15:30:29.717 scanner.py                                117 DEBUG    | Received 76:C7:BF:5C:0B:86: .
   MainThread:15:30:29.724 scanner.py                                117 DEBUG    | Received DC:23:4D:86:DA:BD: .
   MainThread:15:30:29.725 scanner.py                                117 DEBUG    | Received DC:23:4D:86:DA:BD: .
   MainThread:15:30:29.822 scanner.py                                117 DEBUG    | Received 4A:3C:2A:2F:7B:85: .
   MainThread:15:30:29.827 scanner.py                                117 DEBUG    | Received 4A:3C:2A:2F:7B:85: .
   MainThread:15:30:29.836 scanner.py                                117 DEBUG    | Received 73:8A:48:B2:2E:6B: .
   MainThread:15:30:29.837 scanner.py                                117 DEBUG    | Received 73:8A:48:B2:2E:6B: .
   MainThread:15:30:29.838 scanner.py                                117 DEBUG    | Received 13:52:77:82:ED:25: .
   MainThread:15:30:29.839 scanner.py                                117 DEBUG    | Received 13:52:77:82:ED:25: .
   MainThread:15:30:29.937 scanner.py                                117 DEBUG    | Received 7C:1E:A7:2B:52:70: .
   MainThread:15:30:29.941 scanner.py                                117 DEBUG    | Received 7C:59:88:9E:7A:13: .
   MainThread:15:30:29.945 scanner.py                                117 DEBUG    | Received 7C:59:88:9E:7A:13: .
   MainThread:15:30:29.948 scanner.py                                117 DEBUG    | Received CF:74:2B:4C:C0:EA: .
   MainThread:15:30:29.949 scanner.py                                117 DEBUG    | Received CF:74:2B:4C:C0:EA: .
   MainThread:15:30:30.059 scanner.py                                117 DEBUG    | Received 28:AF:42:27:F0:5B: .
   MainThread:15:30:30.063 scanner.py                                117 DEBUG    | Received 28:AF:42:27:F0:5B: 75" Crystal UHD.
   MainThread:15:30:30.064 scanner.py                                117 DEBUG    | Received C4:1F:F3:75:53:B3: .
   MainThread:15:30:30.065 scanner.py                                117 DEBUG    | Received C4:1F:F3:75:53:B3: .
   MainThread:15:30:30.068 scanner.py                                117 DEBUG    | Received DC:23:4D:86:DA:BD: .
   MainThread:15:30:30.069 scanner.py                                117 DEBUG    | Received DC:23:4D:86:DA:BD: .
   MainThread:15:30:30.072 scanner.py                                117 DEBUG    | Received 7E:60:6A:96:37:0B: .
   MainThread:15:30:30.075 scanner.py                                117 DEBUG    | Received 7E:60:6A:96:37:0B: .
   MainThread:15:30:30.178 scanner.py                                117 DEBUG    | Received 54:D6:68:2B:1D:DA: Jabra Evolve2 65.
   MainThread:15:30:30.180 scanner.py                                117 DEBUG    | Received 54:D6:68:2B:1D:DA: .
   MainThread:15:30:30.183 scanner.py                                117 DEBUG    | Received 6D:59:CF:B0:4D:2B: .
   MainThread:15:30:30.184 scanner.py                                117 DEBUG    | Received 6D:59:CF:B0:4D:2B: .
   MainThread:15:30:30.185 scanner.py                                117 DEBUG    | Received 72:90:79:86:59:BD: .
   MainThread:15:30:30.187 scanner.py                                117 DEBUG    | Received 72:90:79:86:59:BD: JBL Tune Flex 2-LE.
   MainThread:15:30:30.188 scanner.py                                117 DEBUG    | Received 20:B3:48:31:53:FB: .
   MainThread:15:30:30.189 scanner.py                                117 DEBUG    | Received FC:57:10:BC:8E:6E: .
   MainThread:15:30:30.291 scanner.py                                117 DEBUG    | Received 0F:20:0B:B0:53:41: .
   MainThread:15:30:30.293 scanner.py                                117 DEBUG    | Received DB:3B:46:FE:CB:23: .
   MainThread:15:30:30.295 scanner.py                                117 DEBUG    | Received DC:23:4D:86:DA:B5: .
   MainThread:15:30:30.297 scanner.py                                117 DEBUG    | Received DC:23:4D:86:DA:BD: .
   MainThread:15:30:30.300 scanner.py                                117 DEBUG    | Received 20:B3:48:31:53:FB: .
   MainThread:15:30:30.303 scanner.py                                117 DEBUG    | Received 7C:1E:A7:2B:52:70: .
   MainThread:15:30:30.307 scanner.py                                117 DEBUG    | Received 7C:59:88:9E:7A:13: .
   MainThread:15:30:30.308 scanner.py                                117 DEBUG    | Received 7C:59:88:9E:7A:13: .
   MainThread:15:30:30.401 scanner.py                                117 DEBUG    | Received 00:00:00:00:00:00: .
   MainThread:15:30:30.410 scanner.py                                117 DEBUG    | Received 13:52:77:82:ED:25: .
   MainThread:15:30:30.411 scanner.py                                117 DEBUG    | Received 13:52:77:82:ED:25: .
   MainThread:15:30:30.420 scanner.py                                117 DEBUG    | Received 7C:C3:84:38:18:49: .
   MainThread:15:30:30.535 scanner.py                                117 DEBUG    | Received FE:5D:58:42:68:D4: .
   MainThread:15:30:30.540 scanner.py                                117 DEBUG    | Received FE:5D:58:42:68:D4: .
   MainThread:15:30:30.548 scanner.py                                117 DEBUG    | Received 8C:71:12:52:1D:DB: QT 12521DDB.
   MainThread:15:30:30.550 scanner.py                                117 DEBUG    | Received 72:90:79:86:59:BD: .
   MainThread:15:30:30.552 scanner.py                                117 DEBUG    | Received 72:90:79:86:59:BD: JBL Tune Flex 2-LE.
   MainThread:15:30:30.557 scanner.py                                117 DEBUG    | Received EF:CD:00:F6:D4:30: .
   MainThread:15:30:30.559 scanner.py                                117 DEBUG    | Received 76:C7:BF:5C:0B:86: .
   MainThread:15:30:30.560 scanner.py                                117 DEBUG    | Received 76:C7:BF:5C:0B:86: .
   MainThread:15:30:30.667 scanner.py                                117 DEBUG    | Received 73:8A:48:B2:2E:6B: .
   MainThread:15:30:30.672 scanner.py                                117 DEBUG    | Received 73:8A:48:B2:2E:6B: .
   MainThread:15:30:30.674 scanner.py                                117 DEBUG    | Received 7B:C1:8E:38:B1:AC: .
   MainThread:15:30:30.675 scanner.py                                117 DEBUG    | Received 72:90:79:86:59:BD: .
   MainThread:15:30:30.678 scanner.py                                117 DEBUG    | Received 72:90:79:86:59:BD: JBL Tune Flex 2-LE.
   MainThread:15:30:30.680 scanner.py                                117 DEBUG    | Received 7C:1E:A7:2B:52:70: .
   MainThread:15:30:30.797 scanner.py                                117 DEBUG    | Received 7C:C3:84:38:18:49: .
   MainThread:15:30:30.808 scanner.py                                117 DEBUG    | Received 54:D6:68:2B:1D:DA: Jabra Evolve2 65.
   MainThread:15:30:30.882 scanner.py                                117 DEBUG    | Received F5:AD:91:09:81:E2: .
   MainThread:15:30:30.898 scanner.py                                117 DEBUG    | Received 7E:60:6A:96:37:0B: .
   MainThread:15:30:30.903 scanner.py                                117 DEBUG    | Received 7E:60:6A:96:37:0B: .
   MainThread:15:30:31.002 scanner.py                                117 DEBUG    | Received 6D:CC:78:78:5B:C7: .
   MainThread:15:30:31.007 scanner.py                                117 DEBUG    | Received 6D:CC:78:78:5B:C7: .
   MainThread:15:30:31.013 scanner.py                                117 DEBUG    | Received 72:90:79:86:59:BD: .
   MainThread:15:30:31.017 scanner.py                                117 DEBUG    | Received 72:90:79:86:59:BD: JBL Tune Flex 2-LE.
   MainThread:15:30:31.021 scanner.py                                117 DEBUG    | Received 6D:59:CF:B0:4D:2B: .
   MainThread:15:30:31.022 scanner.py                                117 DEBUG    | Received 6D:59:CF:B0:4D:2B: .
   MainThread:15:30:31.120 scanner.py                                117 DEBUG    | Received 54:D6:68:2B:1D:DA: Jabra Evolve2 65.
   MainThread:15:30:31.122 scanner.py                                117 DEBUG    | Received 54:D6:68:2B:1D:DA: .
   MainThread:15:30:31.125 scanner.py                                117 DEBUG    | Received CC:8D:1F:D9:70:FB: .
   MainThread:15:30:31.129 scanner.py                                117 DEBUG    | Received CC:8D:1F:D9:70:FB: .
   MainThread:15:30:31.132 scanner.py                                117 DEBUG    | Received D1:BF:AB:F2:27:53: .
   MainThread:15:30:31.136 scanner.py                                117 DEBUG    | Received 0F:20:0B:B0:53:41: .
   MainThread:15:30:31.138 scanner.py                                117 DEBUG    | Received 20:B3:48:31:53:FB: .
   MainThread:15:30:31.140 scanner.py                                117 DEBUG    | Received DC:23:4D:86:DA:B5: .
   MainThread:15:30:31.142 scanner.py                                117 DEBUG    | Received DC:23:4D:86:DA:B5: .
   MainThread:15:30:31.234 scanner.py                                117 DEBUG    | Received 20:B3:48:31:53:FB: .
   MainThread:15:30:31.236 scanner.py                                117 DEBUG    | Received 7C:1E:A7:2B:52:70: .
   MainThread:15:30:31.244 scanner.py                                117 DEBUG    | Received 7C:59:88:9E:7A:13: .
   MainThread:15:30:31.245 scanner.py                                117 DEBUG    | Received 7C:59:88:9E:7A:13: .
   MainThread:15:30:31.357 scanner.py                                117 DEBUG    | Received 7C:C3:84:38:18:49: .
   MainThread:15:30:31.369 scanner.py                                117 DEBUG    | Received 72:90:79:86:59:BD: .
   MainThread:15:30:31.373 scanner.py                                117 DEBUG    | Received 72:90:79:86:59:BD: JBL Tune Flex 2-LE.
   MainThread:15:30:31.476 scanner.py                                117 DEBUG    | Received DC:23:4D:86:DA:BD: .
   MainThread:15:30:31.480 scanner.py                                117 DEBUG    | Received DC:23:4D:86:DA:BD: .
   MainThread:15:30:31.489 scanner.py                                117 DEBUG    | Received 04:33:5E:FE:3A:E7: .
   MainThread:15:30:31.598 scanner.py                                117 DEBUG    | Received 04:33:5E:FE:3A:E7: .
   MainThread:15:30:31.717 scanner.py                                117 DEBUG    | Received DB:3B:46:FE:CB:23: .
   MainThread:15:30:31.723 scanner.py                                117 DEBUG    | Received 7F:A5:5C:58:58:3C: .
   MainThread:15:30:31.730 scanner.py                                117 DEBUG    | Received 7F:A5:5C:58:58:3C: .
   MainThread:15:30:31.736 scanner.py                                117 DEBUG    | Received 7E:60:6A:96:37:0B: .
   MainThread:15:30:31.738 scanner.py                                117 DEBUG    | Received 7E:60:6A:96:37:0B: .
   MainThread:15:30:31.831 scanner.py                                117 DEBUG    | Received DC:23:4D:86:DA:BD: .
   MainThread:15:30:31.834 scanner.py                                117 DEBUG    | Received DC:23:4D:86:DA:BD: .
   MainThread:15:30:31.837 scanner.py                                117 DEBUG    | Received 6D:CC:78:78:5B:C7: .
   MainThread:15:30:31.839 scanner.py                                117 DEBUG    | Received 6D:CC:78:78:5B:C7: .
   MainThread:15:30:31.841 scanner.py                                117 DEBUG    | Received 72:90:79:86:59:BD: .
   MainThread:15:30:31.842 scanner.py                                117 DEBUG    | Received 72:90:79:86:59:BD: JBL Tune Flex 2-LE.
   MainThread:15:30:31.845 scanner.py                                117 DEBUG    | Received 62:2A:83:44:56:E9: .
   MainThread:15:30:31.846 scanner.py                                117 DEBUG    | Received 62:2A:83:44:56:E9: .
   MainThread:15:30:31.961 scanner.py                                117 DEBUG    | Received 00:A4:1C:FD:C6:D8: .
   MainThread:15:30:31.967 scanner.py                                117 DEBUG    | Received 00:A4:1C:FD:C6:D8: WH-CH720N.
   MainThread:15:30:32.069 scanner.py                                117 DEBUG    | Received C4:1F:F3:75:53:B3: .
   MainThread:15:30:32.069 scanner.py                                117 DEBUG    | Received C4:1F:F3:75:53:B3: .
   MainThread:15:30:32.071 scanner.py                                117 DEBUG    | Received 60:38:D4:FB:82:B4: .
   MainThread:15:30:32.072 scanner.py                                117 DEBUG    | Received 0F:20:0B:B0:53:41: .
   MainThread:15:30:32.178 scanner.py                                117 DEBUG    | Received DB:3B:46:FE:CB:23: .
   MainThread:15:30:32.180 scanner.py                                117 DEBUG    | Received 0F:20:0B:B0:53:41: .
   MainThread:15:30:32.189 scanner.py                                117 DEBUG    | Received 7C:59:88:9E:7A:13: .
   MainThread:15:30:32.193 scanner.py                                117 DEBUG    | Received 7C:59:88:9E:7A:13: .
   MainThread:15:30:32.198 scanner.py                                117 DEBUG    | Received 76:C7:BF:5C:0B:86: .
   MainThread:15:30:32.199 scanner.py                                117 DEBUG    | Received 76:C7:BF:5C:0B:86: .
   MainThread:15:30:32.308 scanner.py                                117 DEBUG    | Received 73:8A:48:B2:2E:6B: .
   MainThread:15:30:32.309 scanner.py                                117 DEBUG    | Received 73:8A:48:B2:2E:6B: .
   MainThread:15:30:32.311 scanner.py                                117 DEBUG    | Received 72:90:79:86:59:BD: .
   MainThread:15:30:32.312 scanner.py                                117 DEBUG    | Received 72:90:79:86:59:BD: JBL Tune Flex 2-LE.
   MainThread:15:30:32.415 scanner.py                                117 DEBUG    | Received F9:57:92:8B:F4:39: .
   MainThread:15:30:32.417 scanner.py                                117 DEBUG    | Received F9:57:92:8B:F4:39: .
   MainThread:15:30:32.421 scanner.py                                117 DEBUG    | Received 13:52:77:82:ED:25: .
   MainThread:15:30:32.422 scanner.py                                117 DEBUG    | Received 13:52:77:82:ED:25: .
   MainThread:15:30:32.431 scanner.py                                117 DEBUG    | Received 04:33:5E:FE:3A:E7: .
   MainThread:15:30:32.532 scanner.py                                117 DEBUG    | Received FE:5D:58:42:68:D4: .
   MainThread:15:30:32.533 scanner.py                                117 DEBUG    | Received FE:5D:58:42:68:D4: .
   MainThread:15:30:32.535 scanner.py                                117 DEBUG    | Received 04:33:5E:FE:3A:E7: .
   MainThread:15:30:32.538 scanner.py                                117 DEBUG    | Received 7C:1E:A7:2B:52:70: .
   MainThread:15:30:32.542 scanner.py                                117 DEBUG    | Received 7E:60:6A:96:37:0B: .
   MainThread:15:30:32.543 scanner.py                                117 DEBUG    | Received 7E:60:6A:96:37:0B: .
   MainThread:15:30:32.550 scanner.py                                117 DEBUG    | Received EF:CD:00:F6:D4:30: .
   MainThread:15:30:32.657 scanner.py                                117 DEBUG    | Received 6D:CC:78:78:5B:C7: .
   MainThread:15:30:32.661 scanner.py                                117 DEBUG    | Received 6D:CC:78:78:5B:C7: .
   MainThread:15:30:32.664 scanner.py                                117 DEBUG    | Received 7A:B4:C4:CA:8B:B9: .
   MainThread:15:30:32.668 scanner.py                                117 DEBUG    | Received 7A:B4:C4:CA:8B:B9: .
   MainThread:15:30:32.670 scanner.py                                117 DEBUG    | Received 7C:C3:84:38:18:49: .
   MainThread:15:30:32.673 scanner.py                                117 DEBUG    | Received CC:8D:1F:D9:70:FB: .
   MainThread:15:30:32.676 scanner.py                                117 DEBUG    | Received CC:8D:1F:D9:70:FB: .
   MainThread:15:30:32.781 scanner.py                                117 DEBUG    | Received 62:2A:83:44:56:E9: .
   MainThread:15:30:32.785 scanner.py                                117 DEBUG    | Received 62:2A:83:44:56:E9: .
   MainThread:15:30:32.893 scanner.py                                117 DEBUG    | Received F5:AD:91:09:81:E2: .
   MainThread:15:30:32.899 scanner.py                                117 DEBUG    | Received 7B:C1:8E:38:B1:AC: .
   MainThread:15:30:32.905 scanner.py                                117 DEBUG    | Received 20:B3:48:31:53:FB: .
   MainThread:15:30:32.910 scanner.py                                117 DEBUG    | Received 60:38:D4:FB:82:B4: .
   MainThread:15:30:32.914 scanner.py                                117 DEBUG    | Received 60:38:D4:FB:82:B4: .
   MainThread:15:30:32.919 scanner.py                                117 DEBUG    | Received CC:8D:1F:D9:70:FB: .
   MainThread:15:30:32.922 scanner.py                                117 DEBUG    | Received CC:8D:1F:D9:70:FB: .
   MainThread:15:30:32.924 scanner.py                                117 DEBUG    | Received 6D:59:CF:B0:4D:2B: .
   MainThread:15:30:32.926 scanner.py                                117 DEBUG    | Received 6D:59:CF:B0:4D:2B: .
   MainThread:15:30:33.009 scanner.py                                117 DEBUG    | Received 20:B3:48:31:53:FB: .
   MainThread:15:30:33.015 scanner.py                                117 DEBUG    | Received 0F:20:0B:B0:53:41: .
   MainThread:15:30:33.021 scanner.py                                117 DEBUG    | Received 76:C7:BF:5C:0B:86: .
   MainThread:15:30:33.027 scanner.py                                117 DEBUG    | Received 7A:B4:C4:CA:8B:B9: .
   MainThread:15:30:33.031 scanner.py                                117 DEBUG    | Received 7A:B4:C4:CA:8B:B9: .
   MainThread:15:30:33.139 scanner.py                                117 DEBUG    | Received DB:3B:46:FE:CB:23: .
   MainThread:15:30:33.145 scanner.py                                117 DEBUG    | Received 73:8A:48:B2:2E:6B: .
   MainThread:15:30:33.147 scanner.py                                117 DEBUG    | Received 73:8A:48:B2:2E:6B: .
   MainThread:15:30:33.149 scanner.py                                117 DEBUG    | Received 62:2A:83:44:56:E9: .
   MainThread:15:30:33.150 scanner.py                                117 DEBUG    | Received 62:2A:83:44:56:E9: .
   MainThread:15:30:33.258 scanner.py                                117 DEBUG    | Received 6D:59:CF:B0:4D:2B: .
   MainThread:15:30:33.259 scanner.py                                117 DEBUG    | Received 6D:59:CF:B0:4D:2B: .
   MainThread:15:30:33.264 scanner.py                                117 DEBUG    | Received 7B:C1:8E:38:B1:AC: .
   MainThread:15:30:33.266 scanner.py                                117 DEBUG    | Received 04:33:5E:FE:3A:E7: .
   MainThread:15:30:33.270 scanner.py                                117 DEBUG    | Received C1:EF:35:43:D4:B7: .
   MainThread:15:30:33.277 scanner.py                                117 DEBUG    | Received 7C:1E:A7:2B:52:70: .
   MainThread:15:30:33.278 scanner.py                                117 DEBUG    | Received 13:52:77:82:ED:25: .
   MainThread:15:30:33.279 scanner.py                                117 DEBUG    | Received 13:52:77:82:ED:25: .
   MainThread:15:30:33.370 scanner.py                                117 DEBUG    | Received E3:2F:9E:FC:47:01: .
   MainThread:15:30:33.371 scanner.py                                117 DEBUG    | Received 04:33:5E:FE:3A:E7: .
   MainThread:15:30:33.373 scanner.py                                117 DEBUG    | Received DC:23:4D:86:DA:BD: .
   MainThread:15:30:33.374 scanner.py                                117 DEBUG    | Received DC:23:4D:86:DA:BD: .
   MainThread:15:30:33.406 scanner.py                                117 DEBUG    | Received 7A:B4:C4:CA:8B:B9: .
   MainThread:15:30:33.406 scanner.py                                117 DEBUG    | Received 7A:B4:C4:CA:8B:B9: .
   MainThread:15:30:33.415 scanner.py                                117 DEBUG    | Received CC:8D:1F:D9:70:FB: .
   MainThread:15:30:33.416 scanner.py                                117 DEBUG    | Received CC:8D:1F:D9:70:FB: .
   MainThread:15:30:33.476 scanner.py                                117 DEBUG    | Received 6D:CC:78:78:5B:C7: .
   MainThread:15:30:33.477 scanner.py                                117 DEBUG    | Received 6D:CC:78:78:5B:C7: .
   MainThread:15:30:33.478 scanner.py                                117 DEBUG    | Received CF:74:2B:4C:C0:EA: .
   MainThread:15:30:33.480 scanner.py                                117 DEBUG    | Received CF:74:2B:4C:C0:EA: .
   MainThread:15:30:33.482 scanner.py                                117 DEBUG    | Received 54:D6:68:2B:1D:DA: Jabra Evolve2 65.
   MainThread:15:30:33.483 scanner.py                                117 DEBUG    | Received 54:D6:68:2B:1D:DA: .
   MainThread:15:30:33.495 scanner.py                                117 DEBUG    | Received 7C:59:88:9E:7A:13: .
   MainThread:15:30:33.496 scanner.py                                117 DEBUG    | Received 7C:59:88:9E:7A:13: .
   MainThread:15:30:33.594 scanner.py                                117 DEBUG    | Received 7A:B4:C4:CA:8B:B9: .
   MainThread:15:30:33.600 scanner.py                                117 DEBUG    | Received 7A:B4:C4:CA:8B:B9: .
   MainThread:15:30:33.606 scanner.py                                117 DEBUG    | Received DB:3B:46:FE:CB:23: .
   MainThread:15:30:33.726 scanner.py                                117 DEBUG    | Received DC:23:4D:86:DA:BD: .
   MainThread:15:30:33.728 scanner.py                                117 DEBUG    | Received DC:23:4D:86:DA:BD: .
   MainThread:15:30:33.730 scanner.py                                117 DEBUG    | Received 20:B3:48:31:53:FB: .
   MainThread:15:30:33.833 scanner.py                                117 DEBUG    | Received 72:90:79:86:59:BD: .
   MainThread:15:30:33.837 scanner.py                                117 DEBUG    | Received 72:90:79:86:59:BD: JBL Tune Flex 2-LE.
   MainThread:15:30:33.838 scanner.py                                117 DEBUG    | Received 7B:C1:8E:38:B1:AC: .
   MainThread:15:30:33.839 scanner.py                                117 DEBUG    | Received 20:B3:48:31:53:FB: .
   MainThread:15:30:33.848 scanner.py                                117 DEBUG    | Received 6D:59:CF:B0:4D:2B: .
   MainThread:15:30:33.849 scanner.py                                117 DEBUG    | Received 6D:59:CF:B0:4D:2B: .
   MainThread:15:30:33.950 scanner.py                                117 DEBUG    | Received 20:B3:48:31:53:FB: .
   MainThread:15:30:33.955 scanner.py                                117 DEBUG    | Received 0F:20:0B:B0:53:41: .
   MainThread:15:30:33.960 scanner.py                                117 DEBUG    | Received 73:8A:48:B2:2E:6B: .
   MainThread:15:30:34.078 scanner.py                                117 DEBUG    | Received C4:1F:F3:75:53:B3: .
   MainThread:15:30:34.081 scanner.py                                117 DEBUG    | Received C4:1F:F3:75:53:B3: .
   MainThread:15:30:34.084 scanner.py                                117 DEBUG    | Received 6D:59:CF:B0:4D:2B: .
   MainThread:15:30:34.088 scanner.py                                117 DEBUG    | Received 6D:59:CF:B0:4D:2B: .
   MainThread:15:30:34.091 scanner.py                                117 DEBUG    | Received DB:3B:46:FE:CB:23: .
   MainThread:15:30:34.198 scanner.py                                117 DEBUG    | Received 7E:60:6A:96:37:0B: .
   MainThread:15:30:34.199 scanner.py                                117 DEBUG    | Received 7E:60:6A:96:37:0B: .
   MainThread:15:30:34.201 scanner.py                                117 DEBUG    | Received FC:57:10:BC:8E:6E: .
   MainThread:15:30:34.204 scanner.py                                117 DEBUG    | Received 7C:1E:A7:2B:52:70: .
   MainThread:15:30:34.205 scanner.py                                117 DEBUG    | Received 4A:3C:2A:2F:7B:85: .
   MainThread:15:30:34.208 scanner.py                                117 DEBUG    | Received 7F:A5:5C:58:58:3C: .
   MainThread:15:30:34.210 scanner.py                                117 DEBUG    | Received 7F:A5:5C:58:58:3C: .
   MainThread:15:30:34.310 scanner.py                                117 DEBUG    | Received 6D:CC:78:78:5B:C7: .
   MainThread:15:30:34.315 scanner.py                                117 DEBUG    | Received 6D:CC:78:78:5B:C7: .
   MainThread:15:30:34.322 scanner.py                                117 DEBUG    | Received 47:2D:07:63:58:96: .
   MainThread:15:30:34.323 scanner.py                                117 DEBUG    | Received 47:2D:07:63:58:96: .
   MainThread:15:30:34.326 scanner.py                                117 DEBUG    | Received 7C:C3:84:38:18:49: .
   MainThread:15:30:34.427 scanner.py                                117 DEBUG    | Received 6D:59:CF:B0:4D:2B: .
   MainThread:15:30:34.428 scanner.py                                117 DEBUG    | Received 13:52:77:82:ED:25: .
   MainThread:15:30:34.429 scanner.py                                117 DEBUG    | Received 13:52:77:82:ED:25: .
   MainThread:15:30:34.431 scanner.py                                117 DEBUG    | Received 7C:59:88:9E:7A:13: .
   MainThread:15:30:34.432 scanner.py                                117 DEBUG    | Received F9:57:92:8B:F4:39: .
   MainThread:15:30:34.434 scanner.py                                117 DEBUG    | Received F9:57:92:8B:F4:39: .
   MainThread:15:30:34.440 scanner.py                                117 DEBUG    | Received CC:8D:1F:D9:70:FB: .
   MainThread:15:30:34.441 scanner.py                                117 DEBUG    | Received CC:8D:1F:D9:70:FB: .
   MainThread:15:30:34.445 scanner.py                                117 DEBUG    | Received 72:90:79:86:59:BD: .
   MainThread:15:30:34.446 scanner.py                                117 DEBUG    | Received 72:90:79:86:59:BD: JBL Tune Flex 2-LE.
   MainThread:15:30:34.447 scanner.py                                117 DEBUG    | Received 62:2A:83:44:56:E9: .
   MainThread:15:30:34.448 scanner.py                                117 DEBUG    | Received 62:2A:83:44:56:E9: .
   MainThread:15:30:34.553 scanner.py                                117 DEBUG    | Received EF:CD:00:F6:D4:30: .
   MainThread:15:30:34.563 scanner.py                                117 DEBUG    | Received DB:3B:46:FE:CB:23: .
   MainThread:15:30:34.565 scanner.py                                117 DEBUG    | Received 6D:59:CF:B0:4D:2B: .
   MainThread:15:30:34.567 scanner.py                                117 DEBUG    | Received 6D:59:CF:B0:4D:2B: .
   MainThread:15:30:34.690 scanner.py                                117 DEBUG    | Received 7C:C3:84:38:18:49: .
   MainThread:15:30:34.698 scanner.py                                117 DEBUG    | Received 6D:59:CF:B0:4D:2B: .
   MainThread:15:30:34.704 scanner.py                                117 DEBUG    | Received CC:8D:1F:D9:70:FB: .
   MainThread:15:30:34.707 scanner.py                                117 DEBUG    | Received CC:8D:1F:D9:70:FB: .
   MainThread:15:30:34.709 scanner.py                                117 DEBUG    | Received 20:B3:48:31:53:FB: .
   MainThread:15:30:34.780 scanner.py                                117 DEBUG    | Received 73:8A:48:B2:2E:6B: .
   MainThread:15:30:34.784 scanner.py                                117 DEBUG    | Received 73:8A:48:B2:2E:6B: .
   MainThread:15:30:34.786 scanner.py                                117 DEBUG    | Received 72:90:79:86:59:BD: .
   MainThread:15:30:34.788 scanner.py                                117 DEBUG    | Received 72:90:79:86:59:BD: JBL Tune Flex 2-LE.
   MainThread:15:30:34.791 scanner.py                                117 DEBUG    | Received 6D:59:CF:B0:4D:2B: .
   MainThread:15:30:34.792 scanner.py                                117 DEBUG    | Received 6D:59:CF:B0:4D:2B: .
   MainThread:15:30:34.794 scanner.py                                117 DEBUG    | Received 7C:59:88:9E:7A:13: .
   MainThread:15:30:34.795 scanner.py                                117 DEBUG    | Received 7C:59:88:9E:7A:13: .
   MainThread:15:30:34.902 scanner.py                                117 DEBUG    | Received 6D:59:CF:B0:4D:2B: .
   MainThread:15:30:34.908 scanner.py                                117 DEBUG    | Received 6D:59:CF:B0:4D:2B: .
   MainThread:15:30:34.912 scanner.py                                117 DEBUG    | Received F5:AD:91:09:81:E2: .
   MainThread:15:30:34.913 scanner.py                                117 DEBUG    | Received 20:B3:48:31:53:FB: .
   MainThread:15:30:34.915 scanner.py                                117 DEBUG    | Received 7A:B4:C4:CA:8B:B9: .
   MainThread:15:30:34.916 scanner.py                                117 DEBUG    | Received 7A:B4:C4:CA:8B:B9: .
   MainThread:15:30:35.031 scanner.py                                117 DEBUG    | Received 62:2A:83:44:56:E9: .
   MainThread:15:30:35.035 scanner.py                                117 DEBUG    | Received 62:2A:83:44:56:E9: .
   MainThread:15:30:35.037 scanner.py                                117 DEBUG    | Received 4A:3C:2A:2F:7B:85: .
   MainThread:15:30:35.039 scanner.py                                117 DEBUG    | Received 7E:60:6A:96:37:0B: .
   MainThread:15:30:35.040 scanner.py                                117 DEBUG    | Received 7E:60:6A:96:37:0B: .
   MainThread:15:30:35.041 scanner.py                                117 DEBUG    | Received E3:35:D2:AA:5E:75: .
   MainThread:15:30:35.044 scanner.py                                117 DEBUG    | Received E3:35:D2:AA:5E:75: .
   MainThread:15:30:35.139 scanner.py                                117 DEBUG    | Received DC:23:4D:86:DA:B5: .
   MainThread:15:30:35.142 scanner.py                                117 DEBUG    | Received DC:23:4D:86:DA:B5: .
   MainThread:15:30:35.145 scanner.py                                117 DEBUG    | Received 6D:59:CF:B0:4D:2B: .
   MainThread:15:30:35.147 scanner.py                                117 DEBUG    | Received 6D:59:CF:B0:4D:2B: .
   MainThread:15:30:35.281 scanner.py                                117 DEBUG    | Received C1:EF:35:43:D4:B7: .
   MainThread:15:30:35.290 scanner.py                                117 DEBUG    | Received 72:90:79:86:59:BD: .
   MainThread:15:30:35.295 scanner.py                                117 DEBUG    | Received 72:90:79:86:59:BD: JBL Tune Flex 2-LE.
   MainThread:15:30:35.302 scanner.py                                117 DEBUG    | Received 7A:B4:C4:CA:8B:B9: .
   MainThread:15:30:35.304 scanner.py                                117 DEBUG    | Received 7A:B4:C4:CA:8B:B9: .
   MainThread:15:30:35.307 scanner.py                                117 DEBUG    | Received 13:52:77:82:ED:25: .
   MainThread:15:30:35.310 scanner.py                                117 DEBUG    | Received 13:52:77:82:ED:25: .
   MainThread:15:30:35.373 scanner.py                                117 DEBUG    | Received E3:2F:9E:FC:47:01: .
   MainThread:15:30:35.386 scanner.py                                117 DEBUG    | Received 54:D6:68:2B:1D:DA: Jabra Evolve2 65.
   MainThread:15:30:35.388 scanner.py                                117 DEBUG    | Received 54:D6:68:2B:1D:DA: .
   MainThread:15:30:35.495 scanner.py                                117 DEBUG    | Received 72:90:79:86:59:BD: .
   MainThread:15:30:35.506 scanner.py                                117 DEBUG    | Received 72:90:79:86:59:BD: JBL Tune Flex 2-LE.
   MainThread:15:30:35.512 scanner.py                                117 DEBUG    | Received 76:C7:BF:5C:0B:86: .
   MainThread:15:30:35.514 scanner.py                                117 DEBUG    | Received 76:C7:BF:5C:0B:86: .
   MainThread:15:30:35.516 scanner.py                                117 DEBUG    | Received 7C:1E:A7:2B:52:70: .
   MainThread:15:30:35.519 scanner.py                                117 DEBUG    | Received CF:74:2B:4C:C0:EA: .
   MainThread:15:30:35.522 scanner.py                                117 DEBUG    | Received DB:3B:46:FE:CB:23: .
   MainThread:15:30:35.525 scanner.py                                117 DEBUG    | Received C4:B4:EE:45:07:4D: .
   MainThread:15:30:35.605 scanner.py                                117 DEBUG    | Received 72:90:79:86:59:BD: .
   MainThread:15:30:35.606 scanner.py                                117 DEBUG    | Received 72:90:79:86:59:BD: JBL Tune Flex 2-LE.
   MainThread:15:30:35.614 scanner.py                                117 DEBUG    | Received 7C:C3:84:38:18:49: .
   MainThread:15:30:35.730 scanner.py                                117 DEBUG    | Received 0F:20:0B:B0:53:41: .
   MainThread:15:30:35.740 scanner.py                                117 DEBUG    | Received 7C:59:88:9E:7A:13: .
   MainThread:15:30:35.743 scanner.py                                117 DEBUG    | Received 7C:59:88:9E:7A:13: .
   MainThread:15:30:35.746 scanner.py                                117 DEBUG    | Received 20:B3:48:31:53:FB: .
   MainThread:15:30:35.842 scanner.py                                117 DEBUG    | Received 20:B3:48:31:53:FB: .
   MainThread:15:30:35.851 scanner.py                                117 DEBUG    | Received 7A:B4:C4:CA:8B:B9: .
   MainThread:15:30:35.854 scanner.py                                117 DEBUG    | Received 7A:B4:C4:CA:8B:B9: .
   MainThread:15:30:35.857 scanner.py                                117 DEBUG    | Received 00:00:00:00:00:00: .
   MainThread:15:30:35.860 scanner.py                                117 DEBUG    | Received 7E:60:6A:96:37:0B: .
   MainThread:15:30:35.860 scanner.py                                117 DEBUG    | Received 7E:60:6A:96:37:0B: .
   MainThread:15:30:35.861 scanner.py                                117 DEBUG    | Received 13:52:77:82:ED:25: .
   MainThread:15:30:35.863 scanner.py                                117 DEBUG    | Received 13:52:77:82:ED:25: .
   MainThread:15:30:35.981 scanner.py                                117 DEBUG    | Received 62:2A:83:44:56:E9: .
   MainThread:15:30:35.989 scanner.py                                117 DEBUG    | Received 62:2A:83:44:56:E9: .
   MainThread:15:30:35.994 scanner.py                                117 DEBUG    | Received 04:33:5E:FE:3A:E7: .
   MainThread:15:30:36.079 scanner.py                                117 DEBUG    | Received C4:1F:F3:75:53:B3: .
   MainThread:15:30:36.084 scanner.py                                117 DEBUG    | Received C4:1F:F3:75:53:B3: .
   MainThread:15:30:36.088 scanner.py                                117 DEBUG    | Received 04:33:5E:FE:3A:E7: .
   MainThread:15:30:36.091 scanner.py                                117 DEBUG    | Received 28:AF:42:27:F0:5B: .
   MainThread:15:30:36.093 scanner.py                                117 DEBUG    | Received 28:AF:42:27:F0:5B: 75" Crystal UHD.
   MainThread:15:30:36.095 scanner.py                                117 DEBUG    | Received 72:90:79:86:59:BD: .
   MainThread:15:30:36.096 scanner.py                                117 DEBUG    | Received 72:90:79:86:59:BD: JBL Tune Flex 2-LE.
   MainThread:15:30:36.206 scanner.py                                117 DEBUG    | Received FC:57:10:BC:8E:6E: .
   MainThread:15:30:36.211 scanner.py                                117 DEBUG    | Received 60:38:D4:FB:82:B4: .
   MainThread:15:30:36.214 scanner.py                                117 DEBUG    | Received 60:38:D4:FB:82:B4: .
   MainThread:15:30:36.321 scanner.py                                117 DEBUG    | Received 54:D6:68:2B:1D:DA: Jabra Evolve2 65.
   MainThread:15:30:36.324 scanner.py                                117 DEBUG    | Received 54:D6:68:2B:1D:DA: .
   MainThread:15:30:36.330 scanner.py                                117 DEBUG    | Received 76:C7:BF:5C:0B:86: .
   MainThread:15:30:36.333 scanner.py                                117 DEBUG    | Received 76:C7:BF:5C:0B:86: .
   MainThread:15:30:36.435 scanner.py                                117 DEBUG    | Received 7C:1E:A7:2B:52:70: .
   MainThread:15:30:36.550 scanner.py                                117 DEBUG    | Received 7C:C3:84:38:18:49: .
   MainThread:15:30:36.560 scanner.py                                117 DEBUG    | Received EF:CD:00:F6:D4:30: .
   MainThread:15:30:36.678 scanner.py                                117 DEBUG    | Received 7C:59:88:9E:7A:13: .
   MainThread:15:30:36.680 scanner.py                                117 DEBUG    | Received 7C:59:88:9E:7A:13: .
   MainThread:15:30:36.685 scanner.py                                117 DEBUG    | Received 20:B3:48:31:53:FB: .
   MainThread:15:30:36.688 scanner.py                                117 DEBUG    | Received 4A:3C:2A:2F:7B:85: .
   MainThread:15:30:36.688 scanner.py                                117 DEBUG    | Received 4A:3C:2A:2F:7B:85: .
   MainThread:15:30:36.689 scanner.py                                117 DEBUG    | Received DC:23:4D:86:DA:BD: .
   MainThread:15:30:36.691 scanner.py                                117 DEBUG    | Received DC:23:4D:86:DA:BD: .
   MainThread:15:30:36.785 scanner.py                                117 DEBUG    | Received 7A:B4:C4:CA:8B:B9: .
   MainThread:15:30:36.786 scanner.py                                117 DEBUG    | Received 7A:B4:C4:CA:8B:B9: .
   MainThread:15:30:36.939 scanner.py                                117 DEBUG    | Received DB:3B:46:FE:CB:23: .
   MainThread:15:30:37.018 scanner.py                                117 DEBUG    | Received CF:74:2B:4C:C0:EA: .
   MainThread:15:30:37.020 scanner.py                                117 DEBUG    | Received CF:74:2B:4C:C0:EA: .
   MainThread:15:30:37.021 scanner.py                                117 DEBUG    | Received 04:33:5E:FE:3A:E7: .
   MainThread:15:30:37.031 scanner.py                                117 DEBUG    | Received 60:38:D4:FB:82:B4: .
   MainThread:15:30:37.032 scanner.py                                117 DEBUG    | Received 60:38:D4:FB:82:B4: .
   MainThread:15:30:37.147 scanner.py                                117 DEBUG    | Received 6D:59:CF:B0:4D:2B: .
   MainThread:15:30:37.148 scanner.py                                117 DEBUG    | Received 6D:59:CF:B0:4D:2B: .
   MainThread:15:30:37.155 scanner.py                                117 DEBUG    | Received 72:90:79:86:59:BD: .
   MainThread:15:30:37.157 scanner.py                                117 DEBUG    | Received 72:90:79:86:59:BD: JBL Tune Flex 2-LE.
   MainThread:15:30:37.263 scanner.py                                117 DEBUG    | Received 54:D6:68:2B:1D:DA: Jabra Evolve2 65.
   MainThread:15:30:37.266 scanner.py                                117 DEBUG    | Received 54:D6:68:2B:1D:DA: .
   MainThread:15:30:37.269 scanner.py                                117 DEBUG    | Received DC:23:4D:86:DA:B5: .
   MainThread:15:30:37.272 scanner.py                                117 DEBUG    | Received 62:2A:83:44:56:E9: .
   MainThread:15:30:37.278 scanner.py                                117 DEBUG    | Received 62:2A:83:44:56:E9: .
   MainThread:15:30:37.374 scanner.py                                117 DEBUG    | Received DC:23:4D:86:DA:BD: .
   MainThread:15:30:37.376 scanner.py                                117 DEBUG    | Received DC:23:4D:86:DA:BD: .
   MainThread:15:30:37.378 scanner.py                                117 DEBUG    | Received E3:2F:9E:FC:47:01: .
   MainThread:15:30:37.507 scanner.py                                117 DEBUG    | Received 4A:3C:2A:2F:7B:85: .
   MainThread:15:30:37.508 scanner.py                                117 DEBUG    | Received 4A:3C:2A:2F:7B:85: .
   MainThread:15:30:37.510 scanner.py                                117 DEBUG    | Received 7E:60:6A:96:37:0B: .
   MainThread:15:30:37.511 scanner.py                                117 DEBUG    | Received 7E:60:6A:96:37:0B: .
   MainThread:15:30:37.513 scanner.py                                117 DEBUG    | Received C4:B4:EE:45:07:4D: .
   MainThread:15:30:37.620 scanner.py                                117 DEBUG    | Received 28:AF:42:27:F0:5B: .
   MainThread:15:30:37.628 scanner.py                                117 DEBUG    | Received 28:AF:42:27:F0:5B: 75" Crystal UHD.
   MainThread:15:30:37.632 scanner.py                                117 DEBUG    | Received 0F:20:0B:B0:53:41: .
   MainThread:15:30:37.634 scanner.py                                117 DEBUG    | Received 20:B3:48:31:53:FB: .
   MainThread:15:30:37.738 scanner.py                                117 DEBUG    | Received 72:90:79:86:59:BD: .
   MainThread:15:30:37.741 scanner.py                                117 DEBUG    | Received 72:90:79:86:59:BD: JBL Tune Flex 2-LE.
   MainThread:15:30:37.744 scanner.py                                117 DEBUG    | Received 20:B3:48:31:53:FB: .
   MainThread:15:30:37.859 scanner.py                                117 DEBUG    | Received 04:33:5E:FE:3A:E7: .
   MainThread:15:30:37.863 scanner.py                                117 DEBUG    | Received 00:A4:1C:FD:C6:D8: .
   MainThread:15:30:37.868 scanner.py                                117 DEBUG    | Received 00:A4:1C:FD:C6:D8: WH-CH720N.
   MainThread:15:30:37.872 scanner.py                                117 DEBUG    | Received 13:52:77:82:ED:25: .
   MainThread:15:30:37.875 scanner.py                                117 DEBUG    | Received 13:52:77:82:ED:25: .
   MainThread:15:30:37.965 scanner.py                                117 DEBUG    | Received 04:33:5E:FE:3A:E7: .
   MainThread:15:30:37.981 scanner.py                                117 DEBUG    | Received 72:90:79:86:59:BD: .
   MainThread:15:30:37.982 scanner.py                                117 DEBUG    | Received 72:90:79:86:59:BD: JBL Tune Flex 2-LE.
   MainThread:15:30:38.085 scanner.py                                117 DEBUG    | Received C4:1F:F3:75:53:B3: .
   MainThread:15:30:38.088 scanner.py                                117 DEBUG    | Received C4:1F:F3:75:53:B3: .
   MainThread:15:30:38.094 scanner.py                                117 DEBUG    | Received 7A:B4:C4:CA:8B:B9: .
   MainThread:15:30:38.096 scanner.py                                117 DEBUG    | Received 7A:B4:C4:CA:8B:B9: .
   MainThread:15:30:38.200 scanner.py                                117 DEBUG    | Received DB:3B:46:FE:CB:23: .
   MainThread:15:30:38.203 scanner.py                                117 DEBUG    | Received 54:D6:68:2B:1D:DA: Jabra Evolve2 65.
   MainThread:15:30:38.204 scanner.py                                117 DEBUG    | Received 54:D6:68:2B:1D:DA: .
   MainThread:15:30:38.207 scanner.py                                117 DEBUG    | Received 62:2A:83:44:56:E9: .
   MainThread:15:30:38.209 scanner.py                                117 DEBUG    | Received 62:2A:83:44:56:E9: .
   MainThread:15:30:38.211 scanner.py                                117 DEBUG    | Received DC:23:4D:86:DA:BD: .
   MainThread:15:30:38.224 scanner.py                                117 DEBUG    | Received 72:90:79:86:59:BD: .
   MainThread:15:30:38.225 scanner.py                                117 DEBUG    | Received 72:90:79:86:59:BD: JBL Tune Flex 2-LE.
   MainThread:15:30:38.336 scanner.py                                117 DEBUG    | Received 7E:60:6A:96:37:0B: .
   MainThread:15:30:38.338 scanner.py                                117 DEBUG    | Received 7E:60:6A:96:37:0B: .
   MainThread:15:30:38.472 scanner.py                                117 DEBUG    | Received F9:57:92:8B:F4:39: .
   MainThread:15:30:38.473 scanner.py                                117 DEBUG    | Received F9:57:92:8B:F4:39: .
   MainThread:15:30:38.474 scanner.py                                117 DEBUG    | Received 72:90:79:86:59:BD: .
   MainThread:15:30:38.476 scanner.py                                117 DEBUG    | Received 72:90:79:86:59:BD: JBL Tune Flex 2-LE.
   MainThread:15:30:38.478 scanner.py                                117 DEBUG    | Received D9:5C:9E:27:5F:F2: .
   MainThread:15:30:38.556 scanner.py                                117 DEBUG    | Received 72:90:79:86:59:BD: .
   MainThread:15:30:38.563 scanner.py                                117 DEBUG    | Received EF:CD:00:F6:D4:30: .
   MainThread:15:30:38.672 scanner.py                                117 DEBUG    | Received 54:D6:68:2B:1D:DA: Jabra Evolve2 65.
   MainThread:15:30:38.673 scanner.py                                117 DEBUG    | Received 54:D6:68:2B:1D:DA: .
   MainThread:15:30:38.691 scanner.py                                117 DEBUG    | Received 60:38:D4:FB:82:B4: .
   MainThread:15:30:38.692 scanner.py                                117 DEBUG    | Received 60:38:D4:FB:82:B4: .
   MainThread:15:30:38.693 scanner.py                                117 DEBUG    | Received 04:33:5E:FE:3A:E7: .
   MainThread:15:30:38.805 scanner.py                                117 DEBUG    | Received 72:90:79:86:59:BD: .
   MainThread:15:30:38.806 scanner.py                                117 DEBUG    | Received 72:90:79:86:59:BD: JBL Tune Flex 2-LE.
   MainThread:15:30:38.814 scanner.py                                117 DEBUG    | Received 6D:59:CF:B0:4D:2B: .
   MainThread:15:30:38.814 scanner.py                                117 DEBUG    | Received 6D:59:CF:B0:4D:2B: .
   MainThread:15:30:38.817 scanner.py                                117 DEBUG    | Received 76:C7:BF:5C:0B:86: .
   MainThread:15:30:38.818 scanner.py                                117 DEBUG    | Received 76:C7:BF:5C:0B:86: .
   MainThread:15:30:38.821 scanner.py                                117 DEBUG    | Received DB:3B:46:FE:CB:23: .
   MainThread:15:30:38.909 scanner.py                                117 DEBUG    | Received 20:B3:48:31:53:FB: .
   MainThread:15:30:38.928 scanner.py                                117 DEBUG    | Received 7C:59:88:9E:7A:13: .
   MainThread:15:30:38.930 scanner.py                                117 DEBUG    | Received 7C:59:88:9E:7A:13: .
   MainThread:15:30:39.032 scanner.py                                117 DEBUG    | Received 7A:B4:C4:CA:8B:B9: .
   MainThread:15:30:39.034 scanner.py                                117 DEBUG    | Received 7A:B4:C4:CA:8B:B9: .
   MainThread:15:30:39.036 scanner.py                                117 DEBUG    | Received 7C:1E:A7:2B:52:70: .
   MainThread:15:30:39.040 scanner.py                                117 DEBUG    | Received CF:74:2B:4C:C0:EA: .
   MainThread:15:30:39.043 scanner.py                                117 DEBUG    | Received CF:74:2B:4C:C0:EA: .
   MainThread:15:30:39.045 scanner.py                                117 DEBUG    | Received 7B:C1:8E:38:B1:AC: .
   MainThread:15:30:39.048 scanner.py                                117 DEBUG    | Received E3:35:D2:AA:5E:75: .
   MainThread:15:30:39.147 scanner.py                                117 DEBUG    | Received 62:2A:83:44:56:E9: .
   MainThread:15:30:39.150 scanner.py                                117 DEBUG    | Received 62:2A:83:44:56:E9: .
   MainThread:15:30:39.156 scanner.py                                117 DEBUG    | Received 72:90:79:86:59:BD: .
   MainThread:15:30:39.156 scanner.py                                117 DEBUG    | Received 72:90:79:86:59:BD: JBL Tune Flex 2-LE.
   MainThread:15:30:39.165 scanner.py                                117 DEBUG    | Received 7E:60:6A:96:37:0B: .
   MainThread:15:30:39.165 scanner.py                                117 DEBUG    | Received 7E:60:6A:96:37:0B: .
   MainThread:15:30:39.167 scanner.py                                117 DEBUG    | Received 0F:20:0B:B0:53:41: .
   MainThread:15:30:39.264 scanner.py                                117 DEBUG    | Received 6D:CC:78:78:5B:C7: .
   MainThread:15:30:39.264 scanner.py                                117 DEBUG    | Received 6D:CC:78:78:5B:C7: .
   MainThread:15:30:39.267 scanner.py                                117 DEBUG    | Received 0F:20:0B:B0:53:41: .
   MainThread:15:30:39.389 scanner.py                                117 DEBUG    | Received E3:2F:9E:FC:47:01: .
   MainThread:15:30:39.504 scanner.py                                117 DEBUG    | Received 60:38:D4:FB:82:B4: .
   MainThread:15:30:39.505 scanner.py                                117 DEBUG    | Received 60:38:D4:FB:82:B4: .
   MainThread:15:30:39.513 scanner.py                                117 DEBUG    | Received 62:2A:83:44:56:E9: .
   MainThread:15:30:39.514 scanner.py                                117 DEBUG    | Received 62:2A:83:44:56:E9: .
   MainThread:15:30:39.643 scanner.py                                117 DEBUG    | Received 04:33:5E:FE:3A:E7: .
   MainThread:15:30:39.647 scanner.py                                117 DEBUG    | Received DC:23:4D:86:DA:B5: .
   MainThread:15:30:39.649 scanner.py                                117 DEBUG    | Received DC:23:4D:86:DA:B5: .
   MainThread:15:30:39.660 scanner.py                                117 DEBUG    | Received 72:90:79:86:59:BD: .
   MainThread:15:30:39.661 scanner.py                                117 DEBUG    | Received 72:90:79:86:59:BD: JBL Tune Flex 2-LE.
   MainThread:15:30:39.748 scanner.py                                117 DEBUG    | Received 04:33:5E:FE:3A:E7: .
   MainThread:15:30:39.754 scanner.py                                117 DEBUG    | Received DB:3B:46:FE:CB:23: .
   MainThread:15:30:39.761 scanner.py                                117 DEBUG    | Received DC:23:4D:86:DA:BD: .
   MainThread:15:30:39.763 scanner.py                                117 DEBUG    | Received DC:23:4D:86:DA:BD: .
   MainThread:15:30:39.766 scanner.py                                117 DEBUG    | Received 7C:1E:A7:2B:52:70: .
   MainThread:15:30:39.857 scanner.py                                117 DEBUG    | Received 6D:59:CF:B0:4D:2B: .
   MainThread:15:30:39.859 scanner.py                                117 DEBUG    | Received 6D:59:CF:B0:4D:2B: .
   MainThread:15:30:39.860 scanner.py                                117 DEBUG    | Received 7C:59:88:9E:7A:13: .
   MainThread:15:30:39.861 scanner.py                                117 DEBUG    | Received 7C:59:88:9E:7A:13: .
   MainThread:15:30:39.863 scanner.py                                117 DEBUG    | Received 72:90:79:86:59:BD: .
   MainThread:15:30:39.866 scanner.py                                117 DEBUG    | Received 72:90:79:86:59:BD: JBL Tune Flex 2-LE.
   MainThread:15:30:39.866 scanner.py                                117 DEBUG    | Received 13:52:77:82:ED:25: .
   MainThread:15:30:39.867 scanner.py                                117 DEBUG    | Received 13:52:77:82:ED:25: .
   MainThread:15:30:39.868 scanner.py                                117 DEBUG    | Received C1:EF:35:43:D4:B7: .
   MainThread:15:30:39.984 scanner.py                                117 DEBUG    | Received 4A:3C:2A:2F:7B:85: .
   MainThread:15:30:39.986 scanner.py                                117 DEBUG    | Received 4A:3C:2A:2F:7B:85: .
   MainThread:15:30:39.989 scanner.py                                117 DEBUG    | Received DC:23:4D:86:DA:B5: .
   MainThread:15:30:39.991 scanner.py                                117 DEBUG    | Received DC:23:4D:86:DA:B5: .
   MainThread:15:30:39.993 scanner.py                                117 DEBUG    | Received 73:8A:48:B2:2E:6B: .
   MainThread:15:30:39.995 scanner.py                                117 DEBUG    | Received 73:8A:48:B2:2E:6B: .
   MainThread:15:30:39.996 scanner.py                                117 DEBUG    | Received 72:90:79:86:59:BD: .
   MainThread:15:30:39.998 scanner.py                                117 DEBUG    | Received 72:90:79:86:59:BD: JBL Tune Flex 2-LE.
   MainThread:15:30:40.000 scanner.py                                117 DEBUG    | Received 7F:A5:5C:58:58:3C: .
   MainThread:15:30:40.094 scanner.py                                117 DEBUG    | Received 7C:C3:84:38:18:49: .
   MainThread:15:30:40.105 scanner.py                                117 DEBUG    | Received 6D:59:CF:B0:4D:2B: .
   MainThread:15:30:40.215 scanner.py                                117 DEBUG    | Received 0F:20:0B:B0:53:41: .
   MainThread:15:30:40.219 scanner.py                                117 DEBUG    | Received 6D:59:CF:B0:4D:2B: .
   MainThread:15:30:40.222 scanner.py                                117 DEBUG    | Received 6D:59:CF:B0:4D:2B: .
   MainThread:15:30:40.225 scanner.py                                117 DEBUG    | Received FC:57:10:BC:8E:6E: .
   MainThread:15:30:40.227 scanner.py                                117 DEBUG    | Received DB:3B:46:FE:CB:23: .
   MainThread:15:30:40.325 scanner.py                                117 DEBUG    | Received 72:90:79:86:59:BD: .
   MainThread:15:30:40.326 scanner.py                                117 DEBUG    | Received 72:90:79:86:59:BD: JBL Tune Flex 2-LE.
   MainThread:15:30:40.333 scanner.py                                117 DEBUG    | Received 7C:1E:A7:2B:52:70: .
   MainThread:15:30:40.346 scanner.py                                117 DEBUG    | Received 7A:B4:C4:CA:8B:B9: .
   MainThread:15:30:40.347 scanner.py                                117 DEBUG    | Received 7A:B4:C4:CA:8B:B9: .
   MainThread:15:30:40.349 scanner.py                                117 DEBUG    | Received 7B:C1:8E:38:B1:AC: .
   MainThread:15:30:40.446 scanner.py                                117 DEBUG    | Received 13:52:77:82:ED:25: .
   MainThread:15:30:40.459 scanner.py                                117 DEBUG    | Received 62:2A:83:44:56:E9: .
   MainThread:15:30:40.461 scanner.py                                117 DEBUG    | Received 62:2A:83:44:56:E9: .
   MainThread:15:30:40.467 scanner.py                                117 DEBUG    | Received 76:C7:BF:5C:0B:86: .
   MainThread:15:30:40.468 scanner.py                                117 DEBUG    | Received 76:C7:BF:5C:0B:86: .
   MainThread:15:30:40.585 scanner.py                                117 DEBUG    | Received 04:33:5E:FE:3A:E7: .
   MainThread:15:30:40.588 scanner.py                                117 DEBUG    | Received 94:EC:32:1D:95:29: BG.
   MainThread:15:30:40.593 scanner.py                                117 DEBUG    | Received 60:38:D4:FB:82:B4: .
   MainThread:15:30:40.593 scanner.py                                117 DEBUG    | Received 60:38:D4:FB:82:B4: .
   MainThread:15:30:40.694 scanner.py                                117 DEBUG    | Received 6D:59:CF:B0:4D:2B: .
   MainThread:15:30:40.710 scanner.py                                117 DEBUG    | Received DB:3B:46:FE:CB:23: .
   MainThread:15:30:40.711 scanner.py                                117 DEBUG    | Received 7A:B4:C4:CA:8B:B9: .
   MainThread:15:30:40.712 scanner.py                                117 DEBUG    | Received 7A:B4:C4:CA:8B:B9: .
   MainThread:15:30:40.800 scanner.py                                117 DEBUG    | Received CC:8D:1F:D9:70:FB: .
   MainThread:15:30:40.802 scanner.py                                117 DEBUG    | Received CC:8D:1F:D9:70:FB: .
   MainThread:15:30:40.806 scanner.py                                117 DEBUG    | Received 73:8A:48:B2:2E:6B: .
   MainThread:15:30:40.808 scanner.py                                117 DEBUG    | Received 73:8A:48:B2:2E:6B: .
   MainThread:15:30:40.812 scanner.py                                117 DEBUG    | Received 7E:60:6A:96:37:0B: .
   MainThread:15:30:40.813 scanner.py                                117 DEBUG    | Received 7E:60:6A:96:37:0B: .
   MainThread:15:30:40.815 scanner.py                                117 DEBUG    | Received 00:A4:1C:FD:C6:D8: .
   MainThread:15:30:40.819 scanner.py                                117 DEBUG    | Received 00:A4:1C:FD:C6:D8: WH-CH720N.
   MainThread:15:30:40.822 scanner.py                                117 DEBUG    | Received 72:90:79:86:59:BD: .
   MainThread:15:30:40.825 scanner.py                                117 DEBUG    | Received 72:90:79:86:59:BD: JBL Tune Flex 2-LE.
   MainThread:15:30:40.828 scanner.py                                117 DEBUG    | Received 7F:A5:5C:58:58:3C: .
   MainThread:15:30:40.830 scanner.py                                117 DEBUG    | Received 7F:A5:5C:58:58:3C: .
   MainThread:15:30:41.036 scanner.py                                117 DEBUG    | Received 6D:59:CF:B0:4D:2B: .
   MainThread:15:30:41.037 scanner.py                                117 DEBUG    | Received 6D:59:CF:B0:4D:2B: .
   MainThread:15:30:41.042 scanner.py                                117 DEBUG    | Received 0F:20:0B:B0:53:41: .
   MainThread:15:30:41.051 scanner.py                                117 DEBUG    | Received E3:35:D2:AA:5E:75: .
   MainThread:15:30:41.054 scanner.py                                117 DEBUG    | Received E3:35:D2:AA:5E:75: .
   MainThread:15:30:41.159 scanner.py                                117 DEBUG    | Received 8C:71:12:52:1D:DB: QT 12521DDB.
   MainThread:15:30:41.164 scanner.py                                117 DEBUG    | Received 7C:59:88:9E:7A:13: .
   MainThread:15:30:41.165 scanner.py                                117 DEBUG    | Received 7C:59:88:9E:7A:13: .
   MainThread:15:30:41.271 scanner.py                                117 DEBUG    | Received C1:EF:35:43:D4:B7: .
   MainThread:15:30:41.275 scanner.py                                117 DEBUG    | Received 7A:B4:C4:CA:8B:B9: .
   MainThread:15:30:41.279 scanner.py                                117 DEBUG    | Received 7A:B4:C4:CA:8B:B9: .
   MainThread:15:30:41.285 scanner.py                                117 DEBUG    | Received 6D:59:CF:B0:4D:2B: .
   MainThread:15:30:41.286 scanner.py                                117 DEBUG    | Received 6D:59:CF:B0:4D:2B: .
   MainThread:15:30:41.287 scanner.py                                117 DEBUG    | Received 7B:C1:8E:38:B1:AC: .
   MainThread:15:30:41.292 scanner.py                                117 DEBUG    | Received 76:C7:BF:5C:0B:86: .
   MainThread:15:30:41.293 scanner.py                                117 DEBUG    | Received 76:C7:BF:5C:0B:86: .
   MainThread:15:30:41.409 scanner.py                                117 DEBUG    | Received 04:33:5E:FE:3A:E7: .
   MainThread:15:30:41.410 scanner.py                                117 DEBUG    | Received 60:38:D4:FB:82:B4: .
   MainThread:15:30:41.415 scanner.py                                117 DEBUG    | Received 60:38:D4:FB:82:B4: .
   MainThread:15:30:41.423 scanner.py                                117 DEBUG    | Received 6D:59:CF:B0:4D:2B: .
   MainThread:15:30:41.425 scanner.py                                117 DEBUG    | Received 6D:59:CF:B0:4D:2B: .
   MainThread:15:30:41.509 scanner.py                                117 DEBUG    | Received 04:33:5E:FE:3A:E7: .
   MainThread:15:30:41.512 scanner.py                                117 DEBUG    | Received C4:B4:EE:45:07:4D: .
   MainThread:15:30:41.629 scanner.py                                117 DEBUG    | Received 6D:59:CF:B0:4D:2B: .
   MainThread:15:30:41.633 scanner.py                                117 DEBUG    | Received 6D:59:CF:B0:4D:2B: .
   MainThread:15:30:41.639 scanner.py                                117 DEBUG    | Received 4A:3C:2A:2F:7B:85: .
   MainThread:15:30:41.640 scanner.py                                117 DEBUG    | Received 4A:3C:2A:2F:7B:85: .
   MainThread:15:30:41.641 scanner.py                                117 DEBUG    | Received 73:8A:48:B2:2E:6B: .
   MainThread:15:30:41.645 scanner.py                                117 DEBUG    | Received 72:90:79:86:59:BD: .
   MainThread:15:30:41.647 scanner.py                                117 DEBUG    | Received 72:90:79:86:59:BD: JBL Tune Flex 2-LE.
   MainThread:15:30:41.667 scanner.py                                117 DEBUG    | Received 7A:B4:C4:CA:8B:B9: .
   MainThread:15:30:41.670 scanner.py                                117 DEBUG    | Received 7A:B4:C4:CA:8B:B9: .
   MainThread:15:30:41.671 scanner.py                                117 DEBUG    | Received DB:3B:46:FE:CB:23: .
   MainThread:15:30:41.759 scanner.py                                117 DEBUG    | Received 62:2A:83:44:56:E9: .
   MainThread:15:30:41.760 scanner.py                                117 DEBUG    | Received 62:2A:83:44:56:E9: .
   MainThread:15:30:41.761 scanner.py                                117 DEBUG    | Received 6D:59:CF:B0:4D:2B: .
   MainThread:15:30:41.762 scanner.py                                117 DEBUG    | Received 6D:59:CF:B0:4D:2B: .
   MainThread:15:30:41.874 scanner.py                                117 DEBUG    | Received C1:EF:35:43:D4:B7: .
   MainThread:15:30:41.992 scanner.py                                117 DEBUG    | Received 72:90:79:86:59:BD: .
   MainThread:15:30:41.999 scanner.py                                117 DEBUG    | Received 72:90:79:86:59:BD: JBL Tune Flex 2-LE.
   MainThread:15:30:42.004 scanner.py                                117 DEBUG    | Received 0F:20:0B:B0:53:41: .
   MainThread:15:30:42.008 scanner.py                                117 DEBUG    | Received DB:3B:46:FE:CB:23: .
   MainThread:15:30:42.011 scanner.py                                117 DEBUG    | Received 49:13:A0:8A:92:66: .
   MainThread:15:30:42.012 scanner.py                                117 DEBUG    | Received F9:57:92:8B:F4:39: .
   MainThread:15:30:42.013 scanner.py                                117 DEBUG    | Received F9:57:92:8B:F4:39: .
   MainThread:15:30:42.101 scanner.py                                117 DEBUG    | Received C4:1F:F3:75:53:B3: .
   MainThread:15:30:42.104 scanner.py                                117 DEBUG    | Received C4:1F:F3:75:53:B3: .
   MainThread:15:30:42.118 scanner.py                                117 DEBUG    | Received DC:23:4D:86:DA:BD: .
   MainThread:15:30:42.120 scanner.py                                117 DEBUG    | Received DC:23:4D:86:DA:BD: .
   MainThread:15:30:42.122 scanner.py                                117 DEBUG    | Received 76:C7:BF:5C:0B:86: .
   MainThread:15:30:42.122 scanner.py                                117 DEBUG    | Received 76:C7:BF:5C:0B:86: .
   MainThread:15:30:42.224 scanner.py                                117 DEBUG    | Received FC:57:10:BC:8E:6E: .
   MainThread:15:30:42.227 scanner.py                                117 DEBUG    | Received 60:38:D4:FB:82:B4: .
   MainThread:15:30:42.228 scanner.py                                117 DEBUG    | Received 60:38:D4:FB:82:B4: .
   MainThread:15:30:42.377 scanner.py                                117 DEBUG    | Received 20:B3:48:31:53:FB: .
   MainThread:15:30:42.469 scanner.py                                117 DEBUG    | Received 7C:59:88:9E:7A:13: .
   MainThread:15:30:42.474 scanner.py                                117 DEBUG    | Received 13:52:77:82:ED:25: .
   MainThread:15:30:42.477 scanner.py                                117 DEBUG    | Received 73:8A:48:B2:2E:6B: .
   MainThread:15:30:42.480 scanner.py                                117 DEBUG    | Received 73:8A:48:B2:2E:6B: .
   MainThread:15:30:42.483 scanner.py                                117 DEBUG    | Received 72:90:79:86:59:BD: .
   MainThread:15:30:42.486 scanner.py                                117 DEBUG    | Received 72:90:79:86:59:BD: JBL Tune Flex 2-LE.
   MainThread:15:30:42.488 scanner.py                                117 DEBUG    | Received 20:B3:48:31:53:FB: .
   MainThread:15:30:42.580 scanner.py                                117 DEBUG    | Received EF:CD:00:F6:D4:30: .
   MainThread:15:30:42.586 scanner.py                                117 DEBUG    | Received 20:B3:48:31:53:FB: .
   MainThread:15:30:42.590 scanner.py                                117 DEBUG    | Received 7C:1E:A7:2B:52:70: .
   MainThread:15:30:42.596 scanner.py                                117 DEBUG    | Received CC:8D:1F:D9:70:FB: .
   MainThread:15:30:42.599 scanner.py                                117 DEBUG    | Received CC:8D:1F:D9:70:FB: .
   MainThread:15:30:42.688 scanner.py                                117 DEBUG    | Received 20:B3:48:31:53:FB: .
   MainThread:15:30:42.693 scanner.py                                117 DEBUG    | Received 7C:C3:84:38:18:49: .
   MainThread:15:30:42.700 scanner.py                                117 DEBUG    | Received 62:2A:83:44:56:E9: .
   MainThread:15:30:42.703 scanner.py                                117 DEBUG    | Received 62:2A:83:44:56:E9: .
   MainThread:15:30:42.819 scanner.py                                117 DEBUG    | Received 0F:20:0B:B0:53:41: .
   MainThread:15:30:42.886 scanner.py                                212 DEBUG    | 1 devices found. Watcher status: <BluetoothLEAdvertisementWatcherStatus.STOPPED: 3>.
   MainThread:15:30:42.886 client.py                                  86 WARNING  | Failed to find a device in 15 seconds. Retrying #1
   MainThread:15:30:42.890 bleak_wrapper.py                          121 INFO     | Scanning for GoPro [A-Z0-9]{4} bluetooth devices...
   MainThread:15:30:42.946 scanner.py                                117 DEBUG    | Received 76:C7:BF:5C:0B:86: .
   MainThread:15:30:42.948 scanner.py                                117 DEBUG    | Received 76:C7:BF:5C:0B:86: .
   MainThread:15:30:42.950 scanner.py                                117 DEBUG    | Received 7B:C1:8E:38:B1:AC: .
   MainThread:15:30:42.955 scanner.py                                117 DEBUG    | Received 6D:59:CF:B0:4D:2B: .
   MainThread:15:30:42.956 scanner.py                                117 DEBUG    | Received 6D:59:CF:B0:4D:2B: .
   MainThread:15:30:42.958 scanner.py                                117 DEBUG    | Received 7A:B4:C4:CA:8B:B9: .
   MainThread:15:30:42.960 scanner.py                                117 DEBUG    | Received 7A:B4:C4:CA:8B:B9: .
   MainThread:15:30:43.049 scanner.py                                117 DEBUG    | Received DC:23:4D:86:DA:B5: .
   MainThread:15:30:43.050 scanner.py                                117 DEBUG    | Received DC:23:4D:86:DA:B5: .
   MainThread:15:30:43.052 scanner.py                                117 DEBUG    | Received 60:38:D4:FB:82:B4: .
   MainThread:15:30:43.053 scanner.py                                117 DEBUG    | Received 60:38:D4:FB:82:B4: .
   MainThread:15:30:43.184 scanner.py                                117 DEBUG    | Received 72:90:79:86:59:BD: .
   MainThread:15:30:43.192 scanner.py                                117 DEBUG    | Received 72:90:79:86:59:BD: JBL Tune Flex 2-LE.
   MainThread:15:30:43.296 scanner.py                                117 DEBUG    | Received 73:8A:48:B2:2E:6B: .
   MainThread:15:30:43.299 scanner.py                                117 DEBUG    | Received 73:8A:48:B2:2E:6B: .
   MainThread:15:30:43.399 scanner.py                                117 DEBUG    | Received E3:2F:9E:FC:47:01: .
   MainThread:15:30:43.406 scanner.py                                117 DEBUG    | Received DC:23:4D:86:DA:B5: .
   MainThread:15:30:43.411 scanner.py                                117 DEBUG    | Received DC:23:4D:86:DA:B5: .
   MainThread:15:30:43.416 scanner.py                                117 DEBUG    | Received DC:23:4D:86:DA:BD: .
   MainThread:15:30:43.418 scanner.py                                117 DEBUG    | Received DC:23:4D:86:DA:BD: .
   MainThread:15:30:43.420 scanner.py                                117 DEBUG    | Received DB:3B:46:FE:CB:23: .
   MainThread:15:30:43.424 scanner.py                                117 DEBUG    | Received 54:D6:68:2B:1D:DA: Jabra Evolve2 65.
   MainThread:15:30:43.427 scanner.py                                117 DEBUG    | Received 54:D6:68:2B:1D:DA: .
   MainThread:15:30:43.428 scanner.py                                117 DEBUG    | Received 04:33:5E:FE:3A:E7: .
   MainThread:15:30:43.517 scanner.py                                117 DEBUG    | Received 7B:C1:8E:38:B1:AC: .
   MainThread:15:30:43.526 scanner.py                                117 DEBUG    | Received 72:90:79:86:59:BD: .
   MainThread:15:30:43.529 scanner.py                                117 DEBUG    | Received 72:90:79:86:59:BD: JBL Tune Flex 2-LE.
   MainThread:15:30:43.533 scanner.py                                117 DEBUG    | Received C4:B4:EE:45:07:4D: .
   MainThread:15:30:43.643 scanner.py                                117 DEBUG    | Received 0F:20:0B:B0:53:41: .
   MainThread:15:30:43.647 scanner.py                                117 DEBUG    | Received 72:90:79:86:59:BD: .
   MainThread:15:30:43.650 scanner.py                                117 DEBUG    | Received 72:90:79:86:59:BD: JBL Tune Flex 2-LE.
   MainThread:15:30:43.759 scanner.py                                117 DEBUG    | Received 20:B3:48:31:53:FB: .
   MainThread:15:30:43.761 scanner.py                                117 DEBUG    | Received 7C:59:88:9E:7A:13: .
   MainThread:15:30:43.762 scanner.py                                117 DEBUG    | Received 7C:59:88:9E:7A:13: .
   MainThread:15:30:43.872 scanner.py                                117 DEBUG    | Received 7C:1E:A7:2B:52:70: .
   MainThread:15:30:43.874 scanner.py                                117 DEBUG    | Received 7B:C1:8E:38:B1:AC: .
   MainThread:15:30:43.878 scanner.py                                117 DEBUG    | Received C1:EF:35:43:D4:B7: .
   MainThread:15:30:43.885 scanner.py                                117 DEBUG    | Received DC:23:4D:86:DA:B5: .
   MainThread:15:30:43.886 scanner.py                                117 DEBUG    | Received DC:23:4D:86:DA:B5: .
   MainThread:15:30:43.990 scanner.py                                117 DEBUG    | Received 7C:C3:84:38:18:49: .
   MainThread:15:30:44.000 scanner.py                                117 DEBUG    | Received 62:2A:83:44:56:E9: .
   MainThread:15:30:44.001 scanner.py                                117 DEBUG    | Received 62:2A:83:44:56:E9: .
   MainThread:15:30:44.101 scanner.py                                117 DEBUG    | Received 7E:60:6A:96:37:0B: .
   MainThread:15:30:44.102 scanner.py                                117 DEBUG    | Received 7E:60:6A:96:37:0B: .
   MainThread:15:30:44.104 scanner.py                                117 DEBUG    | Received C4:1F:F3:75:53:B3: .
   MainThread:15:30:44.106 scanner.py                                117 DEBUG    | Received C4:1F:F3:75:53:B3: .
   MainThread:15:30:44.108 scanner.py                                117 DEBUG    | Received 4A:3C:2A:2F:7B:85: .
   MainThread:15:30:44.110 scanner.py                                117 DEBUG    | Received 4A:3C:2A:2F:7B:85: .
   MainThread:15:30:44.114 scanner.py                                117 DEBUG    | Received 73:8A:48:B2:2E:6B: .
   MainThread:15:30:44.116 scanner.py                                117 DEBUG    | Received 73:8A:48:B2:2E:6B: .
   MainThread:15:30:44.119 scanner.py                                117 DEBUG    | Received CC:8D:1F:D9:70:FB: .
   MainThread:15:30:44.121 scanner.py                                117 DEBUG    | Received CC:8D:1F:D9:70:FB: .
   MainThread:15:30:44.224 scanner.py                                117 DEBUG    | Received FC:57:10:BC:8E:6E: .
   MainThread:15:30:44.227 scanner.py                                117 DEBUG    | Received DC:23:4D:86:DA:B5: .
   MainThread:15:30:44.228 scanner.py                                117 DEBUG    | Received DC:23:4D:86:DA:B5: .
   MainThread:15:30:44.235 scanner.py                                117 DEBUG    | Received DC:23:4D:86:DA:BD: .
   MainThread:15:30:44.236 scanner.py                                117 DEBUG    | Received DC:23:4D:86:DA:BD: .
   MainThread:15:30:44.241 scanner.py                                117 DEBUG    | Received 7C:1E:A7:2B:52:70: .
   MainThread:15:30:44.358 scanner.py                                117 DEBUG    | Received 6D:59:CF:B0:4D:2B: .
   MainThread:15:30:44.364 scanner.py                                117 DEBUG    | Received 6D:59:CF:B0:4D:2B: .
   MainThread:15:30:44.368 scanner.py                                117 DEBUG    | Received 7C:C3:84:38:18:49: .
   MainThread:15:30:44.372 scanner.py                                117 DEBUG    | Received 04:33:5E:FE:3A:E7: .
   MainThread:15:30:44.467 scanner.py                                117 DEBUG    | Received 04:33:5E:FE:3A:E7: .
   MainThread:15:30:44.472 scanner.py                                117 DEBUG    | Received 0F:20:0B:B0:53:41: .
   MainThread:15:30:44.480 scanner.py                                117 DEBUG    | Received 7A:B4:C4:CA:8B:B9: .
   MainThread:15:30:44.481 scanner.py                                117 DEBUG    | Received 7A:B4:C4:CA:8B:B9: .
   MainThread:15:30:44.485 scanner.py                                117 DEBUG    | Received 13:52:77:82:ED:25: .
   MainThread:15:30:44.487 scanner.py                                117 DEBUG    | Received 13:52:77:82:ED:25: .
   MainThread:15:30:44.488 scanner.py                                117 DEBUG    | Received 6D:CC:78:78:5B:C7: .
   MainThread:15:30:44.489 scanner.py                                117 DEBUG    | Received 6D:CC:78:78:5B:C7: .
   MainThread:15:30:44.493 scanner.py                                117 DEBUG    | Received 72:90:79:86:59:BD: .
   MainThread:15:30:44.496 scanner.py                                117 DEBUG    | Received 72:90:79:86:59:BD: JBL Tune Flex 2-LE.
   MainThread:15:30:44.585 scanner.py                                117 DEBUG    | Received EF:CD:00:F6:D4:30: .
   MainThread:15:30:44.590 scanner.py                                117 DEBUG    | Received DC:23:4D:86:DA:BD: .
   MainThread:15:30:44.594 scanner.py                                117 DEBUG    | Received DC:23:4D:86:DA:BD: .
   MainThread:15:30:44.700 scanner.py                                117 DEBUG    | Received 60:38:D4:FB:82:B4: .
   MainThread:15:30:44.703 scanner.py                                117 DEBUG    | Received 60:38:D4:FB:82:B4: .
   MainThread:15:30:44.819 scanner.py                                117 DEBUG    | Received 20:B3:48:31:53:FB: .
   MainThread:15:30:44.822 scanner.py                                117 DEBUG    | Received 7B:C1:8E:38:B1:AC: .
   MainThread:15:30:44.936 scanner.py                                117 DEBUG    | Received 73:8A:48:B2:2E:6B: .
   MainThread:15:30:44.938 scanner.py                                117 DEBUG    | Received 73:8A:48:B2:2E:6B: .
   MainThread:15:30:44.940 scanner.py                                117 DEBUG    | Received 4A:3C:2A:2F:7B:85: .
   MainThread:15:30:44.941 scanner.py                                117 DEBUG    | Received 4A:3C:2A:2F:7B:85: .
   MainThread:15:30:44.943 scanner.py                                117 DEBUG    | Received 62:2A:83:44:56:E9: .
   MainThread:15:30:44.945 scanner.py                                117 DEBUG    | Received 62:2A:83:44:56:E9: .
   MainThread:15:30:45.069 scanner.py                                117 DEBUG    | Received 7C:59:88:9E:7A:13: .
   MainThread:15:30:45.072 scanner.py                                117 DEBUG    | Received 7C:59:88:9E:7A:13: .
   MainThread:15:30:45.079 scanner.py                                117 DEBUG    | Received DC:23:4D:86:DA:B5: .
   MainThread:15:30:45.085 scanner.py                                117 DEBUG    | Received DC:23:4D:86:DA:B5: .
   MainThread:15:30:45.189 scanner.py                                117 DEBUG    | Received 7C:1E:A7:2B:52:70: .
   MainThread:15:30:45.197 scanner.py                                117 DEBUG    | Received 7B:C1:8E:38:B1:AC: .
   MainThread:15:30:45.205 scanner.py                                117 DEBUG    | Received 7E:60:6A:96:37:0B: .
   MainThread:15:30:45.207 scanner.py                                117 DEBUG    | Received 7E:60:6A:96:37:0B: .
   MainThread:15:30:45.293 scanner.py                                117 DEBUG    | Received 7C:C3:84:38:18:49: .
   MainThread:15:30:45.301 scanner.py                                117 DEBUG    | Received 6D:CC:78:78:5B:C7: .
   MainThread:15:30:45.304 scanner.py                                117 DEBUG    | Received 6D:CC:78:78:5B:C7: .
   MainThread:15:30:45.306 scanner.py                                117 DEBUG    | Received 72:90:79:86:59:BD: .
   MainThread:15:30:45.308 scanner.py                                117 DEBUG    | Received 72:90:79:86:59:BD: JBL Tune Flex 2-LE.
   MainThread:15:30:45.309 scanner.py                                117 DEBUG    | Received 04:33:5E:FE:3A:E7: .
   MainThread:15:30:45.311 scanner.py                                117 DEBUG    | Received 54:D6:68:2B:1D:DA: Jabra Evolve2 65.
   MainThread:15:30:45.312 scanner.py                                117 DEBUG    | Received 54:D6:68:2B:1D:DA: .
   MainThread:15:30:45.405 scanner.py                                117 DEBUG    | Received 04:33:5E:FE:3A:E7: .
   MainThread:15:30:45.407 scanner.py                                117 DEBUG    | Received 0F:20:0B:B0:53:41: .
   MainThread:15:30:45.416 scanner.py                                117 DEBUG    | Received DC:23:4D:86:DA:BD: .
   MainThread:15:30:45.417 scanner.py                                117 DEBUG    | Received DC:23:4D:86:DA:BD: .
   MainThread:15:30:45.533 scanner.py                                117 DEBUG    | Received F9:57:92:8B:F4:39: .
   MainThread:15:30:45.651 scanner.py                                117 DEBUG    | Received 20:B3:48:31:53:FB: .
   MainThread:15:30:45.655 scanner.py                                117 DEBUG    | Received 7C:C3:84:38:18:49: .
   MainThread:15:30:45.661 scanner.py                                117 DEBUG    | Received CC:8D:1F:D9:70:FB: .
   MainThread:15:30:45.666 scanner.py                                117 DEBUG    | Received CC:8D:1F:D9:70:FB: .
   MainThread:15:30:45.669 scanner.py                                117 DEBUG    | Received 72:90:79:86:59:BD: .
   MainThread:15:30:45.671 scanner.py                                117 DEBUG    | Received 72:90:79:86:59:BD: JBL Tune Flex 2-LE.
   MainThread:15:30:45.772 scanner.py                                117 DEBUG    | Received 73:8A:48:B2:2E:6B: .
   MainThread:15:30:45.775 scanner.py                                117 DEBUG    | Received 73:8A:48:B2:2E:6B: .
   MainThread:15:30:45.777 scanner.py                                117 DEBUG    | Received 7A:B4:C4:CA:8B:B9: .
   MainThread:15:30:45.779 scanner.py                                117 DEBUG    | Received 7A:B4:C4:CA:8B:B9: .
   MainThread:15:30:45.780 scanner.py                                117 DEBUG    | Received 54:D6:68:2B:1D:DA: Jabra Evolve2 65.
   MainThread:15:30:45.781 scanner.py                                117 DEBUG    | Received 54:D6:68:2B:1D:DA: .
   MainThread:15:30:45.881 scanner.py                                117 DEBUG    | Received C1:EF:35:43:D4:B7: .
   MainThread:15:30:45.886 scanner.py                                117 DEBUG    | Received DC:23:4D:86:DA:B5: .
   MainThread:15:30:45.887 scanner.py                                117 DEBUG    | Received DC:23:4D:86:DA:B5: .
   MainThread:15:30:46.000 scanner.py                                117 DEBUG    | Received 7C:59:88:9E:7A:13: .
   MainThread:15:30:46.004 scanner.py                                117 DEBUG    | Received 7C:59:88:9E:7A:13: .
   MainThread:15:30:46.011 scanner.py                                117 DEBUG    | Received 72:90:79:86:59:BD: .
   MainThread:15:30:46.014 scanner.py                                117 DEBUG    | Received 72:90:79:86:59:BD: JBL Tune Flex 2-LE.
   MainThread:15:30:46.017 scanner.py                                117 DEBUG    | Received 6D:59:CF:B0:4D:2B: .
   MainThread:15:30:46.019 scanner.py                                117 DEBUG    | Received 6D:59:CF:B0:4D:2B: .
   MainThread:15:30:46.122 scanner.py                                117 DEBUG    | Received CF:74:2B:4C:C0:EA: .
   MainThread:15:30:46.127 scanner.py                                117 DEBUG    | Received CF:74:2B:4C:C0:EA: .
   MainThread:15:30:46.148 scanner.py                                117 DEBUG    | Received 0F:20:0B:B0:53:41: .
   MainThread:15:30:46.240 scanner.py                                117 DEBUG    | Received FC:57:10:BC:8E:6E: .
   MainThread:15:30:46.245 scanner.py                                117 DEBUG    | Received 04:33:5E:FE:3A:E7: .
   MainThread:15:30:46.260 scanner.py                                117 DEBUG    | Received DC:23:4D:86:DA:BD: .
   MainThread:15:30:46.269 scanner.py                                117 DEBUG    | Received 62:2A:83:44:56:E9: .
   MainThread:15:30:46.270 scanner.py                                117 DEBUG    | Received 62:2A:83:44:56:E9: .
   MainThread:15:30:46.271 scanner.py                                117 DEBUG    | Received 54:D6:68:2B:1D:DA: Jabra Evolve2 65.
   MainThread:15:30:46.276 scanner.py                                117 DEBUG    | Received 54:D6:68:2B:1D:DA: .
   MainThread:15:30:46.279 scanner.py                                117 DEBUG    | Received DB:3B:46:FE:CB:23: .
   MainThread:15:30:46.353 scanner.py                                117 DEBUG    | Received 60:38:D4:FB:82:B4: .
   MainThread:15:30:46.354 scanner.py                                117 DEBUG    | Received 60:38:D4:FB:82:B4: .
   MainThread:15:30:46.357 scanner.py                                117 DEBUG    | Received 0F:20:0B:B0:53:41: .
   MainThread:15:30:46.476 scanner.py                                117 DEBUG    | Received 13:52:77:82:ED:25: .
   MainThread:15:30:46.478 scanner.py                                117 DEBUG    | Received 13:52:77:82:ED:25: .
   MainThread:15:30:46.591 scanner.py                                117 DEBUG    | Received DC:23:4D:86:DA:BD: .
   MainThread:15:30:46.597 scanner.py                                117 DEBUG    | Received 20:B3:48:31:53:FB: .
   MainThread:15:30:46.603 scanner.py                                117 DEBUG    | Received 28:AF:42:27:F0:5B: .
   MainThread:15:30:46.608 scanner.py                                117 DEBUG    | Received 28:AF:42:27:F0:5B: 75" Crystal UHD.
   MainThread:15:30:46.610 scanner.py                                117 DEBUG    | Received 7F:A5:5C:58:58:3C: .
   MainThread:15:30:46.611 scanner.py                                117 DEBUG    | Received 7F:A5:5C:58:58:3C: .
   MainThread:15:30:46.612 scanner.py                                117 DEBUG    | Received 28:AF:42:27:F0:5B: .
   MainThread:15:30:46.615 scanner.py                                117 DEBUG    | Received 28:AF:42:27:F0:5B: 75" Crystal UHD.
   MainThread:15:30:46.616 scanner.py                                117 DEBUG    | Received 8C:71:12:52:1D:DB: QT 12521DDB.
   MainThread:15:30:46.702 scanner.py                                117 DEBUG    | Received 20:B3:48:31:53:FB: .
   MainThread:15:30:46.703 scanner.py                                117 DEBUG    | Received 7A:B4:C4:CA:8B:B9: .
   MainThread:15:30:46.704 scanner.py                                117 DEBUG    | Received 7A:B4:C4:CA:8B:B9: .
   MainThread:15:30:46.714 scanner.py                                117 DEBUG    | Received 54:D6:68:2B:1D:DA: Jabra Evolve2 65.
   MainThread:15:30:46.715 scanner.py                                117 DEBUG    | Received 54:D6:68:2B:1D:DA: .
   MainThread:15:30:46.723 scanner.py                                117 DEBUG    | Received DB:3B:46:FE:CB:23: .
   MainThread:15:30:46.826 scanner.py                                117 DEBUG    | Received 6D:59:CF:B0:4D:2B: .
   MainThread:15:30:46.826 scanner.py                                117 DEBUG    | Received 6D:59:CF:B0:4D:2B: .
   MainThread:15:30:46.832 scanner.py                                117 DEBUG    | Received 72:90:79:86:59:BD: .
   MainThread:15:30:46.833 scanner.py                                117 DEBUG    | Received 72:90:79:86:59:BD: JBL Tune Flex 2-LE.
   MainThread:15:30:46.951 scanner.py                                117 DEBUG    | Received 6D:CC:78:78:5B:C7: .
   MainThread:15:30:46.953 scanner.py                                117 DEBUG    | Received 6D:CC:78:78:5B:C7: .
   MainThread:15:30:46.955 scanner.py                                117 DEBUG    | Received 7C:C3:84:38:18:49: .
   MainThread:15:30:46.957 scanner.py                                117 DEBUG    | Received 72:90:79:86:59:BD: .
   MainThread:15:30:46.960 scanner.py                                117 DEBUG    | Received 72:90:79:86:59:BD: JBL Tune Flex 2-LE.
   MainThread:15:30:47.068 scanner.py                                117 DEBUG    | Received 04:33:5E:FE:3A:E7: .
   MainThread:15:30:47.183 scanner.py                                117 DEBUG    | Received 60:38:D4:FB:82:B4: .
   MainThread:15:30:47.189 scanner.py                                117 DEBUG    | Received 60:38:D4:FB:82:B4: .
   MainThread:15:30:47.193 scanner.py                                117 DEBUG    | Received 54:D6:68:2B:1D:DA: Jabra Evolve2 65.
   MainThread:15:30:47.195 scanner.py                                117 DEBUG    | Received 54:D6:68:2B:1D:DA: .
   MainThread:15:30:47.198 scanner.py                                117 DEBUG    | Received 62:2A:83:44:56:E9: .
   MainThread:15:30:47.200 scanner.py                                117 DEBUG    | Received 62:2A:83:44:56:E9: .
   MainThread:15:30:47.310 scanner.py                                117 DEBUG    | Received 72:90:79:86:59:BD: .
   MainThread:15:30:47.314 scanner.py                                117 DEBUG    | Received 72:90:79:86:59:BD: JBL Tune Flex 2-LE.
   MainThread:15:30:47.318 scanner.py                                117 DEBUG    | Received 0F:20:0B:B0:53:41: .
   MainThread:15:30:47.431 scanner.py                                117 DEBUG    | Received DC:23:4D:86:DA:BD: .
   MainThread:15:30:47.438 scanner.py                                117 DEBUG    | Received 7B:C1:8E:38:B1:AC: .
   MainThread:15:30:47.442 scanner.py                                117 DEBUG    | Received 20:B3:48:31:53:FB: .
   MainThread:15:30:47.449 scanner.py                                117 DEBUG    | Received 7F:A5:5C:58:58:3C: .
   MainThread:15:30:47.454 scanner.py                                117 DEBUG    | Received 7F:A5:5C:58:58:3C: .
   MainThread:15:30:47.458 scanner.py                                117 DEBUG    | Received CC:8D:1F:D9:70:FB: .
   MainThread:15:30:47.460 scanner.py                                117 DEBUG    | Received CC:8D:1F:D9:70:FB: .
   MainThread:15:30:47.531 scanner.py                                117 DEBUG    | Received 20:B3:48:31:53:FB: .
   MainThread:15:30:47.537 scanner.py                                117 DEBUG    | Received F9:57:92:8B:F4:39: .
   MainThread:15:30:47.541 scanner.py                                117 DEBUG    | Received F9:57:92:8B:F4:39: .
   MainThread:15:30:47.543 scanner.py                                117 DEBUG    | Received 7C:1E:A7:2B:52:70: .
   MainThread:15:30:47.667 scanner.py                                117 DEBUG    | Received 6D:59:CF:B0:4D:2B: .
   MainThread:15:30:47.670 scanner.py                                117 DEBUG    | Received 6D:59:CF:B0:4D:2B: .
   MainThread:15:30:47.679 scanner.py                                117 DEBUG    | Received 8C:71:12:52:1D:DB: QT 12521DDB.
   MainThread:15:30:47.888 scanner.py                                117 DEBUG    | Received 7C:C3:84:38:18:49: .
   MainThread:15:30:47.901 scanner.py                                117 DEBUG    | Received 04:33:5E:FE:3A:E7: .
   MainThread:15:30:47.905 scanner.py                                117 DEBUG    | Received DC:23:4D:86:DA:BD: .
   MainThread:15:30:47.906 scanner.py                                117 DEBUG    | Received DC:23:4D:86:DA:BD: .
   MainThread:15:30:48.011 scanner.py                                117 DEBUG    | Received 04:33:5E:FE:3A:E7: .
   MainThread:15:30:48.021 scanner.py                                117 DEBUG    | Received 00:A4:1C:FD:C6:D8: .
   MainThread:15:30:48.026 scanner.py                                117 DEBUG    | Received 00:A4:1C:FD:C6:D8: WH-CH720N.
   MainThread:15:30:48.136 scanner.py                                117 DEBUG    | Received 72:90:79:86:59:BD: .
   MainThread:15:30:48.139 scanner.py                                117 DEBUG    | Received 72:90:79:86:59:BD: JBL Tune Flex 2-LE.
   MainThread:15:30:48.145 scanner.py                                117 DEBUG    | Received 0F:20:0B:B0:53:41: .
   MainThread:15:30:48.243 scanner.py                                117 DEBUG    | Received 73:8A:48:B2:2E:6B: .
   MainThread:15:30:48.248 scanner.py                                117 DEBUG    | Received 73:8A:48:B2:2E:6B: .
   MainThread:15:30:48.256 scanner.py                                117 DEBUG    | Received 7C:59:88:9E:7A:13: .
   MainThread:15:30:48.261 scanner.py                                117 DEBUG    | Received 7C:59:88:9E:7A:13: .
   MainThread:15:30:48.265 scanner.py                                117 DEBUG    | Received DC:23:4D:86:DA:BD: .
   MainThread:15:30:48.267 scanner.py                                117 DEBUG    | Received DC:23:4D:86:DA:BD: .
   MainThread:15:30:48.269 scanner.py                                117 DEBUG    | Received 4A:3C:2A:2F:7B:85: .
   MainThread:15:30:48.270 scanner.py                                117 DEBUG    | Received 4A:3C:2A:2F:7B:85: .
   MainThread:15:30:48.271 scanner.py                                117 DEBUG    | Received 7C:C3:84:38:18:49: .
   MainThread:15:30:48.361 scanner.py                                117 DEBUG    | Received 09:7A:49:80:2D:0E: .
   MainThread:15:30:48.366 scanner.py                                117 DEBUG    | Received 7B:C1:8E:38:B1:AC: .
   MainThread:15:30:48.369 scanner.py                                117 DEBUG    | Received 8C:71:12:52:1D:DB: QT 12521DDB.
   MainThread:15:30:48.370 scanner.py                                117 DEBUG    | Received 20:B3:48:31:53:FB: .
   MainThread:15:30:48.485 scanner.py                                117 DEBUG    | Received 7C:1E:A7:2B:52:70: .
   MainThread:15:30:48.493 scanner.py                                117 DEBUG    | Received 20:B3:48:31:53:FB: .
   MainThread:15:30:48.498 scanner.py                                117 DEBUG    | Received 6D:59:CF:B0:4D:2B: .
   MainThread:15:30:48.502 scanner.py                                117 DEBUG    | Received 6D:59:CF:B0:4D:2B: .
   MainThread:15:30:48.506 scanner.py                                117 DEBUG    | Received 13:52:77:82:ED:25: .
   MainThread:15:30:48.508 scanner.py                                117 DEBUG    | Received 13:52:77:82:ED:25: .
   MainThread:15:30:48.620 scanner.py                                117 DEBUG    | Received 28:AF:42:27:F0:5B: .
   MainThread:15:30:48.626 scanner.py                                117 DEBUG    | Received 28:AF:42:27:F0:5B: 75" Crystal UHD.
   MainThread:15:30:48.631 scanner.py                                117 DEBUG    | Received 7C:59:88:9E:7A:13: .
   MainThread:15:30:48.634 scanner.py                                117 DEBUG    | Received 7C:59:88:9E:7A:13: .
   MainThread:15:30:48.638 scanner.py                                117 DEBUG    | Received 7C:C3:84:38:18:49: .
   MainThread:15:30:48.641 scanner.py                                117 DEBUG    | Received 04:33:5E:FE:3A:E7: .
   MainThread:15:30:48.726 scanner.py                                117 DEBUG    | Received CC:8D:1F:D9:70:FB: .
   MainThread:15:30:48.730 scanner.py                                117 DEBUG    | Received CC:8D:1F:D9:70:FB: .
   MainThread:15:30:48.733 scanner.py                                117 DEBUG    | Received 54:D6:68:2B:1D:DA: Jabra Evolve2 65.
   MainThread:15:30:48.735 scanner.py                                117 DEBUG    | Received 54:D6:68:2B:1D:DA: .
   MainThread:15:30:48.832 scanner.py                                117 DEBUG    | Received 04:33:5E:FE:3A:E7: .
   MainThread:15:30:48.840 scanner.py                                117 DEBUG    | Received 72:90:79:86:59:BD: .
   MainThread:15:30:48.843 scanner.py                                117 DEBUG    | Received 72:90:79:86:59:BD: JBL Tune Flex 2-LE.
   MainThread:15:30:48.847 scanner.py                                117 DEBUG    | Received 60:38:D4:FB:82:B4: .
   MainThread:15:30:48.850 scanner.py                                117 DEBUG    | Received 60:38:D4:FB:82:B4: .
   MainThread:15:30:48.852 scanner.py                                117 DEBUG    | Received 00:A4:1C:FD:C6:D8: .
   MainThread:15:30:49.071 scanner.py                                117 DEBUG    | Received 73:8A:48:B2:2E:6B: .
   MainThread:15:30:49.073 scanner.py                                117 DEBUG    | Received 73:8A:48:B2:2E:6B: .
   MainThread:15:30:49.077 scanner.py                                117 DEBUG    | Received 4A:3C:2A:2F:7B:85: .
   MainThread:15:30:49.078 scanner.py                                117 DEBUG    | Received 4A:3C:2A:2F:7B:85: .
   MainThread:15:30:49.080 scanner.py                                117 DEBUG    | Received 0F:20:0B:B0:53:41: .
   MainThread:15:30:49.081 scanner.py                                117 DEBUG    | Received E3:35:D2:AA:5E:75: .
   MainThread:15:30:49.083 scanner.py                                117 DEBUG    | Received E3:35:D2:AA:5E:75: .
   MainThread:15:30:49.194 scanner.py                                117 DEBUG    | Received 54:D6:68:2B:1D:DA: Jabra Evolve2 65.
   MainThread:15:30:49.195 scanner.py                                117 DEBUG    | Received 54:D6:68:2B:1D:DA: .
   MainThread:15:30:49.303 scanner.py                                117 DEBUG    | Received 76:C7:BF:5C:0B:86: .
   MainThread:15:30:49.304 scanner.py                                117 DEBUG    | Received 76:C7:BF:5C:0B:86: .
   MainThread:15:30:49.353 scanner.py                                117 DEBUG    | Received 73:8A:48:B2:2E:6B: .
   MainThread:15:30:49.360 scanner.py                                117 DEBUG    | Received 73:8A:48:B2:2E:6B: .
   MainThread:15:30:49.361 scanner.py                                117 DEBUG    | Received 54:D6:68:2B:1D:DA: Jabra Evolve2 65.
   MainThread:15:30:49.364 scanner.py                                117 DEBUG    | Received 54:D6:68:2B:1D:DA: .
   MainThread:15:30:49.429 scanner.py                                117 DEBUG    | Received 8C:71:12:52:1D:DB: QT 12521DDB.
   MainThread:15:30:49.432 scanner.py                                117 DEBUG    | Received 20:B3:48:31:53:FB: .
   MainThread:15:30:49.568 scanner.py                                117 DEBUG    | Received 7C:C3:84:38:18:49: .
   MainThread:15:30:49.574 scanner.py                                117 DEBUG    | Received F9:57:92:8B:F4:39: .
   MainThread:15:30:49.581 scanner.py                                117 DEBUG    | Received F9:57:92:8B:F4:39: .
   MainThread:15:30:49.588 scanner.py                                117 DEBUG    | Received DB:3B:46:FE:CB:23: .
   MainThread:15:30:49.592 scanner.py                                117 DEBUG    | Received 76:C7:BF:5C:0B:86: .
   MainThread:15:30:49.594 scanner.py                                117 DEBUG    | Received 76:C7:BF:5C:0B:86: .
   MainThread:15:30:49.595 scanner.py                                117 DEBUG    | Received 6D:59:CF:B0:4D:2B: .
   MainThread:15:30:49.658 scanner.py                                117 DEBUG    | Received CF:74:2B:4C:C0:EA: .
   MainThread:15:30:49.659 scanner.py                                117 DEBUG    | Received CF:74:2B:4C:C0:EA: .
   MainThread:15:30:49.662 scanner.py                                117 DEBUG    | Received 60:38:D4:FB:82:B4: .
   MainThread:15:30:49.662 scanner.py                                117 DEBUG    | Received 60:38:D4:FB:82:B4: .
   MainThread:15:30:49.665 scanner.py                                117 DEBUG    | Received 72:90:79:86:59:BD: .
   MainThread:15:30:49.666 scanner.py                                117 DEBUG    | Received 72:90:79:86:59:BD: JBL Tune Flex 2-LE.
   MainThread:15:30:49.669 scanner.py                                117 DEBUG    | Received 7B:C1:8E:38:B1:AC: .
   MainThread:15:30:49.672 scanner.py                                117 DEBUG    | Received 04:33:5E:FE:3A:E7: .
   MainThread:15:30:49.778 scanner.py                                117 DEBUG    | Received DC:23:4D:86:DA:BD: .
   MainThread:15:30:49.780 scanner.py                                117 DEBUG    | Received DC:23:4D:86:DA:BD: .
   MainThread:15:30:49.781 scanner.py                                117 DEBUG    | Received 04:33:5E:FE:3A:E7: .
   MainThread:15:30:49.784 scanner.py                                117 DEBUG    | Received 62:2A:83:44:56:E9: .
   MainThread:15:30:49.786 scanner.py                                117 DEBUG    | Received 62:2A:83:44:56:E9: .
   MainThread:15:30:49.896 scanner.py                                117 DEBUG    | Received 73:8A:48:B2:2E:6B: .
   MainThread:15:30:49.898 scanner.py                                117 DEBUG    | Received 73:8A:48:B2:2E:6B: .
   MainThread:15:30:49.901 scanner.py                                117 DEBUG    | Received 4A:3C:2A:2F:7B:85: .
   MainThread:15:30:49.904 scanner.py                                117 DEBUG    | Received 4A:3C:2A:2F:7B:85: .
   MainThread:15:30:49.905 scanner.py                                117 DEBUG    | Received DC:23:4D:86:DA:B5: .
   MainThread:15:30:49.907 scanner.py                                117 DEBUG    | Received DC:23:4D:86:DA:B5: .
   MainThread:15:30:49.909 scanner.py                                117 DEBUG    | Received 7C:59:88:9E:7A:13: .
   MainThread:15:30:49.910 scanner.py                                117 DEBUG    | Received 7C:59:88:9E:7A:13: .
   MainThread:15:30:50.043 scanner.py                                117 DEBUG    | Received DB:3B:46:FE:CB:23: .
   MainThread:15:30:50.127 scanner.py                                117 DEBUG    | Received 76:C7:BF:5C:0B:86: .
   MainThread:15:30:50.129 scanner.py                                117 DEBUG    | Received 76:C7:BF:5C:0B:86: .
   MainThread:15:30:50.131 scanner.py                                117 DEBUG    | Received 54:D6:68:2B:1D:DA: Jabra Evolve2 65.
   MainThread:15:30:50.133 scanner.py                                117 DEBUG    | Received 54:D6:68:2B:1D:DA: .
   MainThread:15:30:50.134 scanner.py                                117 DEBUG    | Received 6D:59:CF:B0:4D:2B: .
   MainThread:15:30:50.138 scanner.py                                117 DEBUG    | Received 6D:59:CF:B0:4D:2B: .
   MainThread:15:30:50.140 scanner.py                                117 DEBUG    | Received 0F:20:0B:B0:53:41: .
   MainThread:15:30:50.143 scanner.py                                117 DEBUG    | Received 7C:1E:A7:2B:52:70: .
   MainThread:15:30:50.149 scanner.py                                117 DEBUG    | Received 62:2A:83:44:56:E9: .
   MainThread:15:30:50.257 scanner.py                                117 DEBUG    | Received 0F:20:0B:B0:53:41: .
   MainThread:15:30:50.268 scanner.py                                117 DEBUG    | Received CC:8D:1F:D9:70:FB: .
   MainThread:15:30:50.273 scanner.py                                117 DEBUG    | Received CC:8D:1F:D9:70:FB: .
   MainThread:15:30:50.278 scanner.py                                117 DEBUG    | Received 7A:B4:C4:CA:8B:B9: .
   MainThread:15:30:50.280 scanner.py                                117 DEBUG    | Received 7A:B4:C4:CA:8B:B9: .
   MainThread:15:30:50.517 scanner.py                                117 DEBUG    | Received DC:23:4D:86:DA:BD: .
   MainThread:15:30:50.525 scanner.py                                117 DEBUG    | Received 6D:CC:78:78:5B:C7: .
   MainThread:15:30:50.530 scanner.py                                117 DEBUG    | Received 6D:CC:78:78:5B:C7: .
   MainThread:15:30:50.535 scanner.py                                117 DEBUG    | Received DB:3B:46:FE:CB:23: .
   MainThread:15:30:50.538 scanner.py                                117 DEBUG    | Received D9:5C:9E:27:5F:F2: .
   MainThread:15:30:50.539 scanner.py                                117 DEBUG    | Received 62:2A:83:44:56:E9: .
   MainThread:15:30:50.540 scanner.py                                117 DEBUG    | Received 62:2A:83:44:56:E9: .
   MainThread:15:30:50.542 scanner.py                                117 DEBUG    | Received 04:33:5E:FE:3A:E7: .
   MainThread:15:30:50.543 scanner.py                                117 DEBUG    | Received 7C:1E:A7:2B:52:70: .
   MainThread:15:30:50.544 scanner.py                                117 DEBUG    | Received E2:A4:BB:C7:B6:13: .
   MainThread:15:30:50.546 scanner.py                                117 DEBUG    | Received 00:A4:1C:FD:C6:D8: .
   MainThread:15:30:50.549 scanner.py                                117 DEBUG    | Received 00:A4:1C:FD:C6:D8: WH-CH720N.
   MainThread:15:30:50.720 scanner.py                                117 DEBUG    | Received 73:8A:48:B2:2E:6B: .
   MainThread:15:30:50.721 scanner.py                                117 DEBUG    | Received 73:8A:48:B2:2E:6B: .
   MainThread:15:30:50.722 scanner.py                                117 DEBUG    | Received 04:33:5E:FE:3A:E7: .
   MainThread:15:30:50.848 scanner.py                                117 DEBUG    | Received 7C:C3:84:38:18:49: .
   MainThread:15:30:50.960 scanner.py                                117 DEBUG    | Received 6D:59:CF:B0:4D:2B: .
   MainThread:15:30:50.961 scanner.py                                117 DEBUG    | Received 6D:59:CF:B0:4D:2B: .
   MainThread:15:30:50.971 scanner.py                                117 DEBUG    | Received 7B:C1:8E:38:B1:AC: .
   MainThread:15:30:51.073 scanner.py                                117 DEBUG    | Received 13:52:77:82:ED:25: .
   MainThread:15:30:51.075 scanner.py                                117 DEBUG    | Received 13:52:77:82:ED:25: .
   MainThread:15:30:51.076 scanner.py                                117 DEBUG    | Received 7C:1E:A7:2B:52:70: .
   MainThread:15:30:51.082 scanner.py                                117 DEBUG    | Received 0F:20:0B:B0:53:41: .
   MainThread:15:30:51.084 scanner.py                                117 DEBUG    | Received E3:35:D2:AA:5E:75: .
   MainThread:15:30:51.086 scanner.py                                117 DEBUG    | Received E3:35:D2:AA:5E:75: .
   MainThread:15:30:51.191 scanner.py                                117 DEBUG    | Received 0F:20:0B:B0:53:41: .
   MainThread:15:30:51.194 scanner.py                                117 DEBUG    | Received DC:23:4D:86:DA:BD: .
   MainThread:15:30:51.198 scanner.py                                117 DEBUG    | Received DC:23:4D:86:DA:BD: .
   MainThread:15:30:51.325 scanner.py                                117 DEBUG    | Received 20:B3:48:31:53:FB: .
   MainThread:15:30:51.334 scanner.py                                117 DEBUG    | Received 72:90:79:86:59:BD: .
   MainThread:15:30:51.338 scanner.py                                117 DEBUG    | Received 72:90:79:86:59:BD: JBL Tune Flex 2-LE.
   MainThread:15:30:51.347 scanner.py                                117 DEBUG    | Received 6D:CC:78:78:5B:C7: .
   MainThread:15:30:51.348 scanner.py                                117 DEBUG    | Received 6D:CC:78:78:5B:C7: .
   MainThread:15:30:51.555 scanner.py                                117 DEBUG    | Received 04:33:5E:FE:3A:E7: .
   MainThread:15:30:51.563 scanner.py                                117 DEBUG    | Received 4A:3C:2A:2F:7B:85: .
   MainThread:15:30:51.566 scanner.py                                117 DEBUG    | Received 4A:3C:2A:2F:7B:85: .
   MainThread:15:30:51.574 scanner.py                                117 DEBUG    | Received 7A:B4:C4:CA:8B:B9: .
   MainThread:15:30:51.580 scanner.py                                117 DEBUG    | Received 7A:B4:C4:CA:8B:B9: .
   MainThread:15:30:51.672 scanner.py                                117 DEBUG    | Received CF:74:2B:4C:C0:EA: .
   MainThread:15:30:51.675 scanner.py                                117 DEBUG    | Received CF:74:2B:4C:C0:EA: .
   MainThread:15:30:51.791 scanner.py                                117 DEBUG    | Received 7C:C3:84:38:18:49: .
   MainThread:15:30:51.793 scanner.py                                117 DEBUG    | Received 00:A4:1C:FD:C6:D8: .
   MainThread:15:30:51.797 scanner.py                                117 DEBUG    | Received 00:A4:1C:FD:C6:D8: WH-CH720N.
   MainThread:15:30:51.800 scanner.py                                117 DEBUG    | Received DC:23:4D:86:DA:B5: .
   MainThread:15:30:51.802 scanner.py                                117 DEBUG    | Received DC:23:4D:86:DA:B5: .
   MainThread:15:30:51.805 scanner.py                                117 DEBUG    | Received 72:90:79:86:59:BD: .
   MainThread:15:30:51.807 scanner.py                                117 DEBUG    | Received 72:90:79:86:59:BD: JBL Tune Flex 2-LE.
   MainThread:15:30:51.903 scanner.py                                117 DEBUG    | Received C1:EF:35:43:D4:B7: .
   MainThread:15:30:51.910 scanner.py                                117 DEBUG    | Received 7B:C1:8E:38:B1:AC: .
   MainThread:15:30:52.015 scanner.py                                117 DEBUG    | Received 7C:1E:A7:2B:52:70: .
   MainThread:15:30:52.022 scanner.py                                117 DEBUG    | Received 62:2A:83:44:56:E9: .
   MainThread:15:30:52.028 scanner.py                                117 DEBUG    | Received 0F:20:0B:B0:53:41: .
   MainThread:15:30:52.167 scanner.py                                117 DEBUG    | Received CF:74:2B:4C:C0:EA: .
   MainThread:15:30:52.169 scanner.py                                117 DEBUG    | Received CF:74:2B:4C:C0:EA: .
   MainThread:15:30:52.177 scanner.py                                117 DEBUG    | Received 04:33:5E:FE:3A:E7: .
   MainThread:15:30:52.264 scanner.py                                117 DEBUG    | Received 20:B3:48:31:53:FB: .
   MainThread:15:30:52.270 scanner.py                                117 DEBUG    | Received CC:8D:1F:D9:70:FB: .
   MainThread:15:30:52.271 scanner.py                                117 DEBUG    | Received CC:8D:1F:D9:70:FB: .
   MainThread:15:30:52.374 scanner.py                                117 DEBUG    | Received 20:B3:48:31:53:FB: .
   MainThread:15:30:52.376 scanner.py                                117 DEBUG    | Received 4A:3C:2A:2F:7B:85: .
   MainThread:15:30:52.377 scanner.py                                117 DEBUG    | Received 4A:3C:2A:2F:7B:85: .
   MainThread:15:30:52.382 scanner.py                                117 DEBUG    | Received 04:33:5E:FE:3A:E7: .
   MainThread:15:30:52.390 scanner.py                                117 DEBUG    | Received 7C:1E:A7:2B:52:70: .
   MainThread:15:30:52.498 scanner.py                                117 DEBUG    | Received 7A:B4:C4:CA:8B:B9: .
   MainThread:15:30:52.499 scanner.py                                117 DEBUG    | Received 7A:B4:C4:CA:8B:B9: .
   MainThread:15:30:52.503 scanner.py                                117 DEBUG    | Received 49:13:A0:8A:92:66: .
   MainThread:15:30:52.507 scanner.py                                117 DEBUG    | Received 7C:59:88:9E:7A:13: .
   MainThread:15:30:52.509 scanner.py                                117 DEBUG    | Received 7C:59:88:9E:7A:13: .
   MainThread:15:30:52.615 scanner.py                                117 DEBUG    | Received 72:90:79:86:59:BD: .
   MainThread:15:30:52.620 scanner.py                                117 DEBUG    | Received 72:90:79:86:59:BD: JBL Tune Flex 2-LE.
   MainThread:15:30:52.622 scanner.py                                117 DEBUG    | Received 6D:59:CF:B0:4D:2B: .
   MainThread:15:30:52.625 scanner.py                                117 DEBUG    | Received 6D:59:CF:B0:4D:2B: .
   MainThread:15:30:52.626 scanner.py                                117 DEBUG    | Received DC:23:4D:86:DA:B5: .
   MainThread:15:30:52.628 scanner.py                                117 DEBUG    | Received DC:23:4D:86:DA:B5: .
   MainThread:15:30:52.742 scanner.py                                117 DEBUG    | Received DC:23:4D:86:DA:BD: .
   MainThread:15:30:52.745 scanner.py                                117 DEBUG    | Received DC:23:4D:86:DA:BD: .
   MainThread:15:30:52.853 scanner.py                                117 DEBUG    | Received 7B:C1:8E:38:B1:AC: .
   MainThread:15:30:52.985 scanner.py                                117 DEBUG    | Received 0F:20:0B:B0:53:41: .
   MainThread:15:30:53.087 scanner.py                                117 DEBUG    | Received 7C:C3:84:38:18:49: .
   MainThread:15:30:53.090 scanner.py                                117 DEBUG    | Received 13:52:77:82:ED:25: .
   MainThread:15:30:53.093 scanner.py                                117 DEBUG    | Received 13:52:77:82:ED:25: .
   MainThread:15:30:53.097 scanner.py                                117 DEBUG    | Received 20:B3:48:31:53:FB: .
   MainThread:15:30:53.100 scanner.py                                117 DEBUG    | Received 72:90:79:86:59:BD: .
   MainThread:15:30:53.101 scanner.py                                117 DEBUG    | Received 72:90:79:86:59:BD: JBL Tune Flex 2-LE.
   MainThread:15:30:53.103 scanner.py                                117 DEBUG    | Received C4:EF:E0:2E:63:25: .
   MainThread:15:30:53.105 scanner.py                                117 DEBUG    | Received F9:57:92:8B:F4:39: .
   MainThread:15:30:53.106 scanner.py                                117 DEBUG    | Received F9:57:92:8B:F4:39: .
   MainThread:15:30:53.108 scanner.py                                117 DEBUG    | Received 54:D6:68:2B:1D:DA: Jabra Evolve2 65.
   MainThread:15:30:53.109 scanner.py                                117 DEBUG    | Received 54:D6:68:2B:1D:DA: .
   MainThread:15:30:53.201 scanner.py                                117 DEBUG    | Received 20:B3:48:31:53:FB: .
   MainThread:15:30:53.202 scanner.py                                117 DEBUG    | Received 04:33:5E:FE:3A:E7: .
   MainThread:15:30:53.329 scanner.py                                117 DEBUG    | Received 7C:1E:A7:2B:52:70: .
   MainThread:15:30:53.438 scanner.py                                117 DEBUG    | Received E3:2F:9E:FC:47:01: .
   MainThread:15:30:53.443 scanner.py                                117 DEBUG    | Received 76:C7:BF:5C:0B:86: .
   MainThread:15:30:53.694 scanner.py                                117 DEBUG    | Received CF:74:2B:4C:C0:EA: .
   MainThread:15:30:53.699 scanner.py                                117 DEBUG    | Received CF:74:2B:4C:C0:EA: .
   MainThread:15:30:53.802 scanner.py                                117 DEBUG    | Received DC:23:4D:86:DA:B5: .
   MainThread:15:30:53.808 scanner.py                                117 DEBUG    | Received 7A:B4:C4:CA:8B:B9: .
   MainThread:15:30:53.812 scanner.py                                117 DEBUG    | Received 7A:B4:C4:CA:8B:B9: .
   MainThread:15:30:53.817 scanner.py                                117 DEBUG    | Received 72:90:79:86:59:BD: .
   MainThread:15:30:53.819 scanner.py                                117 DEBUG    | Received 72:90:79:86:59:BD: JBL Tune Flex 2-LE.
   MainThread:15:30:53.826 scanner.py                                117 DEBUG    | Received 7C:C3:84:38:18:49: .
   MainThread:15:30:53.829 scanner.py                                117 DEBUG    | Received DB:3B:46:FE:CB:23: .
   MainThread:15:30:53.909 scanner.py                                117 DEBUG    | Received C1:EF:35:43:D4:B7: .
   MainThread:15:30:53.914 scanner.py                                117 DEBUG    | Received 62:2A:83:44:56:E9: .
   MainThread:15:30:53.920 scanner.py                                117 DEBUG    | Received 0F:20:0B:B0:53:41: .
   MainThread:15:30:54.031 scanner.py                                117 DEBUG    | Received 0F:20:0B:B0:53:41: .
   MainThread:15:30:54.034 scanner.py                                117 DEBUG    | Received 04:33:5E:FE:3A:E7: .
   MainThread:15:30:54.038 scanner.py                                117 DEBUG    | Received 20:B3:48:31:53:FB: .
   MainThread:15:30:54.049 scanner.py                                117 DEBUG    | Received F3:D4:02:14:67:1C: .
   MainThread:15:30:54.149 scanner.py                                117 DEBUG    | Received DB:3B:46:FE:CB:23: .
   MainThread:15:30:54.267 scanner.py                                117 DEBUG    | Received 72:90:79:86:59:BD: .
   MainThread:15:30:54.270 scanner.py                                117 DEBUG    | Received 72:90:79:86:59:BD: JBL Tune Flex 2-LE.
   MainThread:15:30:54.383 scanner.py                                117 DEBUG    | Received 7C:C3:84:38:18:49: .
   MainThread:15:30:54.618 scanner.py                                117 DEBUG    | Received F9:57:92:8B:F4:39: .
   MainThread:15:30:54.620 scanner.py                                117 DEBUG    | Received F9:57:92:8B:F4:39: .
   MainThread:15:30:54.623 scanner.py                                117 DEBUG    | Received DB:3B:46:FE:CB:23: .
   MainThread:15:30:54.626 scanner.py                                117 DEBUG    | Received DC:23:4D:86:DA:BD: .
   MainThread:15:30:54.628 scanner.py                                117 DEBUG    | Received DC:23:4D:86:DA:BD: .
   MainThread:15:30:54.632 scanner.py                                117 DEBUG    | Received 6D:CC:78:78:5B:C7: .
   MainThread:15:30:54.633 scanner.py                                117 DEBUG    | Received 6D:CC:78:78:5B:C7: .
   MainThread:15:30:54.741 scanner.py                                117 DEBUG    | Received 7C:59:88:9E:7A:13: .
   MainThread:15:30:54.742 scanner.py                                117 DEBUG    | Received 7C:59:88:9E:7A:13: .
   MainThread:15:30:54.746 scanner.py                                117 DEBUG    | Received 00:A4:1C:FD:C6:D8: .
   MainThread:15:30:54.748 scanner.py                                117 DEBUG    | Received 00:A4:1C:FD:C6:D8: WH-CH720N.
   MainThread:15:30:54.752 scanner.py                                117 DEBUG    | Received 04:33:5E:FE:3A:E7: .
   MainThread:15:30:54.870 scanner.py                                117 DEBUG    | Received 0F:20:0B:B0:53:41: .
   MainThread:15:30:54.883 scanner.py                                117 DEBUG    | Received 7F:A5:5C:58:58:3C: .
   MainThread:15:30:54.884 scanner.py                                117 DEBUG    | Received 7F:A5:5C:58:58:3C: .
   MainThread:15:30:54.886 scanner.py                                117 DEBUG    | Received 60:38:D4:FB:82:B4: .
   MainThread:15:30:54.887 scanner.py                                117 DEBUG    | Received 60:38:D4:FB:82:B4: .
   MainThread:15:30:54.971 scanner.py                                117 DEBUG    | Received 04:33:5E:FE:3A:E7: .
   MainThread:15:30:54.974 scanner.py                                117 DEBUG    | Received DC:23:4D:86:DA:BD: .
   MainThread:15:30:54.979 scanner.py                                117 DEBUG    | Received DC:23:4D:86:DA:BD: .
   MainThread:15:30:55.115 scanner.py                                117 DEBUG    | Received 72:90:79:86:59:BD: .
   MainThread:15:30:55.119 scanner.py                                117 DEBUG    | Received 72:90:79:86:59:BD: JBL Tune Flex 2-LE.
   MainThread:15:30:55.122 scanner.py                                117 DEBUG    | Received C4:EF:E0:2E:63:25: .
   MainThread:15:30:55.125 scanner.py                                117 DEBUG    | Received 7C:59:88:9E:7A:13: .
   MainThread:15:30:55.126 scanner.py                                117 DEBUG    | Received 7C:59:88:9E:7A:13: .
   MainThread:15:30:55.128 scanner.py                                117 DEBUG    | Received 7E:60:6A:96:37:0B: .
   MainThread:15:30:55.130 scanner.py                                117 DEBUG    | Received 7E:60:6A:96:37:0B: .
   MainThread:15:30:55.131 scanner.py                                117 DEBUG    | Received 4A:3C:2A:2F:7B:85: .
   MainThread:15:30:55.133 scanner.py                                117 DEBUG    | Received 28:AF:42:27:F0:5B: .
   MainThread:15:30:55.134 scanner.py                                117 DEBUG    | Received 28:AF:42:27:F0:5B: 75" Crystal UHD.
   MainThread:15:30:55.136 scanner.py                                117 DEBUG    | Received 73:8A:48:B2:2E:6B: .
   MainThread:15:30:55.137 scanner.py                                117 DEBUG    | Received 73:8A:48:B2:2E:6B: .
   MainThread:15:30:55.208 scanner.py                                117 DEBUG    | Received CF:74:2B:4C:C0:EA: .
   MainThread:15:30:55.209 scanner.py                                117 DEBUG    | Received CF:74:2B:4C:C0:EA: .
   MainThread:15:30:55.218 scanner.py                                117 DEBUG    | Received 62:2A:83:44:56:E9: .
   MainThread:15:30:55.219 scanner.py                                117 DEBUG    | Received 62:2A:83:44:56:E9: .
   MainThread:15:30:55.332 scanner.py                                117 DEBUG    | Received 7C:C3:84:38:18:49: .
   MainThread:15:30:55.339 scanner.py                                117 DEBUG    | Received CC:8D:1F:D9:70:FB: .
   MainThread:15:30:55.345 scanner.py                                117 DEBUG    | Received CC:8D:1F:D9:70:FB: .
   MainThread:15:30:55.350 scanner.py                                117 DEBUG    | Received DC:23:4D:86:DA:B5: .
   MainThread:15:30:55.352 scanner.py                                117 DEBUG    | Received DC:23:4D:86:DA:B5: .
   MainThread:15:30:55.453 scanner.py                                117 DEBUG    | Received 8C:71:12:52:1D:DB: QT 12521DDB.
   MainThread:15:30:55.457 scanner.py                                117 DEBUG    | Received 6D:CC:78:78:5B:C7: .
   MainThread:15:30:55.461 scanner.py                                117 DEBUG    | Received 6D:CC:78:78:5B:C7: .
   MainThread:15:30:55.466 scanner.py                                117 DEBUG    | Received 7B:C1:8E:38:B1:AC: .
   MainThread:15:30:55.469 scanner.py                                117 DEBUG    | Received 54:D6:68:2B:1D:DA: Jabra Evolve2 65.
   MainThread:15:30:55.471 scanner.py                                117 DEBUG    | Received 54:D6:68:2B:1D:DA: .
   MainThread:15:30:55.710 scanner.py                                117 DEBUG    | Received DC:E0:25:06:79:68: .
   MainThread:15:30:55.721 scanner.py                                117 DEBUG    | Received 60:38:D4:FB:82:B4: .
   MainThread:15:30:55.725 scanner.py                                117 DEBUG    | Received 60:38:D4:FB:82:B4: .
   MainThread:15:30:55.728 scanner.py                                117 DEBUG    | Received CF:74:2B:4C:C0:EA: .
   MainThread:15:30:55.729 scanner.py                                117 DEBUG    | Received CF:74:2B:4C:C0:EA: .
   MainThread:15:30:55.734 scanner.py                                117 DEBUG    | Received DB:3B:46:FE:CB:23: .
   MainThread:15:30:55.809 scanner.py                                117 DEBUG    | Received 0F:20:0B:B0:53:41: .
   MainThread:15:30:55.814 scanner.py                                117 DEBUG    | Received 04:33:5E:FE:3A:E7: .
   MainThread:15:30:55.818 scanner.py                                117 DEBUG    | Received 20:B3:48:31:53:FB: .
   MainThread:15:30:55.921 scanner.py                                117 DEBUG    | Received C1:EF:35:43:D4:B7: .
   MainThread:15:30:55.924 scanner.py                                117 DEBUG    | Received 72:90:79:86:59:BD: .
   MainThread:15:30:55.926 scanner.py                                117 DEBUG    | Received 72:90:79:86:59:BD: JBL Tune Flex 2-LE.
   MainThread:15:30:56.054 scanner.py                                117 DEBUG    | Received 7C:59:88:9E:7A:13: .
   MainThread:15:30:56.056 scanner.py                                117 DEBUG    | Received 7C:59:88:9E:7A:13: .
   MainThread:15:30:56.163 scanner.py                                117 DEBUG    | Received DC:23:4D:86:DA:BD: .
   MainThread:15:30:56.169 scanner.py                                117 DEBUG    | Received DC:23:4D:86:DA:BD: .
   MainThread:15:30:56.278 scanner.py                                117 DEBUG    | Received 6D:CC:78:78:5B:C7: .
   MainThread:15:30:56.397 scanner.py                                117 DEBUG    | Received 7B:C1:8E:38:B1:AC: .
   MainThread:15:30:56.404 scanner.py                                117 DEBUG    | Received 49:13:A0:8A:92:66: .
   MainThread:15:30:56.408 scanner.py                                117 DEBUG    | Received 54:D6:68:2B:1D:DA: Jabra Evolve2 65.
   MainThread:15:30:56.415 scanner.py                                117 DEBUG    | Received 54:D6:68:2B:1D:DA: .
   MainThread:15:30:56.522 scanner.py                                117 DEBUG    | Received 62:2A:83:44:56:E9: .
   MainThread:15:30:56.528 scanner.py                                117 DEBUG    | Received 62:2A:83:44:56:E9: .
   MainThread:15:30:56.534 scanner.py                                117 DEBUG    | Received 8C:71:12:52:1D:DB: QT 12521DDB.
   MainThread:15:30:56.540 scanner.py                                117 DEBUG    | Received D9:5C:9E:27:5F:F2: .
   MainThread:15:30:56.637 scanner.py                                117 DEBUG    | Received 28:AF:42:27:F0:5B: .
   MainThread:15:30:56.644 scanner.py                                117 DEBUG    | Received 28:AF:42:27:F0:5B: 75" Crystal UHD.
   MainThread:15:30:56.650 scanner.py                                117 DEBUG    | Received F9:57:92:8B:F4:39: .
   MainThread:15:30:56.654 scanner.py                                117 DEBUG    | Received F9:57:92:8B:F4:39: .
   MainThread:15:30:56.661 scanner.py                                117 DEBUG    | Received 94:EC:32:1D:95:29: BG.
   MainThread:15:30:56.662 scanner.py                                117 DEBUG    | Received 94:EC:32:1D:95:29: .
   MainThread:15:30:56.664 scanner.py                                117 DEBUG    | Received 09:7A:49:80:2D:0E: .
   MainThread:15:30:56.665 scanner.py                                117 DEBUG    | Received 20:B3:48:31:53:FB: .
   MainThread:15:30:56.748 scanner.py                                117 DEBUG    | Received 0F:20:0B:B0:53:41: .
   MainThread:15:30:56.759 scanner.py                                117 DEBUG    | Received 04:33:5E:FE:3A:E7: .
   MainThread:15:30:56.867 scanner.py                                117 DEBUG    | Received 04:33:5E:FE:3A:E7: .
   MainThread:15:30:56.874 scanner.py                                117 DEBUG    | Received 7C:1E:A7:2B:52:70: .
   MainThread:15:30:56.884 scanner.py                                117 DEBUG    | Received 20:B3:48:31:53:FB: .
   MainThread:15:30:56.889 scanner.py                                117 DEBUG    | Received 54:D6:68:2B:1D:DA: Jabra Evolve2 65.
   MainThread:15:30:56.894 scanner.py                                117 DEBUG    | Received 54:D6:68:2B:1D:DA: .
   MainThread:15:30:56.990 scanner.py                                117 DEBUG    | Received DC:23:4D:86:DA:BD: .
   MainThread:15:30:56.994 scanner.py                                117 DEBUG    | Received DC:23:4D:86:DA:BD: .
   MainThread:15:30:57.000 scanner.py                                117 DEBUG    | Received 7C:C3:84:38:18:49: .
   MainThread:15:30:57.101 scanner.py                                117 DEBUG    | Received E3:35:D2:AA:5E:75: .
   MainThread:15:30:57.106 scanner.py                                117 DEBUG    | Received E3:35:D2:AA:5E:75: .
   MainThread:15:30:57.111 scanner.py                                117 DEBUG    | Received 72:90:79:86:59:BD: .
   MainThread:15:30:57.117 scanner.py                                117 DEBUG    | Received 6D:CC:78:78:5B:C7: .
   MainThread:15:30:57.119 scanner.py                                117 DEBUG    | Received 6D:CC:78:78:5B:C7: .
   MainThread:15:30:57.121 scanner.py                                117 DEBUG    | Received 72:90:79:86:59:BD: .
   MainThread:15:30:57.124 scanner.py                                117 DEBUG    | Received C4:EF:E0:2E:63:25: .
   MainThread:15:30:57.224 scanner.py                                117 DEBUG    | Received CF:74:2B:4C:C0:EA: .
   MainThread:15:30:57.225 scanner.py                                117 DEBUG    | Received CF:74:2B:4C:C0:EA: .
   MainThread:15:30:57.355 scanner.py                                117 DEBUG    | Received 60:38:D4:FB:82:B4: .
   MainThread:15:30:57.360 scanner.py                                117 DEBUG    | Received 60:38:D4:FB:82:B4: .
   MainThread:15:30:57.368 scanner.py                                117 DEBUG    | Received 7C:C3:84:38:18:49: .
   MainThread:15:30:57.696 scanner.py                                117 DEBUG    | Received 7B:C1:8E:38:B1:AC: .
   MainThread:15:30:57.702 scanner.py                                117 DEBUG    | Received 09:7A:49:80:2D:0E: .
   MainThread:15:30:57.734 scanner.py                                117 DEBUG    | Received CF:74:2B:4C:C0:EA: .
   MainThread:15:30:57.740 scanner.py                                117 DEBUG    | Received CF:74:2B:4C:C0:EA: .
   MainThread:15:30:57.809 scanner.py                                117 DEBUG    | Received 62:2A:83:44:56:E9: .
   MainThread:15:30:57.810 scanner.py                                117 DEBUG    | Received 62:2A:83:44:56:E9: .
   MainThread:15:30:57.811 scanner.py                                117 DEBUG    | Received 0F:20:0B:B0:53:41: .
   MainThread:15:30:57.813 scanner.py                                117 DEBUG    | Received 54:D6:68:2B:1D:DA: Jabra Evolve2 65.
   MainThread:15:30:57.814 scanner.py                                117 DEBUG    | Received 54:D6:68:2B:1D:DA: .
   MainThread:15:30:57.824 scanner.py                                117 DEBUG    | Received DC:23:4D:86:DA:BD: .
   MainThread:15:30:57.827 scanner.py                                117 DEBUG    | Received DC:23:4D:86:DA:BD: .
   MainThread:15:30:57.887 scanner.py                                212 DEBUG    | 1 devices found. Watcher status: <BluetoothLEAdvertisementWatcherStatus.STOPPED: 3>.
   MainThread:15:30:57.888 client.py                                  86 WARNING  | Failed to find a device in 15 seconds. Retrying #2
   MainThread:15:30:57.890 bleak_wrapper.py                          121 INFO     | Scanning for GoPro [A-Z0-9]{4} bluetooth devices...
   MainThread:15:30:57.913 scanner.py                                117 DEBUG    | Received 0F:20:0B:B0:53:41: .
   MainThread:15:30:57.914 scanner.py                                117 DEBUG    | Received C1:EF:35:43:D4:B7: .
   MainThread:15:30:57.916 scanner.py                                117 DEBUG    | Received 04:33:5E:FE:3A:E7: .
   MainThread:15:30:57.922 scanner.py                                117 DEBUG    | Received 72:90:79:86:59:BD: .
   MainThread:15:30:57.923 scanner.py                                117 DEBUG    | Received 72:90:79:86:59:BD: JBL Tune Flex 2-LE.
   MainThread:15:30:57.930 scanner.py                                117 DEBUG    | Received 72:90:79:86:59:BD: .
   MainThread:15:30:57.933 scanner.py                                117 DEBUG    | Received DB:3B:46:FE:CB:23: .
   MainThread:15:30:58.151 scanner.py                                117 DEBUG    | Received F9:57:92:8B:F4:39: .
   MainThread:15:30:58.155 scanner.py                                117 DEBUG    | Received F9:57:92:8B:F4:39: .
   MainThread:15:30:58.161 scanner.py                                117 DEBUG    | Received 73:8A:48:B2:2E:6B: .
   MainThread:15:30:58.163 scanner.py                                117 DEBUG    | Received 73:8A:48:B2:2E:6B: .
   MainThread:15:30:58.168 scanner.py                                117 DEBUG    | Received 7E:60:6A:96:37:0B: .
   MainThread:15:30:58.170 scanner.py                                117 DEBUG    | Received 7E:60:6A:96:37:0B: .
   MainThread:15:30:58.174 scanner.py                                117 DEBUG    | Received 7C:1E:A7:2B:52:70: .
   MainThread:15:30:58.286 scanner.py                                117 DEBUG    | Received 13:52:77:82:ED:25: .
   MainThread:15:30:58.288 scanner.py                                117 DEBUG    | Received 13:52:77:82:ED:25: .
   MainThread:15:30:58.389 scanner.py                                117 DEBUG    | Received 76:C7:BF:5C:0B:86: .
   MainThread:15:30:58.391 scanner.py                                117 DEBUG    | Received 76:C7:BF:5C:0B:86: .
   MainThread:15:30:58.409 scanner.py                                117 DEBUG    | Received 72:90:79:86:59:BD: .
   MainThread:15:30:58.413 scanner.py                                117 DEBUG    | Received 72:90:79:86:59:BD: JBL Tune Flex 2-LE.
   MainThread:15:30:58.417 scanner.py                                117 DEBUG    | Received DB:3B:46:FE:CB:23: .
   MainThread:15:30:58.418 scanner.py                                117 DEBUG    | Received 4A:3C:2A:2F:7B:85: .
   MainThread:15:30:58.419 scanner.py                                117 DEBUG    | Received 4A:3C:2A:2F:7B:85: .
   MainThread:15:30:58.421 scanner.py                                117 DEBUG    | Received 7B:C1:8E:38:B1:AC: .
   MainThread:15:30:58.638 scanner.py                                117 DEBUG    | Received 7A:B4:C4:CA:8B:B9: .
   MainThread:15:30:58.644 scanner.py                                117 DEBUG    | Received 7A:B4:C4:CA:8B:B9: .
   MainThread:15:30:58.648 scanner.py                                117 DEBUG    | Received CC:8D:1F:D9:70:FB: .
   MainThread:15:30:58.651 scanner.py                                117 DEBUG    | Received CC:8D:1F:D9:70:FB: .
   MainThread:15:30:58.654 scanner.py                                117 DEBUG    | Received 28:AF:42:27:F0:5B: .
   MainThread:15:30:58.656 scanner.py                                117 DEBUG    | Received 0F:20:0B:B0:53:41: .
   MainThread:15:30:58.742 scanner.py                                117 DEBUG    | Received 62:2A:83:44:56:E9: .
   MainThread:15:30:58.744 scanner.py                                117 DEBUG    | Received 62:2A:83:44:56:E9: .
   MainThread:15:30:58.745 scanner.py                                117 DEBUG    | Received 20:B3:48:31:53:FB: .
   MainThread:15:30:58.747 scanner.py                                117 DEBUG    | Received 6D:CC:78:78:5B:C7: .
   MainThread:15:30:58.748 scanner.py                                117 DEBUG    | Received 6D:CC:78:78:5B:C7: .
   MainThread:15:30:58.753 scanner.py                                117 DEBUG    | Received 72:90:79:86:59:BD: .
   MainThread:15:30:58.754 scanner.py                                117 DEBUG    | Received 72:90:79:86:59:BD: JBL Tune Flex 2-LE.
   MainThread:15:30:58.860 scanner.py                                117 DEBUG    | Received 13:52:77:82:ED:25: .
   MainThread:15:30:58.861 scanner.py                                117 DEBUG    | Received 13:52:77:82:ED:25: .
   MainThread:15:30:58.866 scanner.py                                117 DEBUG    | Received 7C:C3:84:38:18:49: .
   MainThread:15:30:59.007 scanner.py                                117 DEBUG    | Received 7F:A5:5C:58:58:3C: .
   MainThread:15:30:59.017 scanner.py                                117 DEBUG    | Received 6D:CC:78:78:5B:C7: .
   MainThread:15:30:59.019 scanner.py                                117 DEBUG    | Received 6D:CC:78:78:5B:C7: .
   MainThread:15:30:59.022 scanner.py                                117 DEBUG    | Received E6:BA:68:E2:CB:1B: .
   MainThread:15:30:59.098 scanner.py                                117 DEBUG    | Received 04:33:5E:FE:3A:E7: .
   MainThread:15:30:59.106 scanner.py                                117 DEBUG    | Received 7C:1E:A7:2B:52:70: .
   MainThread:15:30:59.232 scanner.py                                117 DEBUG    | Received 72:90:79:86:59:BD: .
   MainThread:15:30:59.233 scanner.py                                117 DEBUG    | Received 72:90:79:86:59:BD: JBL Tune Flex 2-LE.
   MainThread:15:30:59.242 scanner.py                                117 DEBUG    | Received 4A:3C:2A:2F:7B:85: .
   MainThread:15:30:59.242 scanner.py                                117 DEBUG    | Received 4A:3C:2A:2F:7B:85: .
   MainThread:15:30:59.244 scanner.py                                117 DEBUG    | Received 72:90:79:86:59:BD: .
   MainThread:15:30:59.250 scanner.py                                117 DEBUG    | Received CF:74:2B:4C:C0:EA: .
   MainThread:15:30:59.252 scanner.py                                117 DEBUG    | Received CF:74:2B:4C:C0:EA: .
   MainThread:15:30:59.343 scanner.py                                117 DEBUG    | Received 7B:C1:8E:38:B1:AC: .
   MainThread:15:30:59.452 scanner.py                                117 DEBUG    | Received E3:2F:9E:FC:47:01: .
   MainThread:15:30:59.602 scanner.py                                117 DEBUG    | Received 20:B3:48:31:53:FB: .
   MainThread:15:30:59.693 scanner.py                                117 DEBUG    | Received 54:D6:68:2B:1D:DA: Jabra Evolve2 65.
   MainThread:15:30:59.696 scanner.py                                117 DEBUG    | Received 54:D6:68:2B:1D:DA: .
   MainThread:15:30:59.810 scanner.py                                117 DEBUG    | Received 7C:C3:84:38:18:49: .
   MainThread:15:30:59.816 scanner.py                                117 DEBUG    | Received 20:B3:48:31:53:FB: .
   MainThread:15:30:59.823 scanner.py                                117 DEBUG    | Received 00:A4:1C:FD:C6:D8: .
   MainThread:15:30:59.826 scanner.py                                117 DEBUG    | Received 00:A4:1C:FD:C6:D8: WH-CH720N.
   MainThread:15:30:59.827 scanner.py                                117 DEBUG    | Received 73:8A:48:B2:2E:6B: .
   MainThread:15:30:59.829 scanner.py                                117 DEBUG    | Received 73:8A:48:B2:2E:6B: .
   MainThread:15:30:59.830 scanner.py                                117 DEBUG    | Received DC:23:4D:86:DA:B5: .
   MainThread:15:30:59.831 scanner.py                                117 DEBUG    | Received DC:23:4D:86:DA:B5: .
   MainThread:15:30:59.944 scanner.py                                117 DEBUG    | Received 7A:B4:C4:CA:8B:B9: .
   MainThread:15:30:59.949 scanner.py                                117 DEBUG    | Received 7A:B4:C4:CA:8B:B9: .
   MainThread:15:31:00.034 scanner.py                                117 DEBUG    | Received 04:33:5E:FE:3A:E7: .
   MainThread:15:31:00.038 scanner.py                                117 DEBUG    | Received 6D:59:CF:B0:4D:2B: .
   MainThread:15:31:00.039 scanner.py                                117 DEBUG    | Received 6D:59:CF:B0:4D:2B: .
   MainThread:15:31:00.041 scanner.py                                117 DEBUG    | Received 76:C7:BF:5C:0B:86: .
   MainThread:15:31:00.042 scanner.py                                117 DEBUG    | Received 76:C7:BF:5C:0B:86: .
   MainThread:15:31:00.051 scanner.py                                117 DEBUG    | Received 62:2A:83:44:56:E9: .
   MainThread:15:31:00.052 scanner.py                                117 DEBUG    | Received 62:2A:83:44:56:E9: .
   MainThread:15:31:00.055 scanner.py                                117 DEBUG    | Received 72:90:79:86:59:BD: .
   MainThread:15:31:00.057 scanner.py                                117 DEBUG    | Received 72:90:79:86:59:BD: JBL Tune Flex 2-LE.
   MainThread:15:31:00.059 scanner.py                                117 DEBUG    | Received 4A:3C:2A:2F:7B:85: .
   MainThread:15:31:00.158 scanner.py                                117 DEBUG    | Received CC:8D:1F:D9:70:FB: .
   MainThread:15:31:00.160 scanner.py                                117 DEBUG    | Received CC:8D:1F:D9:70:FB: .
   MainThread:15:31:00.163 scanner.py                                117 DEBUG    | Received 54:D6:68:2B:1D:DA: Jabra Evolve2 65.
   MainThread:15:31:00.165 scanner.py                                117 DEBUG    | Received 28:AF:42:27:F0:5B: .
   MainThread:15:31:00.166 scanner.py                                117 DEBUG    | Received 28:AF:42:27:F0:5B: 75" Crystal UHD.
   MainThread:15:31:00.167 scanner.py                                117 DEBUG    | Received F9:57:92:8B:F4:39: .
   MainThread:15:31:00.168 scanner.py                                117 DEBUG    | Received F9:57:92:8B:F4:39: .
   MainThread:15:31:00.397 scanner.py                                117 DEBUG    | Received 72:90:79:86:59:BD: .
   MainThread:15:31:00.401 scanner.py                                117 DEBUG    | Received 72:90:79:86:59:BD: JBL Tune Flex 2-LE.
   MainThread:15:31:00.403 scanner.py                                117 DEBUG    | Received 6D:CC:78:78:5B:C7: .
   MainThread:15:31:00.404 scanner.py                                117 DEBUG    | Received 0F:20:0B:B0:53:41: .
   MainThread:15:31:00.410 scanner.py                                117 DEBUG    | Received CC:8D:1F:D9:70:FB: .
   MainThread:15:31:00.412 scanner.py                                117 DEBUG    | Received CC:8D:1F:D9:70:FB: .
   MainThread:15:31:00.512 scanner.py                                117 DEBUG    | Received 0F:20:0B:B0:53:41: .
   MainThread:15:31:00.515 scanner.py                                117 DEBUG    | Received DC:23:4D:86:DA:BD: .
   MainThread:15:31:00.639 scanner.py                                117 DEBUG    | Received DB:3B:46:FE:CB:23: .
   MainThread:15:31:00.645 scanner.py                                117 DEBUG    | Received 20:B3:48:31:53:FB: .
   MainThread:15:31:00.652 scanner.py                                117 DEBUG    | Received 60:38:D4:FB:82:B4: .
   MainThread:15:31:00.658 scanner.py                                117 DEBUG    | Received 7B:C1:8E:38:B1:AC: .
   MainThread:15:31:00.875 scanner.py                                117 DEBUG    | Received 6D:59:CF:B0:4D:2B: .
   MainThread:15:31:00.880 scanner.py                                117 DEBUG    | Received 6D:59:CF:B0:4D:2B: .
   MainThread:15:31:00.886 scanner.py                                117 DEBUG    | Received 7C:59:88:9E:7A:13: .
   MainThread:15:31:00.892 scanner.py                                117 DEBUG    | Received 7C:59:88:9E:7A:13: .
   MainThread:15:31:00.898 scanner.py                                117 DEBUG    | Received 7A:B4:C4:CA:8B:B9: .
   MainThread:15:31:00.900 scanner.py                                117 DEBUG    | Received 7A:B4:C4:CA:8B:B9: .
   MainThread:15:31:00.902 scanner.py                                117 DEBUG    | Received 72:90:79:86:59:BD: .
   MainThread:15:31:00.904 scanner.py                                117 DEBUG    | Received 72:90:79:86:59:BD: JBL Tune Flex 2-LE.
   MainThread:15:31:00.907 scanner.py                                117 DEBUG    | Received 72:90:79:86:59:BD: .
   MainThread:15:31:00.909 scanner.py                                117 DEBUG    | Received 72:90:79:86:59:BD: JBL Tune Flex 2-LE.
   MainThread:15:31:00.910 scanner.py                                117 DEBUG    | Received 4A:3C:2A:2F:7B:85: .
   MainThread:15:31:00.911 scanner.py                                117 DEBUG    | Received 4A:3C:2A:2F:7B:85: .
   MainThread:15:31:00.984 scanner.py                                117 DEBUG    | Received 04:33:5E:FE:3A:E7: .
   MainThread:15:31:00.988 scanner.py                                117 DEBUG    | Received 62:2A:83:44:56:E9: .
   MainThread:15:31:00.989 scanner.py                                117 DEBUG    | Received 62:2A:83:44:56:E9: .
   MainThread:15:31:01.133 scanner.py                                117 DEBUG    | Received DC:23:4D:86:DA:BD: .
   MainThread:15:31:01.136 scanner.py                                117 DEBUG    | Received DC:23:4D:86:DA:BD: .
   MainThread:15:31:01.343 scanner.py                                117 DEBUG    | Received 7C:1E:A7:2B:52:70: .
   MainThread:15:31:01.355 scanner.py                                117 DEBUG    | Received 0F:20:0B:B0:53:41: .
   MainThread:15:31:01.457 scanner.py                                117 DEBUG    | Received 0F:20:0B:B0:53:41: .
   MainThread:15:31:01.466 scanner.py                                117 DEBUG    | Received 60:38:D4:FB:82:B4: .
   MainThread:15:31:01.470 scanner.py                                117 DEBUG    | Received 60:38:D4:FB:82:B4: .
   MainThread:15:31:01.471 scanner.py                                117 DEBUG    | Received 7C:C3:84:38:18:49: .
   MainThread:15:31:01.472 scanner.py                                117 DEBUG    | Received 20:B3:48:31:53:FB: .
   MainThread:15:31:01.474 scanner.py                                117 DEBUG    | Received 73:8A:48:B2:2E:6B: .
   MainThread:15:31:01.475 scanner.py                                117 DEBUG    | Received 73:8A:48:B2:2E:6B: .
   MainThread:15:31:01.578 scanner.py                                117 DEBUG    | Received 20:B3:48:31:53:FB: .
   MainThread:15:31:01.587 scanner.py                                117 DEBUG    | Received DB:3B:46:FE:CB:23: .
   MainThread:15:31:01.590 scanner.py                                117 DEBUG    | Received 54:D6:68:2B:1D:DA: Jabra Evolve2 65.
   MainThread:15:31:01.591 scanner.py                                117 DEBUG    | Received 54:D6:68:2B:1D:DA: .
   MainThread:15:31:01.593 scanner.py                                117 DEBUG    | Received 7B:C1:8E:38:B1:AC: .
   MainThread:15:31:01.707 scanner.py                                117 DEBUG    | Received 72:90:79:86:59:BD: .
   MainThread:15:31:01.710 scanner.py                                117 DEBUG    | Received 72:90:79:86:59:BD: JBL Tune Flex 2-LE.
   MainThread:15:31:01.818 scanner.py                                117 DEBUG    | Received 7A:B4:C4:CA:8B:B9: .
   MainThread:15:31:01.823 scanner.py                                117 DEBUG    | Received 7A:B4:C4:CA:8B:B9: .
   MainThread:15:31:01.939 scanner.py                                117 DEBUG    | Received C1:EF:35:43:D4:B7: .
   MainThread:15:31:02.073 scanner.py                                117 DEBUG    | Received F3:D4:02:14:67:1C: .
   MainThread:15:31:02.077 scanner.py                                117 DEBUG    | Received 6D:CC:78:78:5B:C7: .
   MainThread:15:31:02.078 scanner.py                                117 DEBUG    | Received 6D:CC:78:78:5B:C7: .
   MainThread:15:31:02.081 scanner.py                                117 DEBUG    | Received 0F:20:0B:B0:53:41: .
   MainThread:15:31:02.171 scanner.py                                117 DEBUG    | Received 00:00:00:00:00:00: .
   MainThread:15:31:02.178 scanner.py                                117 DEBUG    | Received 7C:59:88:9E:7A:13: .
   MainThread:15:31:02.181 scanner.py                                117 DEBUG    | Received 7C:59:88:9E:7A:13: .
   MainThread:15:31:02.186 scanner.py                                117 DEBUG    | Received DC:23:4D:86:DA:B5: .
   MainThread:15:31:02.187 scanner.py                                117 DEBUG    | Received DC:23:4D:86:DA:B5: .
   MainThread:15:31:02.189 scanner.py                                117 DEBUG    | Received 76:C7:BF:5C:0B:86: .
   MainThread:15:31:02.190 scanner.py                                117 DEBUG    | Received 76:C7:BF:5C:0B:86: .
   MainThread:15:31:02.191 scanner.py                                117 DEBUG    | Received 7A:B4:C4:CA:8B:B9: .
   MainThread:15:31:02.192 scanner.py                                117 DEBUG    | Received 7A:B4:C4:CA:8B:B9: .
   MainThread:15:31:02.291 scanner.py                                117 DEBUG    | Received CF:74:2B:4C:C0:EA: .
   MainThread:15:31:02.294 scanner.py                                117 DEBUG    | Received CF:74:2B:4C:C0:EA: .
   MainThread:15:31:02.298 scanner.py                                117 DEBUG    | Received 0F:20:0B:B0:53:41: .
   MainThread:15:31:02.305 scanner.py                                117 DEBUG    | Received 73:8A:48:B2:2E:6B: .
   MainThread:15:31:02.309 scanner.py                                117 DEBUG    | Received 73:8A:48:B2:2E:6B: .
   MainThread:15:31:02.404 scanner.py                                117 DEBUG    | Received 7C:C3:84:38:18:49: .
   MainThread:15:31:02.408 scanner.py                                117 DEBUG    | Received 0F:20:0B:B0:53:41: .
   MainThread:15:31:02.422 scanner.py                                117 DEBUG    | Received 20:B3:48:31:53:FB: .
   MainThread:15:31:02.527 scanner.py                                117 DEBUG    | Received 6D:59:CF:B0:4D:2B: .
   MainThread:15:31:02.530 scanner.py                                117 DEBUG    | Received 6D:59:CF:B0:4D:2B: .
   MainThread:15:31:02.536 scanner.py                                117 DEBUG    | Received 54:D6:68:2B:1D:DA: Jabra Evolve2 65.
   MainThread:15:31:02.540 scanner.py                                117 DEBUG    | Received 54:D6:68:2B:1D:DA: .
   MainThread:15:31:02.542 scanner.py                                117 DEBUG    | Received DB:3B:46:FE:CB:23: .
   MainThread:15:31:02.641 scanner.py                                117 DEBUG    | Received 04:33:5E:FE:3A:E7: .
   MainThread:15:31:02.644 scanner.py                                117 DEBUG    | Received 7C:1E:A7:2B:52:70: .
   MainThread:15:31:02.657 scanner.py                                117 DEBUG    | Received 28:AF:42:27:F0:5B: .
   MainThread:15:31:02.660 scanner.py                                117 DEBUG    | Received 28:AF:42:27:F0:5B: 75" Crystal UHD.
   MainThread:15:31:02.797 scanner.py                                117 DEBUG    | Received CF:74:2B:4C:C0:EA: .
   MainThread:15:31:02.887 scanner.py                                117 DEBUG    | Received DC:23:4D:86:DA:B5: .
   MainThread:15:31:02.890 scanner.py                                117 DEBUG    | Received DC:23:4D:86:DA:B5: .
   MainThread:15:31:03.012 scanner.py                                117 DEBUG    | Received 76:C7:BF:5C:0B:86: .
   MainThread:15:31:03.015 scanner.py                                117 DEBUG    | Received 76:C7:BF:5C:0B:86: .
   MainThread:15:31:03.018 scanner.py                                117 DEBUG    | Received DB:3B:46:FE:CB:23: .
   MainThread:15:31:03.115 scanner.py                                117 DEBUG    | Received E3:35:D2:AA:5E:75: .
   MainThread:15:31:03.121 scanner.py                                117 DEBUG    | Received E3:35:D2:AA:5E:75: .
   MainThread:15:31:03.126 scanner.py                                117 DEBUG    | Received 60:38:D4:FB:82:B4: .
   MainThread:15:31:03.128 scanner.py                                117 DEBUG    | Received 60:38:D4:FB:82:B4: .
   MainThread:15:31:03.131 scanner.py                                117 DEBUG    | Received 7A:B4:C4:CA:8B:B9: .
   MainThread:15:31:03.133 scanner.py                                117 DEBUG    | Received C4:EF:E0:2E:63:25: .
   MainThread:15:31:03.236 scanner.py                                117 DEBUG    | Received 62:2A:83:44:56:E9: .
   MainThread:15:31:03.240 scanner.py                                117 DEBUG    | Received 62:2A:83:44:56:E9: .
   MainThread:15:31:03.244 scanner.py                                117 DEBUG    | Received CC:8D:1F:D9:70:FB: .
   MainThread:15:31:03.246 scanner.py                                117 DEBUG    | Received CC:8D:1F:D9:70:FB: .
   MainThread:15:31:03.248 scanner.py                                117 DEBUG    | Received 72:90:79:86:59:BD: .
   MainThread:15:31:03.250 scanner.py                                117 DEBUG    | Received 72:90:79:86:59:BD: JBL Tune Flex 2-LE.
   MainThread:15:31:03.252 scanner.py                                117 DEBUG    | Received 0F:20:0B:B0:53:41: .
   MainThread:15:31:03.346 scanner.py                                117 DEBUG    | Received 6D:59:CF:B0:4D:2B: .
   MainThread:15:31:03.346 scanner.py                                117 DEBUG    | Received 6D:59:CF:B0:4D:2B: .
   MainThread:15:31:03.347 scanner.py                                117 DEBUG    | Received 0F:20:0B:B0:53:41: .
   MainThread:15:31:03.350 scanner.py                                117 DEBUG    | Received 72:90:79:86:59:BD: .
   MainThread:15:31:03.351 scanner.py                                117 DEBUG    | Received 72:90:79:86:59:BD: JBL Tune Flex 2-LE.
   MainThread:15:31:03.352 scanner.py                                117 DEBUG    | Received 4A:3C:2A:2F:7B:85: .
   MainThread:15:31:03.353 scanner.py                                117 DEBUG    | Received 4A:3C:2A:2F:7B:85: .
   MainThread:15:31:03.470 scanner.py                                117 DEBUG    | Received 7C:59:88:9E:7A:13: .
   MainThread:15:31:03.472 scanner.py                                117 DEBUG    | Received 7C:59:88:9E:7A:13: .
   MainThread:15:31:03.476 scanner.py                                117 DEBUG    | Received 20:B3:48:31:53:FB: .
   MainThread:15:31:03.583 scanner.py                                117 DEBUG    | Received 20:B3:48:31:53:FB: .
   MainThread:15:31:03.596 scanner.py                                117 DEBUG    | Received 04:33:5E:FE:3A:E7: .
   MainThread:15:31:03.601 scanner.py                                117 DEBUG    | Received 62:2A:83:44:56:E9: .
   MainThread:15:31:03.605 scanner.py                                117 DEBUG    | Received 62:2A:83:44:56:E9: .
   MainThread:15:31:03.729 scanner.py                                117 DEBUG    | Received 6D:CC:78:78:5B:C7: .
   MainThread:15:31:03.733 scanner.py                                117 DEBUG    | Received 6D:CC:78:78:5B:C7: .
   MainThread:15:31:03.741 scanner.py                                117 DEBUG    | Received DC:E0:25:06:79:68: .
   MainThread:15:31:03.746 scanner.py                                117 DEBUG    | Received DC:23:4D:86:DA:B5: .
   MainThread:15:31:03.747 scanner.py                                117 DEBUG    | Received DC:23:4D:86:DA:B5: .
   MainThread:15:31:03.748 scanner.py                                117 DEBUG    | Received 49:13:A0:8A:92:66: .
   MainThread:15:31:03.752 scanner.py                                117 DEBUG    | Received 49:13:A0:8A:92:66: .
   MainThread:15:31:03.755 scanner.py                                117 DEBUG    | Received CC:8D:1F:D9:70:FB: .
   MainThread:15:31:03.758 scanner.py                                117 DEBUG    | Received CC:8D:1F:D9:70:FB: .
   MainThread:15:31:03.822 scanner.py                                117 DEBUG    | Received 7B:C1:8E:38:B1:AC: .
   MainThread:15:31:03.838 scanner.py                                117 DEBUG    | Received 7C:59:88:9E:7A:13: .
   MainThread:15:31:03.839 scanner.py                                117 DEBUG    | Received 7C:59:88:9E:7A:13: .
   MainThread:15:31:03.941 scanner.py                                117 DEBUG    | Received 7C:1E:A7:2B:52:70: .
   MainThread:15:31:03.948 scanner.py                                117 DEBUG    | Received 60:38:D4:FB:82:B4: .
   MainThread:15:31:03.950 scanner.py                                117 DEBUG    | Received 60:38:D4:FB:82:B4: .
   MainThread:15:31:03.953 scanner.py                                117 DEBUG    | Received 73:8A:48:B2:2E:6B: .
   MainThread:15:31:03.956 scanner.py                                117 DEBUG    | Received 73:8A:48:B2:2E:6B: .
   MainThread:15:31:04.066 scanner.py                                117 DEBUG    | Received DC:23:4D:86:DA:BD: .
   MainThread:15:31:04.067 scanner.py                                117 DEBUG    | Received DC:23:4D:86:DA:BD: .
   MainThread:15:31:04.070 scanner.py                                117 DEBUG    | Received 54:D6:68:2B:1D:DA: Jabra Evolve2 65.
   MainThread:15:31:04.071 scanner.py                                117 DEBUG    | Received 54:D6:68:2B:1D:DA: .
   MainThread:15:31:04.079 scanner.py                                117 DEBUG    | Received 7C:C3:84:38:18:49: .
   MainThread:15:31:04.085 scanner.py                                117 DEBUG    | Received 72:90:79:86:59:BD: .
   MainThread:15:31:04.088 scanner.py                                117 DEBUG    | Received 72:90:79:86:59:BD: JBL Tune Flex 2-LE.
   MainThread:15:31:04.170 scanner.py                                117 DEBUG    | Received 72:90:79:86:59:BD: .
   MainThread:15:31:04.179 scanner.py                                117 DEBUG    | Received 4A:3C:2A:2F:7B:85: .
   MainThread:15:31:04.180 scanner.py                                117 DEBUG    | Received 4A:3C:2A:2F:7B:85: .
   MainThread:15:31:04.184 scanner.py                                117 DEBUG    | Received 28:AF:42:27:F0:5B: .
   MainThread:15:31:04.186 scanner.py                                117 DEBUG    | Received 28:AF:42:27:F0:5B: 75" Crystal UHD.
   MainThread:15:31:04.194 scanner.py                                117 DEBUG    | Received 28:AF:42:27:F0:5B: .
   MainThread:15:31:04.197 scanner.py                                117 DEBUG    | Received 28:AF:42:27:F0:5B: 75" Crystal UHD.
   MainThread:15:31:04.296 scanner.py                                117 DEBUG    | Received 0F:20:0B:B0:53:41: .
   MainThread:15:31:04.308 scanner.py                                117 DEBUG    | Received CF:74:2B:4C:C0:EA: .
   MainThread:15:31:04.308 scanner.py                                117 DEBUG    | Received CF:74:2B:4C:C0:EA: .
   MainThread:15:31:04.418 scanner.py                                117 DEBUG    | Received 72:90:79:86:59:BD: .
   MainThread:15:31:04.422 scanner.py                                117 DEBUG    | Received 72:90:79:86:59:BD: JBL Tune Flex 2-LE.
   MainThread:15:31:04.424 scanner.py                                117 DEBUG    | Received DC:23:4D:86:DA:BD: .
   MainThread:15:31:04.427 scanner.py                                117 DEBUG    | Received DC:23:4D:86:DA:BD: .
   MainThread:15:31:04.428 scanner.py                                117 DEBUG    | Received 20:B3:48:31:53:FB: .
   MainThread:15:31:04.430 scanner.py                                117 DEBUG    | Received 04:33:5E:FE:3A:E7: .
   MainThread:15:31:04.437 scanner.py                                117 DEBUG    | Received 7A:B4:C4:CA:8B:B9: .
   MainThread:15:31:04.438 scanner.py                                117 DEBUG    | Received 7A:B4:C4:CA:8B:B9: .
   MainThread:15:31:04.440 scanner.py                                117 DEBUG    | Received DC:23:4D:86:DA:B5: .
   MainThread:15:31:04.442 scanner.py                                117 DEBUG    | Received DC:23:4D:86:DA:B5: .
   MainThread:15:31:04.561 scanner.py                                117 DEBUG    | Received 6D:CC:78:78:5B:C7: .
   MainThread:15:31:04.566 scanner.py                                117 DEBUG    | Received 6D:CC:78:78:5B:C7: .
   MainThread:15:31:04.573 scanner.py                                117 DEBUG    | Received 13:52:77:82:ED:25: .
   MainThread:15:31:04.575 scanner.py                                117 DEBUG    | Received 13:52:77:82:ED:25: .
   MainThread:15:31:04.577 scanner.py                                117 DEBUG    | Received E3:8C:24:D1:1A:46: .
   MainThread:15:31:04.580 scanner.py                                117 DEBUG    | Received DB:5A:E1:F7:4F:08: .
   MainThread:15:31:04.583 scanner.py                                117 DEBUG    | Received 7B:C1:8E:38:B1:AC: .
   MainThread:15:31:04.585 scanner.py                                117 DEBUG    | Received E2:A4:BB:C7:B6:13: .
   MainThread:15:31:04.665 scanner.py                                117 DEBUG    | Received 72:90:79:86:59:BD: .
   MainThread:15:31:04.666 scanner.py                                117 DEBUG    | Received 72:90:79:86:59:BD: JBL Tune Flex 2-LE.
   MainThread:15:31:04.767 scanner.py                                117 DEBUG    | Received DC:23:4D:86:DA:BD: .
   MainThread:15:31:04.770 scanner.py                                117 DEBUG    | Received DC:23:4D:86:DA:BD: .
   MainThread:15:31:04.773 scanner.py                                117 DEBUG    | Received 7C:59:88:9E:7A:13: .
   MainThread:15:31:04.775 scanner.py                                117 DEBUG    | Received 7C:59:88:9E:7A:13: .
   MainThread:15:31:04.777 scanner.py                                117 DEBUG    | Received 60:38:D4:FB:82:B4: .
   MainThread:15:31:04.777 scanner.py                                117 DEBUG    | Received 60:38:D4:FB:82:B4: .
   MainThread:15:31:04.779 scanner.py                                117 DEBUG    | Received 73:8A:48:B2:2E:6B: .
   MainThread:15:31:04.781 scanner.py                                117 DEBUG    | Received 73:8A:48:B2:2E:6B: .
   MainThread:15:31:04.783 scanner.py                                117 DEBUG    | Received DC:23:4D:86:DA:B5: .
   MainThread:15:31:04.785 scanner.py                                117 DEBUG    | Received DC:23:4D:86:DA:B5: .
   MainThread:15:31:05.021 scanner.py                                117 DEBUG    | Received 7C:C3:84:38:18:49: .
   MainThread:15:31:05.033 scanner.py                                117 DEBUG    | Received 54:D6:68:2B:1D:DA: Jabra Evolve2 65.
   MainThread:15:31:05.037 scanner.py                                117 DEBUG    | Received 54:D6:68:2B:1D:DA: .
   MainThread:15:31:05.040 scanner.py                                117 DEBUG    | Received CC:8D:1F:D9:70:FB: .
   MainThread:15:31:05.042 scanner.py                                117 DEBUG    | Received CC:8D:1F:D9:70:FB: .
   MainThread:15:31:05.127 scanner.py                                117 DEBUG    | Received 0F:20:0B:B0:53:41: .
   MainThread:15:31:05.129 scanner.py                                117 DEBUG    | Received C4:EF:E0:2E:63:25: .
   MainThread:15:31:05.131 scanner.py                                117 DEBUG    | Received 7B:C1:8E:38:B1:AC: .
   MainThread:15:31:05.238 scanner.py                                117 DEBUG    | Received 49:13:A0:8A:92:66: .
   MainThread:15:31:05.244 scanner.py                                117 DEBUG    | Received 7C:1E:A7:2B:52:70: .
   MainThread:15:31:05.246 scanner.py                                117 DEBUG    | Received 20:B3:48:31:53:FB: .
   MainThread:15:31:05.252 scanner.py                                117 DEBUG    | Received 72:90:79:86:59:BD: .
   MainThread:15:31:05.253 scanner.py                                117 DEBUG    | Received 72:90:79:86:59:BD: JBL Tune Flex 2-LE.
   MainThread:15:31:05.480 scanner.py                                117 DEBUG    | Received 04:33:5E:FE:3A:E7: .
   MainThread:15:31:05.498 scanner.py                                117 DEBUG    | Received 72:90:79:86:59:BD: .
   MainThread:15:31:05.501 scanner.py                                117 DEBUG    | Received 72:90:79:86:59:BD: JBL Tune Flex 2-LE.
   MainThread:15:31:05.508 scanner.py                                117 DEBUG    | Received 54:D6:68:2B:1D:DA: Jabra Evolve2 65.
   MainThread:15:31:05.512 scanner.py                                117 DEBUG    | Received 54:D6:68:2B:1D:DA: .
   MainThread:15:31:05.600 scanner.py                                117 DEBUG    | Received 72:90:79:86:59:BD: .
   MainThread:15:31:05.605 scanner.py                                117 DEBUG    | Received 72:90:79:86:59:BD: JBL Tune Flex 2-LE.
   MainThread:15:31:05.609 scanner.py                                117 DEBUG    | Received 73:8A:48:B2:2E:6B: .
   MainThread:15:31:05.611 scanner.py                                117 DEBUG    | Received 73:8A:48:B2:2E:6B: .
   MainThread:15:31:05.614 scanner.py                                117 DEBUG    | Received DC:23:4D:86:DA:B5: .
   MainThread:15:31:05.615 scanner.py                                117 DEBUG    | Received DC:23:4D:86:DA:B5: .
   MainThread:15:31:05.711 scanner.py                                117 DEBUG    | Received 13:52:77:82:ED:25: .
   MainThread:15:31:05.714 scanner.py                                117 DEBUG    | Received 13:52:77:82:ED:25: .
   MainThread:15:31:05.718 scanner.py                                117 DEBUG    | Received 28:AF:42:27:F0:5B: .
   MainThread:15:31:05.719 scanner.py                                117 DEBUG    | Received 28:AF:42:27:F0:5B: 75" Crystal UHD.
   MainThread:15:31:05.721 scanner.py                                117 DEBUG    | Received DB:3B:46:FE:CB:23: .
   MainThread:15:31:05.722 scanner.py                                117 DEBUG    | Received 28:AF:42:27:F0:5B: .
   MainThread:15:31:05.723 scanner.py                                117 DEBUG    | Received 28:AF:42:27:F0:5B: 75" Crystal UHD.
   MainThread:15:31:05.727 scanner.py                                117 DEBUG    | Received F9:57:92:8B:F4:39: .
   MainThread:15:31:05.728 scanner.py                                117 DEBUG    | Received F9:57:92:8B:F4:39: .
   MainThread:15:31:05.731 scanner.py                                117 DEBUG    | Received 7A:B4:C4:CA:8B:B9: .
   MainThread:15:31:05.732 scanner.py                                117 DEBUG    | Received 7A:B4:C4:CA:8B:B9: .
   MainThread:15:31:05.827 scanner.py                                117 DEBUG    | Received 4A:3C:2A:2F:7B:85: .
   MainThread:15:31:05.828 scanner.py                                117 DEBUG    | Received 4A:3C:2A:2F:7B:85: .
   MainThread:15:31:05.840 scanner.py                                117 DEBUG    | Received 62:2A:83:44:56:E9: .
   MainThread:15:31:05.843 scanner.py                                117 DEBUG    | Received 7E:60:6A:96:37:0B: .
   MainThread:15:31:05.844 scanner.py                                117 DEBUG    | Received 7E:60:6A:96:37:0B: .
   MainThread:15:31:05.947 scanner.py                                117 DEBUG    | Received C1:EF:35:43:D4:B7: .
   MainThread:15:31:05.957 scanner.py                                117 DEBUG    | Received DC:23:4D:86:DA:BD: .
   MainThread:15:31:05.965 scanner.py                                117 DEBUG    | Received DC:23:4D:86:DA:BD: .
   MainThread:15:31:05.968 scanner.py                                117 DEBUG    | Received 54:D6:68:2B:1D:DA: Jabra Evolve2 65.
   MainThread:15:31:05.975 scanner.py                                117 DEBUG    | Received 54:D6:68:2B:1D:DA: .
   MainThread:15:31:05.987 scanner.py                                117 DEBUG    | Received 7C:1E:A7:2B:52:70: .
   MainThread:15:31:06.072 scanner.py                                117 DEBUG    | Received 7C:59:88:9E:7A:13: .
   MainThread:15:31:06.076 scanner.py                                117 DEBUG    | Received 7C:59:88:9E:7A:13: .
   MainThread:15:31:06.080 scanner.py                                117 DEBUG    | Received 0F:20:0B:B0:53:41: .
   MainThread:15:31:06.081 scanner.py                                117 DEBUG    | Received 7B:C1:8E:38:B1:AC: .
   MainThread:15:31:06.082 scanner.py                                117 DEBUG    | Received F3:D4:02:14:67:1C: .
   MainThread:15:31:06.205 scanner.py                                117 DEBUG    | Received DB:3B:46:FE:CB:23: .
   MainThread:15:31:06.208 scanner.py                                117 DEBUG    | Received 20:B3:48:31:53:FB: .
   MainThread:15:31:06.316 scanner.py                                117 DEBUG    | Received 7C:C3:84:38:18:49: .
   MainThread:15:31:06.321 scanner.py                                117 DEBUG    | Received CF:74:2B:4C:C0:EA: .
   MainThread:15:31:06.326 scanner.py                                117 DEBUG    | Received CF:74:2B:4C:C0:EA: .
   MainThread:15:31:06.331 scanner.py                                117 DEBUG    | Received CF:4B:09:8A:13:82: .
   MainThread:15:31:06.427 scanner.py                                117 DEBUG    | Received 54:D6:68:2B:1D:DA: Jabra Evolve2 65.
   MainThread:15:31:06.433 scanner.py                                117 DEBUG    | Received 54:D6:68:2B:1D:DA: .
   MainThread:15:31:06.437 scanner.py                                117 DEBUG    | Received 72:90:79:86:59:BD: .
   MainThread:15:31:06.438 scanner.py                                117 DEBUG    | Received 72:90:79:86:59:BD: JBL Tune Flex 2-LE.
   MainThread:15:31:06.440 scanner.py                                117 DEBUG    | Received 73:8A:48:B2:2E:6B: .
   MainThread:15:31:06.441 scanner.py                                117 DEBUG    | Received 73:8A:48:B2:2E:6B: .
   MainThread:15:31:06.444 scanner.py                                117 DEBUG    | Received 60:38:D4:FB:82:B4: .
   MainThread:15:31:06.446 scanner.py                                117 DEBUG    | Received 60:38:D4:FB:82:B4: .
   MainThread:15:31:06.551 scanner.py                                117 DEBUG    | Received 7C:1E:A7:2B:52:70: .
   MainThread:15:31:06.692 scanner.py                                117 DEBUG    | Received 7C:C3:84:38:18:49: .
   MainThread:15:31:06.774 scanner.py                                117 DEBUG    | Received 62:2A:83:44:56:E9: .
   MainThread:15:31:06.782 scanner.py                                117 DEBUG    | Received 62:2A:83:44:56:E9: .
   MainThread:15:31:06.786 scanner.py                                117 DEBUG    | Received CC:8D:1F:D9:70:FB: .
   MainThread:15:31:06.789 scanner.py                                117 DEBUG    | Received CC:8D:1F:D9:70:FB: .
   MainThread:15:31:06.902 scanner.py                                117 DEBUG    | Received 0F:20:0B:B0:53:41: .
   MainThread:15:31:07.011 scanner.py                                117 DEBUG    | Received 0F:20:0B:B0:53:41: .
   MainThread:15:31:07.022 scanner.py                                117 DEBUG    | Received 7B:C1:8E:38:B1:AC: .
   MainThread:15:31:07.148 scanner.py                                117 DEBUG    | Received 13:52:77:82:ED:25: .
   MainThread:15:31:07.153 scanner.py                                117 DEBUG    | Received 13:52:77:82:ED:25: .
   MainThread:15:31:07.160 scanner.py                                117 DEBUG    | Received 76:C7:BF:5C:0B:86: .
   MainThread:15:31:07.163 scanner.py                                117 DEBUG    | Received 76:C7:BF:5C:0B:86: .
   MainThread:15:31:07.166 scanner.py                                117 DEBUG    | Received 72:90:79:86:59:BD: .
   MainThread:15:31:07.267 scanner.py                                117 DEBUG    | Received 7F:A5:5C:58:58:3C: .
   MainThread:15:31:07.268 scanner.py                                117 DEBUG    | Received 7F:A5:5C:58:58:3C: .
   MainThread:15:31:07.269 scanner.py                                117 DEBUG    | Received 04:33:5E:FE:3A:E7: .
   MainThread:15:31:07.376 scanner.py                                117 DEBUG    | Received 54:D6:68:2B:1D:DA: Jabra Evolve2 65.
   MainThread:15:31:07.379 scanner.py                                117 DEBUG    | Received 54:D6:68:2B:1D:DA: .
   MainThread:15:31:07.387 scanner.py                                117 DEBUG    | Received 7C:59:88:9E:7A:13: .
   MainThread:15:31:07.388 scanner.py                                117 DEBUG    | Received 7C:59:88:9E:7A:13: .
   MainThread:15:31:07.497 scanner.py                                117 DEBUG    | Received 7E:60:6A:96:37:0B: .
   MainThread:15:31:07.499 scanner.py                                117 DEBUG    | Received 7E:60:6A:96:37:0B: .
   MainThread:15:31:07.606 scanner.py                                117 DEBUG    | Received 7A:B4:C4:CA:8B:B9: .
   MainThread:15:31:07.609 scanner.py                                117 DEBUG    | Received 7A:B4:C4:CA:8B:B9: .
   MainThread:15:31:07.613 scanner.py                                117 DEBUG    | Received 7C:C3:84:38:18:49: .
   MainThread:15:31:07.618 scanner.py                                117 DEBUG    | Received DC:23:4D:86:DA:B5: .
   MainThread:15:31:07.733 scanner.py                                117 DEBUG    | Received 0F:20:0B:B0:53:41: .
   MainThread:15:31:07.738 scanner.py                                117 DEBUG    | Received 6D:59:CF:B0:4D:2B: .
   MainThread:15:31:07.742 scanner.py                                117 DEBUG    | Received 6D:59:CF:B0:4D:2B: .
   MainThread:15:31:07.745 scanner.py                                117 DEBUG    | Received 28:AF:42:27:F0:5B: .
   MainThread:15:31:07.746 scanner.py                                117 DEBUG    | Received 28:AF:42:27:F0:5B: 75" Crystal UHD.
   MainThread:15:31:07.748 scanner.py                                117 DEBUG    | Received 4A:3C:2A:2F:7B:85: .
   MainThread:15:31:07.749 scanner.py                                117 DEBUG    | Received 4A:3C:2A:2F:7B:85: .
   MainThread:15:31:07.835 scanner.py                                117 DEBUG    | Received CF:74:2B:4C:C0:EA: .
   MainThread:15:31:07.836 scanner.py                                117 DEBUG    | Received CF:74:2B:4C:C0:EA: .
   MainThread:15:31:07.846 scanner.py                                117 DEBUG    | Received DC:23:4D:86:DA:BD: .
   MainThread:15:31:07.847 scanner.py                                117 DEBUG    | Received 7C:1E:A7:2B:52:70: .
   MainThread:15:31:08.086 scanner.py                                117 DEBUG    | Received 62:2A:83:44:56:E9: .
   MainThread:15:31:08.092 scanner.py                                117 DEBUG    | Received 62:2A:83:44:56:E9: .
   MainThread:15:31:08.096 scanner.py                                117 DEBUG    | Received 73:8A:48:B2:2E:6B: .
   MainThread:15:31:08.099 scanner.py                                117 DEBUG    | Received 73:8A:48:B2:2E:6B: .
   MainThread:15:31:08.101 scanner.py                                117 DEBUG    | Received 20:B3:48:31:53:FB: .
   MainThread:15:31:08.104 scanner.py                                117 DEBUG    | Received 04:33:5E:FE:3A:E7: .
   MainThread:15:31:08.318 scanner.py                                117 DEBUG    | Received CC:8D:1F:D9:70:FB: .
   MainThread:15:31:08.325 scanner.py                                117 DEBUG    | Received CC:8D:1F:D9:70:FB: .
   MainThread:15:31:08.329 scanner.py                                117 DEBUG    | Received 72:90:79:86:59:BD: .
   MainThread:15:31:08.333 scanner.py                                117 DEBUG    | Received 72:90:79:86:59:BD: JBL Tune Flex 2-LE.
   MainThread:15:31:08.338 scanner.py                                117 DEBUG    | Received 7E:60:6A:96:37:0B: .
   MainThread:15:31:08.340 scanner.py                                117 DEBUG    | Received 7E:60:6A:96:37:0B: .
   MainThread:15:31:08.553 scanner.py                                117 DEBUG    | Received D9:5C:9E:27:5F:F2: .
   MainThread:15:31:08.558 scanner.py                                117 DEBUG    | Received 6D:59:CF:B0:4D:2B: .
   MainThread:15:31:08.570 scanner.py                                117 DEBUG    | Received CC:8D:1F:D9:70:FB: .
   MainThread:15:31:08.573 scanner.py                                117 DEBUG    | Received E3:8C:24:D1:1A:46: .
   MainThread:15:31:08.575 scanner.py                                117 DEBUG    | Received 13:52:77:82:ED:25: .
   MainThread:15:31:08.577 scanner.py                                117 DEBUG    | Received 13:52:77:82:ED:25: .
   MainThread:15:31:08.683 scanner.py                                117 DEBUG    | Received 7C:59:88:9E:7A:13: .
   MainThread:15:31:08.690 scanner.py                                117 DEBUG    | Received 7C:59:88:9E:7A:13: .
   MainThread:15:31:08.695 scanner.py                                117 DEBUG    | Received DC:23:4D:86:DA:B5: .
   MainThread:15:31:08.699 scanner.py                                117 DEBUG    | Received 6D:CC:78:78:5B:C7: .
   MainThread:15:31:08.703 scanner.py                                117 DEBUG    | Received 6D:CC:78:78:5B:C7: .
   MainThread:15:31:08.706 scanner.py                                117 DEBUG    | Received 0F:20:0B:B0:53:41: .
   MainThread:15:31:08.780 scanner.py                                117 DEBUG    | Received 76:C7:BF:5C:0B:86: .
   MainThread:15:31:08.781 scanner.py                                117 DEBUG    | Received 76:C7:BF:5C:0B:86: .
   MainThread:15:31:08.786 scanner.py                                117 DEBUG    | Received 7C:1E:A7:2B:52:70: .
   MainThread:15:31:08.790 scanner.py                                117 DEBUG    | Received 0F:20:0B:B0:53:41: .
   MainThread:15:31:08.805 scanner.py                                117 DEBUG    | Received 72:90:79:86:59:BD: .
   MainThread:15:31:08.807 scanner.py                                117 DEBUG    | Received 72:90:79:86:59:BD: JBL Tune Flex 2-LE.
   MainThread:15:31:08.899 scanner.py                                117 DEBUG    | Received 0F:20:0B:B0:53:41: .
   MainThread:15:31:08.910 scanner.py                                117 DEBUG    | Received 7C:C3:84:38:18:49: .
   MainThread:15:31:08.912 scanner.py                                117 DEBUG    | Received 04:33:5E:FE:3A:E7: .
   MainThread:15:31:08.916 scanner.py                                117 DEBUG    | Received 7F:A5:5C:58:58:3C: .
   MainThread:15:31:08.917 scanner.py                                117 DEBUG    | Received 20:B3:48:31:53:FB: .
   MainThread:15:31:09.024 scanner.py                                117 DEBUG    | Received 62:2A:83:44:56:E9: .
   MainThread:15:31:09.028 scanner.py                                117 DEBUG    | Received 20:B3:48:31:53:FB: .
   MainThread:15:31:09.035 scanner.py                                117 DEBUG    | Received DC:23:4D:86:DA:B5: .
   MainThread:15:31:09.040 scanner.py                                117 DEBUG    | Received DC:23:4D:86:DA:B5: .
   MainThread:15:31:09.043 scanner.py                                117 DEBUG    | Received DC:23:4D:86:DA:BD: .
   MainThread:15:31:09.045 scanner.py                                117 DEBUG    | Received DC:23:4D:86:DA:BD: .
   MainThread:15:31:09.047 scanner.py                                117 DEBUG    | Received DB:3B:46:FE:CB:23: .
   MainThread:15:31:09.049 scanner.py                                117 DEBUG    | Received 7C:59:88:9E:7A:13: .
   MainThread:15:31:09.053 scanner.py                                117 DEBUG    | Received 7C:59:88:9E:7A:13: .
   MainThread:15:31:09.139 scanner.py                                117 DEBUG    | Received 13:52:77:82:ED:25: .
   MainThread:15:31:09.142 scanner.py                                117 DEBUG    | Received 13:52:77:82:ED:25: .
   MainThread:15:31:09.143 scanner.py                                117 DEBUG    | Received C4:EF:E0:2E:63:25: .
   MainThread:15:31:09.144 scanner.py                                117 DEBUG    | Received 7E:60:6A:96:37:0B: .
   MainThread:15:31:09.145 scanner.py                                117 DEBUG    | Received 7E:60:6A:96:37:0B: .
   MainThread:15:31:09.147 scanner.py                                117 DEBUG    | Received 7C:1E:A7:2B:52:70: .
   MainThread:15:31:09.261 scanner.py                                117 DEBUG    | Received 7B:C1:8E:38:B1:AC: .
   MainThread:15:31:09.265 scanner.py                                117 DEBUG    | Received F9:57:92:8B:F4:39: .
   MainThread:15:31:09.266 scanner.py                                117 DEBUG    | Received F9:57:92:8B:F4:39: .
   MainThread:15:31:09.372 scanner.py                                117 DEBUG    | Received 6D:59:CF:B0:4D:2B: .
   MainThread:15:31:09.373 scanner.py                                117 DEBUG    | Received 6D:59:CF:B0:4D:2B: .
   MainThread:15:31:09.388 scanner.py                                117 DEBUG    | Received DC:23:4D:86:DA:BD: .
   MainThread:15:31:09.389 scanner.py                                117 DEBUG    | Received DC:23:4D:86:DA:BD: .
   MainThread:15:31:09.628 scanner.py                                117 DEBUG    | Received 76:C7:BF:5C:0B:86: .
   MainThread:15:31:09.631 scanner.py                                117 DEBUG    | Received 76:C7:BF:5C:0B:86: .
   MainThread:15:31:09.725 scanner.py                                117 DEBUG    | Received 54:D6:68:2B:1D:DA: Jabra Evolve2 65.
   MainThread:15:31:09.726 scanner.py                                117 DEBUG    | Received 54:D6:68:2B:1D:DA: .
   MainThread:15:31:09.734 scanner.py                                117 DEBUG    | Received 60:38:D4:FB:82:B4: .
   MainThread:15:31:09.735 scanner.py                                117 DEBUG    | Received 60:38:D4:FB:82:B4: .
   MainThread:15:31:09.737 scanner.py                                117 DEBUG    | Received 73:8A:48:B2:2E:6B: .
   MainThread:15:31:09.738 scanner.py                                117 DEBUG    | Received 73:8A:48:B2:2E:6B: .
   MainThread:15:31:09.739 scanner.py                                117 DEBUG    | Received 0F:20:0B:B0:53:41: .
   MainThread:15:31:09.746 scanner.py                                117 DEBUG    | Received 28:AF:42:27:F0:5B: .
   MainThread:15:31:09.747 scanner.py                                117 DEBUG    | Received 28:AF:42:27:F0:5B: 75" Crystal UHD.
   MainThread:15:31:09.842 scanner.py                                117 DEBUG    | Received 7A:B4:C4:CA:8B:B9: .
   MainThread:15:31:09.843 scanner.py                                117 DEBUG    | Received 7A:B4:C4:CA:8B:B9: .
   MainThread:15:31:09.849 scanner.py                                117 DEBUG    | Received 20:B3:48:31:53:FB: .
   MainThread:15:31:09.853 scanner.py                                117 DEBUG    | Received 04:33:5E:FE:3A:E7: .
   MainThread:15:31:09.962 scanner.py                                117 DEBUG    | Received 62:2A:83:44:56:E9: .
   MainThread:15:31:09.964 scanner.py                                117 DEBUG    | Received 62:2A:83:44:56:E9: .
   MainThread:15:31:09.966 scanner.py                                117 DEBUG    | Received 7C:59:88:9E:7A:13: .
   MainThread:15:31:09.967 scanner.py                                117 DEBUG    | Received 7C:59:88:9E:7A:13: .
   MainThread:15:31:10.083 scanner.py                                117 DEBUG    | Received F3:D4:02:14:67:1C: .
   MainThread:15:31:10.089 scanner.py                                117 DEBUG    | Received 7C:1E:A7:2B:52:70: .
   MainThread:15:31:10.197 scanner.py                                117 DEBUG    | Received 54:D6:68:2B:1D:DA: Jabra Evolve2 65.
   MainThread:15:31:10.201 scanner.py                                117 DEBUG    | Received 54:D6:68:2B:1D:DA: .
   MainThread:15:31:10.207 scanner.py                                117 DEBUG    | Received 6D:59:CF:B0:4D:2B: .
   MainThread:15:31:10.208 scanner.py                                117 DEBUG    | Received 7C:C3:84:38:18:49: .
   MainThread:15:31:10.211 scanner.py                                117 DEBUG    | Received 4A:3C:2A:2F:7B:85: .
   MainThread:15:31:10.213 scanner.py                                117 DEBUG    | Received 4A:3C:2A:2F:7B:85: .
   MainThread:15:31:10.215 scanner.py                                117 DEBUG    | Received 72:90:79:86:59:BD: .
   MainThread:15:31:10.217 scanner.py                                117 DEBUG    | Received 72:90:79:86:59:BD: JBL Tune Flex 2-LE.
   MainThread:15:31:10.327 scanner.py                                117 DEBUG    | Received CC:8D:1F:D9:70:FB: .
   MainThread:15:31:10.331 scanner.py                                117 DEBUG    | Received CC:8D:1F:D9:70:FB: .
   MainThread:15:31:10.336 scanner.py                                117 DEBUG    | Received 62:2A:83:44:56:E9: .
   MainThread:15:31:10.338 scanner.py                                117 DEBUG    | Received 62:2A:83:44:56:E9: .
   MainThread:15:31:10.340 scanner.py                                117 DEBUG    | Received 6D:CC:78:78:5B:C7: .
   MainThread:15:31:10.342 scanner.py                                117 DEBUG    | Received 6D:CC:78:78:5B:C7: .
   MainThread:15:31:10.343 scanner.py                                117 DEBUG    | Received 49:13:A0:8A:92:66: .
   MainThread:15:31:10.344 scanner.py                                117 DEBUG    | Received 49:13:A0:8A:92:66: .
   MainThread:15:31:10.345 scanner.py                                117 DEBUG    | Received CF:4B:09:8A:13:82: .
   MainThread:15:31:10.347 scanner.py                                117 DEBUG    | Received 7C:59:88:9E:7A:13: .
   MainThread:15:31:10.348 scanner.py                                117 DEBUG    | Received 7C:59:88:9E:7A:13: .
   MainThread:15:31:10.475 scanner.py                                117 DEBUG    | Received 72:90:79:86:59:BD: .
   MainThread:15:31:10.478 scanner.py                                117 DEBUG    | Received 72:90:79:86:59:BD: JBL Tune Flex 2-LE.
   MainThread:15:31:10.479 scanner.py                                117 DEBUG    | Received 20:B3:48:31:53:FB: .
   MainThread:15:31:10.552 scanner.py                                117 DEBUG    | Received D9:5C:9E:27:5F:F2: .
   MainThread:15:31:10.561 scanner.py                                117 DEBUG    | Received 60:38:D4:FB:82:B4: .
   MainThread:15:31:10.562 scanner.py                                117 DEBUG    | Received 60:38:D4:FB:82:B4: .
   MainThread:15:31:10.564 scanner.py                                117 DEBUG    | Received 73:8A:48:B2:2E:6B: .
   MainThread:15:31:10.566 scanner.py                                117 DEBUG    | Received E3:8C:24:D1:1A:46: .
   MainThread:15:31:10.670 scanner.py                                117 DEBUG    | Received C2:C1:3F:9B:74:F7: .
   MainThread:15:31:10.680 scanner.py                                117 DEBUG    | Received 20:B3:48:31:53:FB: .
   MainThread:15:31:10.790 scanner.py                                117 DEBUG    | Received 0F:20:0B:B0:53:41: .
   MainThread:15:31:10.796 scanner.py                                117 DEBUG    | Received 04:33:5E:FE:3A:E7: .
   MainThread:15:31:10.801 scanner.py                                117 DEBUG    | Received 72:90:79:86:59:BD: .
   MainThread:15:31:10.804 scanner.py                                117 DEBUG    | Received 72:90:79:86:59:BD: JBL Tune Flex 2-LE.
   MainThread:15:31:10.942 scanner.py                                117 DEBUG    | Received 49:13:A0:8A:92:66: .
   MainThread:15:31:10.943 scanner.py                                117 DEBUG    | Received 49:13:A0:8A:92:66: .
   MainThread:15:31:10.945 scanner.py                                117 DEBUG    | Received 7C:C3:84:38:18:49: .
   MainThread:15:31:10.948 scanner.py                                117 DEBUG    | Received 7B:C1:8E:38:B1:AC: .
   MainThread:15:31:11.027 scanner.py                                117 DEBUG    | Received 4A:3C:2A:2F:7B:85: .
   MainThread:15:31:11.030 scanner.py                                117 DEBUG    | Received 4A:3C:2A:2F:7B:85: .
   MainThread:15:31:11.034 scanner.py                                117 DEBUG    | Received 6D:59:CF:B0:4D:2B: .
   MainThread:15:31:11.037 scanner.py                                117 DEBUG    | Received 6D:59:CF:B0:4D:2B: .
   MainThread:15:31:11.141 scanner.py                                117 DEBUG    | Received 72:90:79:86:59:BD: .
   MainThread:15:31:11.144 scanner.py                                117 DEBUG    | Received 72:90:79:86:59:BD: JBL Tune Flex 2-LE.
   MainThread:15:31:11.151 scanner.py                                117 DEBUG    | Received 13:52:77:82:ED:25: .
   MainThread:15:31:11.155 scanner.py                                117 DEBUG    | Received 13:52:77:82:ED:25: .
   MainThread:15:31:11.159 scanner.py                                117 DEBUG    | Received 7A:B4:C4:CA:8B:B9: .
   MainThread:15:31:11.163 scanner.py                                117 DEBUG    | Received 7A:B4:C4:CA:8B:B9: .
   MainThread:15:31:11.166 scanner.py                                117 DEBUG    | Received 6D:CC:78:78:5B:C7: .
   MainThread:15:31:11.168 scanner.py                                117 DEBUG    | Received 6D:CC:78:78:5B:C7: .
   MainThread:15:31:11.259 scanner.py                                117 DEBUG    | Received 28:AF:42:27:F0:5B: .
   MainThread:15:31:11.261 scanner.py                                117 DEBUG    | Received 28:AF:42:27:F0:5B: 75" Crystal UHD.
   MainThread:15:31:11.263 scanner.py                                117 DEBUG    | Received 62:2A:83:44:56:E9: .
   MainThread:15:31:11.273 scanner.py                                117 DEBUG    | Received 7C:59:88:9E:7A:13: .
   MainThread:15:31:11.275 scanner.py                                117 DEBUG    | Received 7C:59:88:9E:7A:13: .
   MainThread:15:31:11.376 scanner.py                                117 DEBUG    | Received 72:90:79:86:59:BD: .
   MainThread:15:31:11.377 scanner.py                                117 DEBUG    | Received 72:90:79:86:59:BD: JBL Tune Flex 2-LE.
   MainThread:15:31:11.381 scanner.py                                117 DEBUG    | Received 60:38:D4:FB:82:B4: .
   MainThread:15:31:11.383 scanner.py                                117 DEBUG    | Received 60:38:D4:FB:82:B4: .
   MainThread:15:31:11.384 scanner.py                                117 DEBUG    | Received 7C:1E:A7:2B:52:70: .
   MainThread:15:31:11.392 scanner.py                                117 DEBUG    | Received 73:8A:48:B2:2E:6B: .
   MainThread:15:31:11.393 scanner.py                                117 DEBUG    | Received 73:8A:48:B2:2E:6B: .
   MainThread:15:31:11.496 scanner.py                                117 DEBUG    | Received 7C:C3:84:38:18:49: .
   MainThread:15:31:11.509 scanner.py                                117 DEBUG    | Received 7B:C1:8E:38:B1:AC: .
   MainThread:15:31:11.629 scanner.py                                117 DEBUG    | Received 7E:60:6A:96:37:0B: .
   MainThread:15:31:11.631 scanner.py                                117 DEBUG    | Received 7E:60:6A:96:37:0B: .
   MainThread:15:31:11.632 scanner.py                                117 DEBUG    | Received 72:90:79:86:59:BD: .
   MainThread:15:31:11.634 scanner.py                                117 DEBUG    | Received 72:90:79:86:59:BD: JBL Tune Flex 2-LE.
   MainThread:15:31:11.746 scanner.py                                117 DEBUG    | Received DC:E0:25:06:79:68: .
   MainThread:15:31:11.755 scanner.py                                117 DEBUG    | Received 28:AF:42:27:F0:5B: .
   MainThread:15:31:11.757 scanner.py                                117 DEBUG    | Received 54:D6:68:2B:1D:DA: Jabra Evolve2 65.
   MainThread:15:31:11.758 scanner.py                                117 DEBUG    | Received 54:D6:68:2B:1D:DA: .
   MainThread:15:31:11.764 scanner.py                                117 DEBUG    | Received DC:23:4D:86:DA:BD: .
   MainThread:15:31:11.766 scanner.py                                117 DEBUG    | Received DC:23:4D:86:DA:BD: .
   MainThread:15:31:11.770 scanner.py                                117 DEBUG    | Received DC:23:4D:86:DA:B5: .
   MainThread:15:31:11.771 scanner.py                                117 DEBUG    | Received DC:23:4D:86:DA:B5: .
   MainThread:15:31:11.849 scanner.py                                117 DEBUG    | Received 6D:59:CF:B0:4D:2B: .
   MainThread:15:31:11.850 scanner.py                                117 DEBUG    | Received 6D:59:CF:B0:4D:2B: .
   MainThread:15:31:11.870 scanner.py                                117 DEBUG    | Received 72:90:79:86:59:BD: .
   MainThread:15:31:11.989 scanner.py                                117 DEBUG    | Received 6D:CC:78:78:5B:C7: .
   MainThread:15:31:11.989 scanner.py                                117 DEBUG    | Received 6D:CC:78:78:5B:C7: .
   MainThread:15:31:12.087 scanner.py                                117 DEBUG    | Received 76:C7:BF:5C:0B:86: .
   MainThread:15:31:12.088 scanner.py                                117 DEBUG    | Received 76:C7:BF:5C:0B:86: .
   MainThread:15:31:12.091 scanner.py                                117 DEBUG    | Received 7A:B4:C4:CA:8B:B9: .
   MainThread:15:31:12.093 scanner.py                                117 DEBUG    | Received 7A:B4:C4:CA:8B:B9: .
   MainThread:15:31:12.095 scanner.py                                117 DEBUG    | Received DC:23:4D:86:DA:BD: .
   MainThread:15:31:12.096 scanner.py                                117 DEBUG    | Received DC:23:4D:86:DA:BD: .
   MainThread:15:31:12.112 scanner.py                                117 DEBUG    | Received CC:8D:1F:D9:70:FB: .
   MainThread:15:31:12.114 scanner.py                                117 DEBUG    | Received CC:8D:1F:D9:70:FB: .
   MainThread:15:31:12.207 scanner.py                                117 DEBUG    | Received 60:38:D4:FB:82:B4: .
   MainThread:15:31:12.208 scanner.py                                117 DEBUG    | Received 60:38:D4:FB:82:B4: .
   MainThread:15:31:12.210 scanner.py                                117 DEBUG    | Received 7C:59:88:9E:7A:13: .
   MainThread:15:31:12.211 scanner.py                                117 DEBUG    | Received 7C:59:88:9E:7A:13: .
   MainThread:15:31:12.214 scanner.py                                117 DEBUG    | Received 73:8A:48:B2:2E:6B: .
   MainThread:15:31:12.216 scanner.py                                117 DEBUG    | Received 73:8A:48:B2:2E:6B: .
   MainThread:15:31:12.223 scanner.py                                117 DEBUG    | Received 54:D6:68:2B:1D:DA: Jabra Evolve2 65.
   MainThread:15:31:12.224 scanner.py                                117 DEBUG    | Received 54:D6:68:2B:1D:DA: .
   MainThread:15:31:12.325 scanner.py                                117 DEBUG    | Received 7C:1E:A7:2B:52:70: .
   MainThread:15:31:12.445 scanner.py                                117 DEBUG    | Received DC:23:4D:86:DA:BD: .
   MainThread:15:31:12.446 scanner.py                                117 DEBUG    | Received DC:23:4D:86:DA:BD: .
   MainThread:15:31:12.561 scanner.py                                117 DEBUG    | Received D9:5C:9E:27:5F:F2: .
   MainThread:15:31:12.562 scanner.py                                117 DEBUG    | Received 0F:20:0B:B0:53:41: .
   MainThread:15:31:12.563 scanner.py                                117 DEBUG    | Received 20:B3:48:31:53:FB: .
   MainThread:15:31:12.577 scanner.py                                117 DEBUG    | Received E3:8C:24:D1:1A:46: .
   MainThread:15:31:12.675 scanner.py                                117 DEBUG    | Received 20:B3:48:31:53:FB: .
   MainThread:15:31:12.680 scanner.py                                117 DEBUG    | Received C2:C1:3F:9B:74:F7: .
   MainThread:15:31:12.689 scanner.py                                117 DEBUG    | Received 54:D6:68:2B:1D:DA: Jabra Evolve2 65.
   MainThread:15:31:12.693 scanner.py                                117 DEBUG    | Received 54:D6:68:2B:1D:DA: .
   MainThread:15:31:12.695 scanner.py                                117 DEBUG    | Received 72:90:79:86:59:BD: .
   MainThread:15:31:12.696 scanner.py                                117 DEBUG    | Received 72:90:79:86:59:BD: JBL Tune Flex 2-LE.
   MainThread:15:31:12.699 scanner.py                                117 DEBUG    | Received 7C:1E:A7:2B:52:70: .
   MainThread:15:31:12.819 scanner.py                                117 DEBUG    | Received DB:3B:46:FE:CB:23: .
   MainThread:15:31:12.917 scanner.py                                117 DEBUG    | Received 8C:71:12:52:1D:DB: QT 12521DDB.
   MainThread:15:31:12.918 scanner.py                                212 DEBUG    | 1 devices found. Watcher status: <BluetoothLEAdvertisementWatcherStatus.STOPPED: 3>.
   MainThread:15:31:12.919 client.py                                  86 WARNING  | Failed to find a device in 15 seconds. Retrying #3
   MainThread:15:31:12.920 bleak_wrapper.py                          121 INFO     | Scanning for GoPro [A-Z0-9]{4} bluetooth devices...
   MainThread:15:31:12.932 scanner.py                                117 DEBUG    | Received 62:2A:83:44:56:E9: .
   MainThread:15:31:12.934 scanner.py                                117 DEBUG    | Received 62:2A:83:44:56:E9: .
   MainThread:15:31:12.960 scanner.py                                117 DEBUG    | Received 7C:59:88:9E:7A:13: .
   MainThread:15:31:12.961 scanner.py                                117 DEBUG    | Received 7C:59:88:9E:7A:13: .
   MainThread:15:31:12.963 scanner.py                                117 DEBUG    | Received 4A:3C:2A:2F:7B:85: .
   MainThread:15:31:12.964 scanner.py                                117 DEBUG    | Received 4A:3C:2A:2F:7B:85: .
   MainThread:15:31:12.967 scanner.py                                117 DEBUG    | Received 72:90:79:86:59:BD: .
   MainThread:15:31:12.968 scanner.py                                117 DEBUG    | Received 72:90:79:86:59:BD: JBL Tune Flex 2-LE.
   MainThread:15:31:12.981 scanner.py                                117 DEBUG    | Received 0F:20:0B:B0:53:41: .
   MainThread:15:31:13.081 scanner.py                                117 DEBUG    | Received 04:33:5E:FE:3A:E7: .
   MainThread:15:31:13.087 scanner.py                                117 DEBUG    | Received 20:B3:48:31:53:FB: .
   MainThread:15:31:13.188 scanner.py                                117 DEBUG    | Received 72:90:79:86:59:BD: .
   MainThread:15:31:13.190 scanner.py                                117 DEBUG    | Received 72:90:79:86:59:BD: JBL Tune Flex 2-LE.
   MainThread:15:31:13.192 scanner.py                                117 DEBUG    | Received 04:33:5E:FE:3A:E7: .
   MainThread:15:31:13.197 scanner.py                                117 DEBUG    | Received 20:B3:48:31:53:FB: .
   MainThread:15:31:13.306 scanner.py                                117 DEBUG    | Received F9:57:92:8B:F4:39: .
   MainThread:15:31:13.310 scanner.py                                117 DEBUG    | Received F9:57:92:8B:F4:39: .
   MainThread:15:31:13.312 scanner.py                                117 DEBUG    | Received 62:2A:83:44:56:E9: .
   MainThread:15:31:13.316 scanner.py                                117 DEBUG    | Received 54:D6:68:2B:1D:DA: Jabra Evolve2 65.
   MainThread:15:31:13.318 scanner.py                                117 DEBUG    | Received 54:D6:68:2B:1D:DA: .
   MainThread:15:31:13.319 scanner.py                                117 DEBUG    | Received 7F:A5:5C:58:58:3C: .
   MainThread:15:31:13.321 scanner.py                                117 DEBUG    | Received 7F:A5:5C:58:58:3C: .
   MainThread:15:31:13.440 scanner.py                                117 DEBUG    | Received 13:52:77:82:ED:25: .
   MainThread:15:31:13.441 scanner.py                                117 DEBUG    | Received 13:52:77:82:ED:25: .
   MainThread:15:31:13.551 scanner.py                                117 DEBUG    | Received 7C:C3:84:38:18:49: .
   MainThread:15:31:13.684 scanner.py                                117 DEBUG    | Received 72:90:79:86:59:BD: .
   MainThread:15:31:13.689 scanner.py                                117 DEBUG    | Received 72:90:79:86:59:BD: JBL Tune Flex 2-LE.
   MainThread:15:31:13.779 scanner.py                                117 DEBUG    | Received 7A:B4:C4:CA:8B:B9: .
   MainThread:15:31:13.779 scanner.py                                117 DEBUG    | Received 7A:B4:C4:CA:8B:B9: .
   MainThread:15:31:13.789 scanner.py                                117 DEBUG    | Received 54:D6:68:2B:1D:DA: Jabra Evolve2 65.
   MainThread:15:31:13.790 scanner.py                                117 DEBUG    | Received 54:D6:68:2B:1D:DA: .
   MainThread:15:31:13.794 scanner.py                                117 DEBUG    | Received 4A:3C:2A:2F:7B:85: .
   MainThread:15:31:13.795 scanner.py                                117 DEBUG    | Received 4A:3C:2A:2F:7B:85: .
   MainThread:15:31:13.797 scanner.py                                117 DEBUG    | Received DC:23:4D:86:DA:BD: .
   MainThread:15:31:13.798 scanner.py                                117 DEBUG    | Received DC:23:4D:86:DA:BD: .
   MainThread:15:31:13.799 scanner.py                                117 DEBUG    | Received 72:90:79:86:59:BD: .
   MainThread:15:31:13.800 scanner.py                                117 DEBUG    | Received 72:90:79:86:59:BD: JBL Tune Flex 2-LE.
   MainThread:15:31:14.014 scanner.py                                117 DEBUG    | Received 72:90:79:86:59:BD: .
   MainThread:15:31:14.015 scanner.py                                117 DEBUG    | Received 72:90:79:86:59:BD: JBL Tune Flex 2-LE.
   MainThread:15:31:14.018 scanner.py                                117 DEBUG    | Received 0F:20:0B:B0:53:41: .
   MainThread:15:31:14.136 scanner.py                                117 DEBUG    | Received CC:8D:1F:D9:70:FB: .
   MainThread:15:31:14.138 scanner.py                                117 DEBUG    | Received CC:8D:1F:D9:70:FB: .
   MainThread:15:31:14.142 scanner.py                                117 DEBUG    | Received 7F:A5:5C:58:58:3C: .
   MainThread:15:31:14.144 scanner.py                                117 DEBUG    | Received 7F:A5:5C:58:58:3C: .
   MainThread:15:31:14.145 scanner.py                                117 DEBUG    | Received 04:33:5E:FE:3A:E7: .
   MainThread:15:31:14.257 scanner.py                                117 DEBUG    | Received 62:2A:83:44:56:E9: .
   MainThread:15:31:14.259 scanner.py                                117 DEBUG    | Received 62:2A:83:44:56:E9: .
   MainThread:15:31:14.261 scanner.py                                117 DEBUG    | Received 09:7A:49:80:2D:0E: .
   MainThread:15:31:14.262 scanner.py                                117 DEBUG    | Received 20:B3:48:31:53:FB: .
   MainThread:15:31:14.269 scanner.py                                117 DEBUG    | Received 54:D6:68:2B:1D:DA: Jabra Evolve2 65.
   MainThread:15:31:14.271 scanner.py                                117 DEBUG    | Received 54:D6:68:2B:1D:DA: .
   MainThread:15:31:14.275 scanner.py                                117 DEBUG    | Received 28:AF:42:27:F0:5B: .
   MainThread:15:31:14.277 scanner.py                                117 DEBUG    | Received 28:AF:42:27:F0:5B: .
   MainThread:15:31:14.381 scanner.py                                117 DEBUG    | Received 7C:1E:A7:2B:52:70: .
   MainThread:15:31:14.384 scanner.py                                117 DEBUG    | Received 7E:60:6A:96:37:0B: .
   MainThread:15:31:14.385 scanner.py                                117 DEBUG    | Received 7E:60:6A:96:37:0B: .
   MainThread:15:31:14.489 scanner.py                                117 DEBUG    | Received FE:5D:58:42:68:D4: .
   MainThread:15:31:14.491 scanner.py                                117 DEBUG    | Received FE:5D:58:42:68:D4: .
   MainThread:15:31:14.493 scanner.py                                117 DEBUG    | Received DC:23:4D:86:DA:BD: .
   MainThread:15:31:14.494 scanner.py                                117 DEBUG    | Received DC:23:4D:86:DA:BD: .
   MainThread:15:31:14.728 scanner.py                                117 DEBUG    | Received 54:D6:68:2B:1D:DA: Jabra Evolve2 65.
   MainThread:15:31:14.732 scanner.py                                117 DEBUG    | Received 54:D6:68:2B:1D:DA: .
   MainThread:15:31:14.844 scanner.py                                117 DEBUG    | Received 7B:C1:8E:38:B1:AC: .
   MainThread:15:31:14.846 scanner.py                                117 DEBUG    | Received 7C:C3:84:38:18:49: .
   MainThread:15:31:14.851 scanner.py                                117 DEBUG    | Received 0F:20:0B:B0:53:41: .
   MainThread:15:31:14.974 scanner.py                                117 DEBUG    | Received 72:90:79:86:59:BD: .
   MainThread:15:31:14.976 scanner.py                                117 DEBUG    | Received 72:90:79:86:59:BD: JBL Tune Flex 2-LE.
   MainThread:15:31:15.095 scanner.py                                117 DEBUG    | Received 20:B3:48:31:53:FB: .
   MainThread:15:31:15.101 scanner.py                                117 DEBUG    | Received 7A:B4:C4:CA:8B:B9: .
   MainThread:15:31:15.103 scanner.py                                117 DEBUG    | Received 7A:B4:C4:CA:8B:B9: .
   MainThread:15:31:15.198 scanner.py                                117 DEBUG    | Received 20:B3:48:31:53:FB: .
   MainThread:15:31:15.204 scanner.py                                117 DEBUG    | Received 7C:59:88:9E:7A:13: .
   MainThread:15:31:15.205 scanner.py                                117 DEBUG    | Received 7C:59:88:9E:7A:13: .
   MainThread:15:31:15.210 scanner.py                                117 DEBUG    | Received 04:33:5E:FE:3A:E7: .
   MainThread:15:31:15.214 scanner.py                                117 DEBUG    | Received 7B:C1:8E:38:B1:AC: .
   MainThread:15:31:15.220 scanner.py                                117 DEBUG    | Received 60:38:D4:FB:82:B4: .
   MainThread:15:31:15.221 scanner.py                                117 DEBUG    | Received 60:38:D4:FB:82:B4: .
   MainThread:15:31:15.315 scanner.py                                117 DEBUG    | Received 7C:1E:A7:2B:52:70: .
   MainThread:15:31:15.327 scanner.py                                117 DEBUG    | Received 72:90:79:86:59:BD: .
   MainThread:15:31:15.329 scanner.py                                117 DEBUG    | Received 72:90:79:86:59:BD: JBL Tune Flex 2-LE.
   MainThread:15:31:15.331 scanner.py                                117 DEBUG    | Received DC:23:4D:86:DA:B5: .
   MainThread:15:31:15.334 scanner.py                                117 DEBUG    | Received DC:23:4D:86:DA:B5: .
   MainThread:15:31:15.335 scanner.py                                117 DEBUG    | Received DC:23:4D:86:DA:BD: .
   MainThread:15:31:15.336 scanner.py                                117 DEBUG    | Received DC:23:4D:86:DA:BD: .
   MainThread:15:31:15.597 scanner.py                                117 DEBUG    | Received 0F:20:0B:B0:53:41: .
   MainThread:15:31:15.599 scanner.py                                117 DEBUG    | Received 7B:C1:8E:38:B1:AC: .
   MainThread:15:31:15.797 scanner.py                                117 DEBUG    | Received 73:8A:48:B2:2E:6B: .
   MainThread:15:31:15.800 scanner.py                                117 DEBUG    | Received 73:8A:48:B2:2E:6B: .
   MainThread:15:31:15.801 scanner.py                                117 DEBUG    | Received 28:AF:42:27:F0:5B: .
   MainThread:15:31:15.806 scanner.py                                117 DEBUG    | Received 28:AF:42:27:F0:5B: 75" Crystal UHD.
   MainThread:15:31:15.807 scanner.py                                117 DEBUG    | Received 0F:20:0B:B0:53:41: .
   MainThread:15:31:15.908 scanner.py                                117 DEBUG    | Received 7C:1E:A7:2B:52:70: .
   MainThread:15:31:15.916 scanner.py                                117 DEBUG    | Received CF:74:2B:4C:C0:EA: .
   MainThread:15:31:15.917 scanner.py                                117 DEBUG    | Received CF:74:2B:4C:C0:EA: .
   MainThread:15:31:15.921 scanner.py                                117 DEBUG    | Received 20:B3:48:31:53:FB: .
   MainThread:15:31:16.048 scanner.py                                117 DEBUG    | Received 7E:60:6A:96:37:0B: .
   MainThread:15:31:16.053 scanner.py                                117 DEBUG    | Received 7E:60:6A:96:37:0B: .
   MainThread:15:31:16.055 scanner.py                                117 DEBUG    | Received 60:38:D4:FB:82:B4: .
   MainThread:15:31:16.056 scanner.py                                117 DEBUG    | Received 60:38:D4:FB:82:B4: .
   MainThread:15:31:16.154 scanner.py                                117 DEBUG    | Received 72:90:79:86:59:BD: .
   MainThread:15:31:16.155 scanner.py                                117 DEBUG    | Received 72:90:79:86:59:BD: JBL Tune Flex 2-LE.
   MainThread:15:31:16.160 scanner.py                                117 DEBUG    | Received C4:1F:F3:75:53:B3: .
   MainThread:15:31:16.161 scanner.py                                117 DEBUG    | Received C4:1F:F3:75:53:B3: .
   MainThread:15:31:16.278 scanner.py                                117 DEBUG    | Received 7C:1E:A7:2B:52:70: .
   MainThread:15:31:16.284 scanner.py                                117 DEBUG    | Received 04:33:5E:FE:3A:E7: .
   MainThread:15:31:16.385 scanner.py                                117 DEBUG    | Received 04:33:5E:FE:3A:E7: .
   MainThread:15:31:16.398 scanner.py                                117 DEBUG    | Received 6D:CC:78:78:5B:C7: .
   MainThread:15:31:16.401 scanner.py                                117 DEBUG    | Received 6D:CC:78:78:5B:C7: .
   MainThread:15:31:16.404 scanner.py                                117 DEBUG    | Received 7A:B4:C4:CA:8B:B9: .
   MainThread:15:31:16.406 scanner.py                                117 DEBUG    | Received 7A:B4:C4:CA:8B:B9: .
   MainThread:15:31:16.501 scanner.py                                117 DEBUG    | Received FE:5D:58:42:68:D4: .
   MainThread:15:31:16.515 scanner.py                                117 DEBUG    | Received 62:2A:83:44:56:E9: .
   MainThread:15:31:16.611 scanner.py                                117 DEBUG    | Received 00:00:00:00:00:00: .
   MainThread:15:31:16.622 scanner.py                                117 DEBUG    | Received 7F:A5:5C:58:58:3C: .
   MainThread:15:31:16.623 scanner.py                                117 DEBUG    | Received 7F:A5:5C:58:58:3C: .
   MainThread:15:31:16.868 scanner.py                                117 DEBUG    | Received 20:B3:48:31:53:FB: .
   MainThread:15:31:16.871 scanner.py                                117 DEBUG    | Received 7C:59:88:9E:7A:13: .
   MainThread:15:31:16.872 scanner.py                                117 DEBUG    | Received 7C:59:88:9E:7A:13: .
   MainThread:15:31:16.884 scanner.py                                117 DEBUG    | Received 13:52:77:82:ED:25: .
   MainThread:15:31:16.885 scanner.py                                117 DEBUG    | Received 13:52:77:82:ED:25: .
   MainThread:15:31:16.888 scanner.py                                117 DEBUG    | Received 73:8A:48:B2:2E:6B: .
   MainThread:15:31:16.889 scanner.py                                117 DEBUG    | Received 73:8A:48:B2:2E:6B: .
   MainThread:15:31:16.972 scanner.py                                117 DEBUG    | Received DC:23:4D:86:DA:B5: .
   MainThread:15:31:16.973 scanner.py                                117 DEBUG    | Received DC:23:4D:86:DA:B5: .
   MainThread:15:31:16.977 scanner.py                                117 DEBUG    | Received 20:B3:48:31:53:FB: .
   MainThread:15:31:16.985 scanner.py                                117 DEBUG    | Received 72:90:79:86:59:BD: .
   MainThread:15:31:16.986 scanner.py                                117 DEBUG    | Received 72:90:79:86:59:BD: JBL Tune Flex 2-LE.
   MainThread:15:31:17.088 scanner.py                                117 DEBUG    | Received DB:3B:46:FE:CB:23: .
   MainThread:15:31:17.206 scanner.py                                117 DEBUG    | Received 6D:CC:78:78:5B:C7: .
   MainThread:15:31:17.209 scanner.py                                117 DEBUG    | Received 04:33:5E:FE:3A:E7: .
   MainThread:15:31:17.321 scanner.py                                117 DEBUG    | Received 72:90:79:86:59:BD: .
   MainThread:15:31:17.323 scanner.py                                117 DEBUG    | Received 72:90:79:86:59:BD: JBL Tune Flex 2-LE.
   MainThread:15:31:17.340 scanner.py                                117 DEBUG    | Received 6D:59:CF:B0:4D:2B: .
   MainThread:15:31:17.341 scanner.py                                117 DEBUG    | Received 6D:59:CF:B0:4D:2B: .
   MainThread:15:31:17.445 scanner.py                                117 DEBUG    | Received 7F:A5:5C:58:58:3C: .
   MainThread:15:31:17.446 scanner.py                                117 DEBUG    | Received 7F:A5:5C:58:58:3C: .
   MainThread:15:31:17.448 scanner.py                                117 DEBUG    | Received 7B:C1:8E:38:B1:AC: .
   MainThread:15:31:17.449 scanner.py                                117 DEBUG    | Received 62:2A:83:44:56:E9: .
   MainThread:15:31:17.450 scanner.py                                117 DEBUG    | Received 62:2A:83:44:56:E9: .
   MainThread:15:31:17.458 scanner.py                                117 DEBUG    | Received 13:52:77:82:ED:25: .
   MainThread:15:31:17.459 scanner.py                                117 DEBUG    | Received 13:52:77:82:ED:25: .
   MainThread:15:31:17.564 scanner.py                                117 DEBUG    | Received DB:3B:46:FE:CB:23: .
   MainThread:15:31:17.687 scanner.py                                117 DEBUG    | Received 8C:71:12:52:1D:DB: QT 12521DDB.
   MainThread:15:31:17.698 scanner.py                                117 DEBUG    | Received 7C:C3:84:38:18:49: .
   MainThread:15:31:17.700 scanner.py                                117 DEBUG    | Received DC:23:4D:86:DA:B5: .
   MainThread:15:31:17.702 scanner.py                                117 DEBUG    | Received DC:23:4D:86:DA:B5: .
   MainThread:15:31:17.703 scanner.py                                117 DEBUG    | Received CC:8D:1F:D9:70:FB: .
   MainThread:15:31:17.704 scanner.py                                117 DEBUG    | Received CC:8D:1F:D9:70:FB: .
   MainThread:15:31:17.707 scanner.py                                117 DEBUG    | Received 60:38:D4:FB:82:B4: .
   MainThread:15:31:17.711 scanner.py                                117 DEBUG    | Received 60:38:D4:FB:82:B4: .
   MainThread:15:31:17.797 scanner.py                                117 DEBUG    | Received 7C:59:88:9E:7A:13: .
   MainThread:15:31:17.798 scanner.py                                117 DEBUG    | Received 7C:59:88:9E:7A:13: .
   MainThread:15:31:17.924 scanner.py                                117 DEBUG    | Received 20:B3:48:31:53:FB: .
   MainThread:15:31:17.929 scanner.py                                117 DEBUG    | Received 0F:20:0B:B0:53:41: .
   MainThread:15:31:18.049 scanner.py                                117 DEBUG    | Received DB:3B:46:FE:CB:23: .
   MainThread:15:31:18.053 scanner.py                                117 DEBUG    | Received 04:33:5E:FE:3A:E7: .
   MainThread:15:31:18.060 scanner.py                                117 DEBUG    | Received DC:23:4D:86:DA:BD: .
   MainThread:15:31:18.063 scanner.py                                117 DEBUG    | Received DC:23:4D:86:DA:BD: .
   MainThread:15:31:18.066 scanner.py                                117 DEBUG    | Received 7C:C3:84:38:18:49: .
   MainThread:15:31:18.153 scanner.py                                117 DEBUG    | Received 72:90:79:86:59:BD: .
   MainThread:15:31:18.155 scanner.py                                117 DEBUG    | Received 72:90:79:86:59:BD: JBL Tune Flex 2-LE.
   MainThread:15:31:18.161 scanner.py                                117 DEBUG    | Received 72:90:79:86:59:BD: .
   MainThread:15:31:18.162 scanner.py                                117 DEBUG    | Received 72:90:79:86:59:BD: JBL Tune Flex 2-LE.
   MainThread:15:31:18.167 scanner.py                                117 DEBUG    | Received C4:1F:F3:75:53:B3: .
   MainThread:15:31:18.168 scanner.py                                117 DEBUG    | Received C4:1F:F3:75:53:B3: .
   MainThread:15:31:18.267 scanner.py                                117 DEBUG    | Received 7A:B4:C4:CA:8B:B9: .
   MainThread:15:31:18.269 scanner.py                                117 DEBUG    | Received 7A:B4:C4:CA:8B:B9: .
   MainThread:15:31:18.384 scanner.py                                117 DEBUG    | Received 7B:C1:8E:38:B1:AC: .
   MainThread:15:31:18.386 scanner.py                                117 DEBUG    | Received 62:2A:83:44:56:E9: .
   MainThread:15:31:18.389 scanner.py                                117 DEBUG    | Received 62:2A:83:44:56:E9: .
   MainThread:15:31:18.391 scanner.py                                117 DEBUG    | Received DC:23:4D:86:DA:B5: .
   MainThread:15:31:18.393 scanner.py                                117 DEBUG    | Received DC:23:4D:86:DA:B5: .
   MainThread:15:31:18.404 scanner.py                                117 DEBUG    | Received 76:C7:BF:5C:0B:86: .
   MainThread:15:31:18.409 scanner.py                                117 DEBUG    | Received DC:23:4D:86:DA:BD: .
   MainThread:15:31:18.415 scanner.py                                117 DEBUG    | Received DC:23:4D:86:DA:BD: .
   MainThread:15:31:18.514 scanner.py                                117 DEBUG    | Received 7E:60:6A:96:37:0B: .
   MainThread:15:31:18.515 scanner.py                                117 DEBUG    | Received 7E:60:6A:96:37:0B: .
   MainThread:15:31:18.518 scanner.py                                117 DEBUG    | Received DB:3B:46:FE:CB:23: .
   MainThread:15:31:18.634 scanner.py                                117 DEBUG    | Received 7A:B4:C4:CA:8B:B9: .
   MainThread:15:31:18.636 scanner.py                                117 DEBUG    | Received 7A:B4:C4:CA:8B:B9: .
   MainThread:15:31:18.745 scanner.py                                117 DEBUG    | Received DC:23:4D:86:DA:BD: .
   MainThread:15:31:18.746 scanner.py                                117 DEBUG    | Received DC:23:4D:86:DA:BD: .
   MainThread:15:31:18.755 scanner.py                                117 DEBUG    | Received 62:2A:83:44:56:E9: .
   MainThread:15:31:18.756 scanner.py                                117 DEBUG    | Received 62:2A:83:44:56:E9: .
   MainThread:15:31:18.786 scanner.py                                117 DEBUG    | Received 8C:71:12:52:1D:DB: QT 12521DDB.
   MainThread:15:31:18.871 scanner.py                                117 DEBUG    | Received 6D:CC:78:78:5B:C7: .
   MainThread:15:31:18.873 scanner.py                                117 DEBUG    | Received 6D:CC:78:78:5B:C7: .
   MainThread:15:31:18.874 scanner.py                                117 DEBUG    | Received F9:57:92:8B:F4:39: .
   MainThread:15:31:18.875 scanner.py                                117 DEBUG    | Received F9:57:92:8B:F4:39: .
   MainThread:15:31:18.878 scanner.py                                117 DEBUG    | Received 0F:20:0B:B0:53:41: .
   MainThread:15:31:18.881 scanner.py                                117 DEBUG    | Received DC:23:4D:86:DA:B5: .
   MainThread:15:31:18.882 scanner.py                                117 DEBUG    | Received DC:23:4D:86:DA:B5: .
   MainThread:15:31:18.985 scanner.py                                117 DEBUG    | Received 6D:59:CF:B0:4D:2B: .
   MainThread:15:31:18.988 scanner.py                                117 DEBUG    | Received 6D:59:CF:B0:4D:2B: .
   MainThread:15:31:18.990 scanner.py                                117 DEBUG    | Received 20:B3:48:31:53:FB: .
   MainThread:15:31:18.992 scanner.py                                117 DEBUG    | Received 04:33:5E:FE:3A:E7: .
   MainThread:15:31:18.995 scanner.py                                117 DEBUG    | Received DB:3B:46:FE:CB:23: .
   MainThread:15:31:18.997 scanner.py                                117 DEBUG    | Received 72:90:79:86:59:BD: .
   MainThread:15:31:19.001 scanner.py                                117 DEBUG    | Received 72:90:79:86:59:BD: JBL Tune Flex 2-LE.
   MainThread:15:31:19.003 scanner.py                                117 DEBUG    | Received 7A:B4:C4:CA:8B:B9: .
   MainThread:15:31:19.005 scanner.py                                117 DEBUG    | Received 7A:B4:C4:CA:8B:B9: .
   MainThread:15:31:19.096 scanner.py                                117 DEBUG    | Received DC:23:4D:86:DA:BD: .
   MainThread:15:31:19.097 scanner.py                                117 DEBUG    | Received DC:23:4D:86:DA:BD: .
   MainThread:15:31:19.106 scanner.py                                117 DEBUG    | Received 04:33:5E:FE:3A:E7: .
   MainThread:15:31:19.116 scanner.py                                117 DEBUG    | Received 54:D6:68:2B:1D:DA: Jabra Evolve2 65.
   MainThread:15:31:19.119 scanner.py                                117 DEBUG    | Received 54:D6:68:2B:1D:DA: .
   MainThread:15:31:19.221 scanner.py                                117 DEBUG    | Received DC:23:4D:86:DA:B5: .
   MainThread:15:31:19.230 scanner.py                                117 DEBUG    | Received 76:C7:BF:5C:0B:86: .
   MainThread:15:31:19.232 scanner.py                                117 DEBUG    | Received 76:C7:BF:5C:0B:86: .
   MainThread:15:31:19.337 scanner.py                                117 DEBUG    | Received 72:90:79:86:59:BD: .
   MainThread:15:31:19.449 scanner.py                                117 DEBUG    | Received 7C:1E:A7:2B:52:70: .
   MainThread:15:31:19.488 scanner.py                                117 DEBUG    | Received 72:90:79:86:59:BD: .
   MainThread:15:31:19.491 scanner.py                                117 DEBUG    | Received 72:90:79:86:59:BD: JBL Tune Flex 2-LE.
   MainThread:15:31:19.586 scanner.py                                117 DEBUG    | Received DC:23:4D:86:DA:B5: .
   MainThread:15:31:19.592 scanner.py                                117 DEBUG    | Received DC:23:4D:86:DA:B5: .
   MainThread:15:31:19.698 scanner.py                                117 DEBUG    | Received 00:A4:1C:FD:C6:D8: .
   MainThread:15:31:19.701 scanner.py                                117 DEBUG    | Received 00:A4:1C:FD:C6:D8: WH-CH720N.
   MainThread:15:31:19.811 scanner.py                                117 DEBUG    | Received 8C:71:12:52:1D:DB: QT 12521DDB.
   MainThread:15:31:19.816 scanner.py                                117 DEBUG    | Received 6D:59:CF:B0:4D:2B: .
   MainThread:15:31:19.818 scanner.py                                117 DEBUG    | Received 6D:59:CF:B0:4D:2B: .
   MainThread:15:31:19.820 scanner.py                                117 DEBUG    | Received 20:B3:48:31:53:FB: .
   MainThread:15:31:19.822 scanner.py                                117 DEBUG    | Received 7C:1E:A7:2B:52:70: .
   MainThread:15:31:19.824 scanner.py                                117 DEBUG    | Received 72:90:79:86:59:BD: .
   MainThread:15:31:19.825 scanner.py                                117 DEBUG    | Received 72:90:79:86:59:BD: JBL Tune Flex 2-LE.
   MainThread:15:31:19.941 scanner.py                                117 DEBUG    | Received 04:33:5E:FE:3A:E7: .
   MainThread:15:31:19.945 scanner.py                                117 DEBUG    | Received DC:23:4D:86:DA:BD: .
   MainThread:15:31:19.947 scanner.py                                117 DEBUG    | Received DC:23:4D:86:DA:BD: .
   MainThread:15:31:19.949 scanner.py                                117 DEBUG    | Received DB:3B:46:FE:CB:23: .
   MainThread:15:31:19.951 scanner.py                                117 DEBUG    | Received CF:74:2B:4C:C0:EA: .
   MainThread:15:31:19.952 scanner.py                                117 DEBUG    | Received CF:74:2B:4C:C0:EA: .
   MainThread:15:31:20.037 scanner.py                                117 DEBUG    | Received 7C:59:88:9E:7A:13: .
   MainThread:15:31:20.038 scanner.py                                117 DEBUG    | Received 7C:59:88:9E:7A:13: .
   MainThread:15:31:20.071 scanner.py                                117 DEBUG    | Received DC:23:4D:86:DA:B5: .
   MainThread:15:31:20.074 scanner.py                                117 DEBUG    | Received DC:23:4D:86:DA:B5: .
   MainThread:15:31:20.078 scanner.py                                117 DEBUG    | Received DB:5A:E1:F7:4F:08: .
   MainThread:15:31:20.157 scanner.py                                117 DEBUG    | Received 72:90:79:86:59:BD: .
   MainThread:15:31:20.168 scanner.py                                117 DEBUG    | Received C4:1F:F3:75:53:B3: .
   MainThread:15:31:20.170 scanner.py                                117 DEBUG    | Received C4:1F:F3:75:53:B3: .
   MainThread:15:31:20.173 scanner.py                                117 DEBUG    | Received 7F:A5:5C:58:58:3C: .
   MainThread:15:31:20.176 scanner.py                                117 DEBUG    | Received 7F:A5:5C:58:58:3C: .
   MainThread:15:31:20.179 scanner.py                                117 DEBUG    | Received 60:38:D4:FB:82:B4: .
   MainThread:15:31:20.180 scanner.py                                117 DEBUG    | Received 60:38:D4:FB:82:B4: .
   MainThread:15:31:20.287 scanner.py                                117 DEBUG    | Received DC:23:4D:86:DA:BD: .
   MainThread:15:31:20.288 scanner.py                                117 DEBUG    | Received DC:23:4D:86:DA:BD: .
   MainThread:15:31:20.289 scanner.py                                117 DEBUG    | Received 7C:C3:84:38:18:49: .
   MainThread:15:31:20.519 scanner.py                                117 DEBUG    | Received 6D:CC:78:78:5B:C7: .
   MainThread:15:31:20.522 scanner.py                                117 DEBUG    | Received 6D:CC:78:78:5B:C7: .
   MainThread:15:31:20.530 scanner.py                                117 DEBUG    | Received 54:D6:68:2B:1D:DA: Jabra Evolve2 65.
   MainThread:15:31:20.532 scanner.py                                117 DEBUG    | Received 54:D6:68:2B:1D:DA: .
   MainThread:15:31:20.632 scanner.py                                117 DEBUG    | Received 62:2A:83:44:56:E9: .
   MainThread:15:31:20.635 scanner.py                                117 DEBUG    | Received 62:2A:83:44:56:E9: .
   MainThread:15:31:20.644 scanner.py                                117 DEBUG    | Received 20:B3:48:31:53:FB: .
   MainThread:15:31:20.647 scanner.py                                117 DEBUG    | Received 6D:59:CF:B0:4D:2B: .
   MainThread:15:31:20.649 scanner.py                                117 DEBUG    | Received 6D:59:CF:B0:4D:2B: .
   MainThread:15:31:20.759 scanner.py                                117 DEBUG    | Received DC:23:4D:86:DA:BD: .
   MainThread:15:31:20.775 scanner.py                                117 DEBUG    | Received DC:23:4D:86:DA:B5: .
   MainThread:15:31:20.778 scanner.py                                117 DEBUG    | Received DC:23:4D:86:DA:B5: .
   MainThread:15:31:20.781 scanner.py                                117 DEBUG    | Received 04:33:5E:FE:3A:E7: .
   MainThread:15:31:20.867 scanner.py                                117 DEBUG    | Received 7A:B4:C4:CA:8B:B9: .
   MainThread:15:31:20.869 scanner.py                                117 DEBUG    | Received 7A:B4:C4:CA:8B:B9: .
   MainThread:15:31:20.872 scanner.py                                117 DEBUG    | Received 0F:20:0B:B0:53:41: .
   MainThread:15:31:20.876 scanner.py                                117 DEBUG    | Received 04:33:5E:FE:3A:E7: .
   MainThread:15:31:20.880 scanner.py                                117 DEBUG    | Received 76:C7:BF:5C:0B:86: .
   MainThread:15:31:20.882 scanner.py                                117 DEBUG    | Received 76:C7:BF:5C:0B:86: .
   MainThread:15:31:20.884 scanner.py                                117 DEBUG    | Received F9:57:92:8B:F4:39: .
   MainThread:15:31:20.885 scanner.py                                117 DEBUG    | Received F9:57:92:8B:F4:39: .
   MainThread:15:31:20.995 scanner.py                                117 DEBUG    | Received 7B:C1:8E:38:B1:AC: .
   MainThread:15:31:20.999 scanner.py                                117 DEBUG    | Received 62:2A:83:44:56:E9: .
   MainThread:15:31:21.001 scanner.py                                117 DEBUG    | Received 72:90:79:86:59:BD: .
   MainThread:15:31:21.004 scanner.py                                117 DEBUG    | Received 72:90:79:86:59:BD: JBL Tune Flex 2-LE.
   MainThread:15:31:21.008 scanner.py                                117 DEBUG    | Received 7F:A5:5C:58:58:3C: .
   MainThread:15:31:21.011 scanner.py                                117 DEBUG    | Received DC:23:4D:86:DA:BD: .
   MainThread:15:31:21.013 scanner.py                                117 DEBUG    | Received DC:23:4D:86:DA:BD: .
   MainThread:15:31:21.106 scanner.py                                117 DEBUG    | Received 7C:C3:84:38:18:49: .
   MainThread:15:31:21.223 scanner.py                                117 DEBUG    | Received DB:3B:46:FE:CB:23: .
   MainThread:15:31:21.231 scanner.py                                117 DEBUG    | Received 4A:3C:2A:2F:7B:85: .
   MainThread:15:31:21.232 scanner.py                                117 DEBUG    | Received 4A:3C:2A:2F:7B:85: .
   MainThread:15:31:21.237 scanner.py                                117 DEBUG    | Received 7A:B4:C4:CA:8B:B9: .
   MainThread:15:31:21.238 scanner.py                                117 DEBUG    | Received 7A:B4:C4:CA:8B:B9: .
   MainThread:15:31:21.352 scanner.py                                117 DEBUG    | Received 7C:59:88:9E:7A:13: .
   MainThread:15:31:21.353 scanner.py                                117 DEBUG    | Received 7C:59:88:9E:7A:13: .
   MainThread:15:31:21.354 scanner.py                                117 DEBUG    | Received 7B:C1:8E:38:B1:AC: .
   MainThread:15:31:21.358 scanner.py                                117 DEBUG    | Received 7C:1E:A7:2B:52:70: .
   MainThread:15:31:21.459 scanner.py                                117 DEBUG    | Received 54:D6:68:2B:1D:DA: Jabra Evolve2 65.
   MainThread:15:31:21.461 scanner.py                                117 DEBUG    | Received 54:D6:68:2B:1D:DA: .
   MainThread:15:31:21.464 scanner.py                                117 DEBUG    | Received 13:52:77:82:ED:25: .
   MainThread:15:31:21.466 scanner.py                                117 DEBUG    | Received 13:52:77:82:ED:25: .
   MainThread:15:31:21.469 scanner.py                                117 DEBUG    | Received CF:74:2B:4C:C0:EA: .
   MainThread:15:31:21.472 scanner.py                                117 DEBUG    | Received CF:74:2B:4C:C0:EA: .
   MainThread:15:31:21.476 scanner.py                                117 DEBUG    | Received 6D:59:CF:B0:4D:2B: .
   MainThread:15:31:21.479 scanner.py                                117 DEBUG    | Received 6D:59:CF:B0:4D:2B: .
   MainThread:15:31:21.482 scanner.py                                117 DEBUG    | Received DC:23:4D:86:DA:B5: .
   MainThread:15:31:21.485 scanner.py                                117 DEBUG    | Received DC:23:4D:86:DA:B5: .
   MainThread:15:31:21.621 scanner.py                                117 DEBUG    | Received 20:B3:48:31:53:FB: .
   MainThread:15:31:21.708 scanner.py                                117 DEBUG    | Received 04:33:5E:FE:3A:E7: .
   MainThread:15:31:21.720 scanner.py                                117 DEBUG    | Received 7C:59:88:9E:7A:13: .
   MainThread:15:31:21.721 scanner.py                                117 DEBUG    | Received 7C:59:88:9E:7A:13: .
   MainThread:15:31:21.725 scanner.py                                117 DEBUG    | Received 7B:C1:8E:38:B1:AC: .
   MainThread:15:31:21.817 scanner.py                                117 DEBUG    | Received 28:AF:42:27:F0:5B: .
   MainThread:15:31:21.828 scanner.py                                117 DEBUG    | Received 72:90:79:86:59:BD: .
   MainThread:15:31:21.926 scanner.py                                117 DEBUG    | Received 7C:C3:84:38:18:49: .
   MainThread:15:31:22.046 scanner.py                                117 DEBUG    | Received 4A:3C:2A:2F:7B:85: .
   MainThread:15:31:22.047 scanner.py                                117 DEBUG    | Received 4A:3C:2A:2F:7B:85: .
   MainThread:15:31:22.056 scanner.py                                117 DEBUG    | Received 7C:1E:A7:2B:52:70: .
   MainThread:15:31:22.163 scanner.py                                117 DEBUG    | Received 7A:B4:C4:CA:8B:B9: .
   MainThread:15:31:22.164 scanner.py                                117 DEBUG    | Received 7A:B4:C4:CA:8B:B9: .
   MainThread:15:31:22.165 scanner.py                                117 DEBUG    | Received C4:1F:F3:75:53:B3: .
   MainThread:15:31:22.166 scanner.py                                117 DEBUG    | Received C4:1F:F3:75:53:B3: .
   MainThread:15:31:22.288 scanner.py                                117 DEBUG    | Received 7B:C1:8E:38:B1:AC: .
   MainThread:15:31:22.296 scanner.py                                117 DEBUG    | Received 7C:C3:84:38:18:49: .
   MainThread:15:31:22.405 scanner.py                                117 DEBUG    | Received 73:8A:48:B2:2E:6B: .
   MainThread:15:31:22.407 scanner.py                                117 DEBUG    | Received 73:8A:48:B2:2E:6B: .
   MainThread:15:31:22.410 scanner.py                                117 DEBUG    | Received 54:D6:68:2B:1D:DA: Jabra Evolve2 65.
   MainThread:15:31:22.413 scanner.py                                117 DEBUG    | Received 54:D6:68:2B:1D:DA: .
   MainThread:15:31:22.523 scanner.py                                117 DEBUG    | Received DC:23:4D:86:DA:B5: .
   MainThread:15:31:22.526 scanner.py                                117 DEBUG    | Received DC:23:4D:86:DA:B5: .
   MainThread:15:31:22.530 scanner.py                                117 DEBUG    | Received 76:C7:BF:5C:0B:86: .
   MainThread:15:31:22.532 scanner.py                                117 DEBUG    | Received 0F:20:0B:B0:53:41: .
   MainThread:15:31:22.535 scanner.py                                117 DEBUG    | Received DC:23:4D:86:DA:BD: .
   MainThread:15:31:22.538 scanner.py                                117 DEBUG    | Received DC:23:4D:86:DA:BD: .
   MainThread:15:31:22.545 scanner.py                                117 DEBUG    | Received 7A:B4:C4:CA:8B:B9: .
   MainThread:15:31:22.546 scanner.py                                117 DEBUG    | Received 7A:B4:C4:CA:8B:B9: .
   MainThread:15:31:22.636 scanner.py                                117 DEBUG    | Received 0F:20:0B:B0:53:41: .
   MainThread:15:31:22.650 scanner.py                                117 DEBUG    | Received 20:B3:48:31:53:FB: .
   MainThread:15:31:22.653 scanner.py                                117 DEBUG    | Received 72:90:79:86:59:BD: .
   MainThread:15:31:22.654 scanner.py                                117 DEBUG    | Received 00:A4:1C:FD:C6:D8: .
   MainThread:15:31:22.656 scanner.py                                117 DEBUG    | Received 00:A4:1C:FD:C6:D8: WH-CH720N.
   MainThread:15:31:22.661 scanner.py                                117 DEBUG    | Received 7B:C1:8E:38:B1:AC: .
   MainThread:15:31:22.664 scanner.py                                117 DEBUG    | Received 72:90:79:86:59:BD: .
   MainThread:15:31:22.666 scanner.py                                117 DEBUG    | Received 72:90:79:86:59:BD: JBL Tune Flex 2-LE.
   MainThread:15:31:22.758 scanner.py                                117 DEBUG    | Received 20:B3:48:31:53:FB: .
   MainThread:15:31:22.773 scanner.py                                117 DEBUG    | Received CC:8D:1F:D9:70:FB: .
   MainThread:15:31:22.775 scanner.py                                117 DEBUG    | Received CC:8D:1F:D9:70:FB: .
   MainThread:15:31:22.872 scanner.py                                117 DEBUG    | Received 54:D6:68:2B:1D:DA: Jabra Evolve2 65.
   MainThread:15:31:22.876 scanner.py                                117 DEBUG    | Received 54:D6:68:2B:1D:DA: .
   MainThread:15:31:22.880 scanner.py                                117 DEBUG    | Received 4A:3C:2A:2F:7B:85: .
   MainThread:15:31:22.882 scanner.py                                117 DEBUG    | Received 4A:3C:2A:2F:7B:85: .
   MainThread:15:31:23.109 scanner.py                                117 DEBUG    | Received DB:3B:46:FE:CB:23: .
   MainThread:15:31:23.119 scanner.py                                117 DEBUG    | Received 6D:59:CF:B0:4D:2B: .
   MainThread:15:31:23.119 scanner.py                                117 DEBUG    | Received 6D:59:CF:B0:4D:2B: .
   MainThread:15:31:23.129 scanner.py                                117 DEBUG    | Received 13:52:77:82:ED:25: .
   MainThread:15:31:23.130 scanner.py                                117 DEBUG    | Received 13:52:77:82:ED:25: .
   MainThread:15:31:23.227 scanner.py                                117 DEBUG    | Received 7C:C3:84:38:18:49: .
   MainThread:15:31:23.273 scanner.py                                117 DEBUG    | Received DB:3B:46:FE:CB:23: .
   MainThread:15:31:23.276 scanner.py                                117 DEBUG    | Received 0F:20:0B:B0:53:41: .
   MainThread:15:31:23.278 scanner.py                                117 DEBUG    | Received 20:B3:48:31:53:FB: .
   MainThread:15:31:23.348 scanner.py                                117 DEBUG    | Received 28:AF:42:27:F0:5B: .
   MainThread:15:31:23.349 scanner.py                                117 DEBUG    | Received 28:AF:42:27:F0:5B: 75" Crystal UHD.
   MainThread:15:31:23.362 scanner.py                                117 DEBUG    | Received 76:C7:BF:5C:0B:86: .
   MainThread:15:31:23.364 scanner.py                                117 DEBUG    | Received 76:C7:BF:5C:0B:86: .
   MainThread:15:31:23.473 scanner.py                                117 DEBUG    | Received 72:90:79:86:59:BD: .
   MainThread:15:31:23.477 scanner.py                                117 DEBUG    | Received 72:90:79:86:59:BD: JBL Tune Flex 2-LE.
   MainThread:15:31:23.481 scanner.py                                117 DEBUG    | Received 49:13:A0:8A:92:66: .
   MainThread:15:31:23.484 scanner.py                                117 DEBUG    | Received 94:EC:32:1D:95:29: BG.
   MainThread:15:31:23.492 scanner.py                                117 DEBUG    | Received 60:38:D4:FB:82:B4: .
   MainThread:15:31:23.495 scanner.py                                117 DEBUG    | Received 60:38:D4:FB:82:B4: .
   MainThread:15:31:23.497 scanner.py                                117 DEBUG    | Received 73:8A:48:B2:2E:6B: .
   MainThread:15:31:23.498 scanner.py                                117 DEBUG    | Received 00:A4:1C:FD:C6:D8: .
   MainThread:15:31:23.584 scanner.py                                117 DEBUG    | Received 0F:20:0B:B0:53:41: .
   MainThread:15:31:23.588 scanner.py                                117 DEBUG    | Received 7B:C1:8E:38:B1:AC: .
   MainThread:15:31:23.601 scanner.py                                117 DEBUG    | Received 7C:C3:84:38:18:49: .
   MainThread:15:31:23.701 scanner.py                                117 DEBUG    | Received 4A:3C:2A:2F:7B:85: .
   MainThread:15:31:23.702 scanner.py                                117 DEBUG    | Received 4A:3C:2A:2F:7B:85: .
   MainThread:15:31:23.709 scanner.py                                117 DEBUG    | Received 20:B3:48:31:53:FB: .
   MainThread:15:31:23.721 scanner.py                                117 DEBUG    | Received DC:23:4D:86:DA:B5: .
   MainThread:15:31:23.723 scanner.py                                117 DEBUG    | Received DC:23:4D:86:DA:B5: .
   MainThread:15:31:23.823 scanner.py                                117 DEBUG    | Received 54:D6:68:2B:1D:DA: Jabra Evolve2 65.
   MainThread:15:31:23.825 scanner.py                                117 DEBUG    | Received 54:D6:68:2B:1D:DA: .
   MainThread:15:31:23.837 scanner.py                                117 DEBUG    | Received 28:AF:42:27:F0:5B: .
   MainThread:15:31:23.839 scanner.py                                117 DEBUG    | Received 28:AF:42:27:F0:5B: 75" Crystal UHD.
   MainThread:15:31:23.945 scanner.py                                117 DEBUG    | Received 7C:59:88:9E:7A:13: .
   MainThread:15:31:23.946 scanner.py                                117 DEBUG    | Received 7C:59:88:9E:7A:13: .
   MainThread:15:31:23.953 scanner.py                                117 DEBUG    | Received 6D:59:CF:B0:4D:2B: .
   MainThread:15:31:23.954 scanner.py                                117 DEBUG    | Received 6D:59:CF:B0:4D:2B: .
   MainThread:15:31:24.072 scanner.py                                117 DEBUG    | Received DC:23:4D:86:DA:B5: .
   MainThread:15:31:24.073 scanner.py                                117 DEBUG    | Received DC:23:4D:86:DA:B5: .
   MainThread:15:31:24.294 scanner.py                                117 DEBUG    | Received 54:D6:68:2B:1D:DA: Jabra Evolve2 65.
   MainThread:15:31:24.298 scanner.py                                117 DEBUG    | Received 7C:1E:A7:2B:52:70: .
   MainThread:15:31:24.301 scanner.py                                117 DEBUG    | Received 49:13:A0:8A:92:66: .
   MainThread:15:31:24.302 scanner.py                                117 DEBUG    | Received 49:13:A0:8A:92:66: .
   MainThread:15:31:24.310 scanner.py                                117 DEBUG    | Received 73:8A:48:B2:2E:6B: .
   MainThread:15:31:24.313 scanner.py                                117 DEBUG    | Received CC:8D:1F:D9:70:FB: .
   MainThread:15:31:24.314 scanner.py                                117 DEBUG    | Received CC:8D:1F:D9:70:FB: .
   MainThread:15:31:24.416 scanner.py                                117 DEBUG    | Received F9:57:92:8B:F4:39: .
   MainThread:15:31:24.417 scanner.py                                117 DEBUG    | Received F9:57:92:8B:F4:39: .
   MainThread:15:31:24.419 scanner.py                                117 DEBUG    | Received 04:33:5E:FE:3A:E7: .
   MainThread:15:31:24.421 scanner.py                                117 DEBUG    | Received DC:23:4D:86:DA:B5: .
   MainThread:15:31:24.424 scanner.py                                117 DEBUG    | Received DC:23:4D:86:DA:B5: .
   MainThread:15:31:24.427 scanner.py                                117 DEBUG    | Received 0F:20:0B:B0:53:41: .
   MainThread:15:31:24.553 scanner.py                                117 DEBUG    | Received CC:8D:1F:D9:70:FB: .
   MainThread:15:31:24.556 scanner.py                                117 DEBUG    | Received CC:8D:1F:D9:70:FB: .
   MainThread:15:31:24.560 scanner.py                                117 DEBUG    | Received 62:2A:83:44:56:E9: .
   MainThread:15:31:24.562 scanner.py                                117 DEBUG    | Received 62:2A:83:44:56:E9: .
   MainThread:15:31:24.565 scanner.py                                117 DEBUG    | Received DC:23:4D:86:DA:BD: .
   MainThread:15:31:24.567 scanner.py                                117 DEBUG    | Received DC:23:4D:86:DA:BD: .
   MainThread:15:31:24.570 scanner.py                                117 DEBUG    | Received 20:B3:48:31:53:FB: .
   MainThread:15:31:24.573 scanner.py                                117 DEBUG    | Received 13:52:77:82:ED:25: .
   MainThread:15:31:24.577 scanner.py                                117 DEBUG    | Received 13:52:77:82:ED:25: .
   MainThread:15:31:24.769 scanner.py                                117 DEBUG    | Received 20:B3:48:31:53:FB: .
   MainThread:15:31:24.772 scanner.py                                117 DEBUG    | Received 54:D6:68:2B:1D:DA: Jabra Evolve2 65.
   MainThread:15:31:24.774 scanner.py                                117 DEBUG    | Received 54:D6:68:2B:1D:DA: .
   MainThread:15:31:24.779 scanner.py                                117 DEBUG    | Received 00:A4:1C:FD:C6:D8: .
   MainThread:15:31:24.780 scanner.py                                117 DEBUG    | Received 00:A4:1C:FD:C6:D8: WH-CH720N.
   MainThread:15:31:24.782 scanner.py                                117 DEBUG    | Received 6D:59:CF:B0:4D:2B: .
   MainThread:15:31:24.782 scanner.py                                117 DEBUG    | Received 6D:59:CF:B0:4D:2B: .
   MainThread:15:31:24.888 scanner.py                                117 DEBUG    | Received 7B:C1:8E:38:B1:AC: .
   MainThread:15:31:24.897 scanner.py                                117 DEBUG    | Received DC:23:4D:86:DA:BD: .
   MainThread:15:31:24.899 scanner.py                                117 DEBUG    | Received DC:23:4D:86:DA:BD: .
   MainThread:15:31:24.999 scanner.py                                117 DEBUG    | Received CF:74:2B:4C:C0:EA: .
   MainThread:15:31:25.000 scanner.py                                117 DEBUG    | Received CF:74:2B:4C:C0:EA: .
   MainThread:15:31:25.009 scanner.py                                117 DEBUG    | Received 76:C7:BF:5C:0B:86: .
   MainThread:15:31:25.011 scanner.py                                117 DEBUG    | Received 76:C7:BF:5C:0B:86: .
   MainThread:15:31:25.122 scanner.py                                117 DEBUG    | Received 62:2A:83:44:56:E9: .
   MainThread:15:31:25.122 scanner.py                                117 DEBUG    | Received 62:2A:83:44:56:E9: .
   MainThread:15:31:25.128 scanner.py                                117 DEBUG    | Received 72:90:79:86:59:BD: .
   MainThread:15:31:25.130 scanner.py                                117 DEBUG    | Received 72:90:79:86:59:BD: JBL Tune Flex 2-LE.
   MainThread:15:31:25.132 scanner.py                                117 DEBUG    | Received 7F:A5:5C:58:58:3C: .
   MainThread:15:31:25.133 scanner.py                                117 DEBUG    | Received 7F:A5:5C:58:58:3C: .
   MainThread:15:31:25.140 scanner.py                                117 DEBUG    | Received 60:38:D4:FB:82:B4: .
   MainThread:15:31:25.143 scanner.py                                117 DEBUG    | Received 60:38:D4:FB:82:B4: .
   MainThread:15:31:25.246 scanner.py                                117 DEBUG    | Received 7C:59:88:9E:7A:13: .
   MainThread:15:31:25.248 scanner.py                                117 DEBUG    | Received 7C:59:88:9E:7A:13: .
   MainThread:15:31:25.251 scanner.py                                117 DEBUG    | Received 54:D6:68:2B:1D:DA: Jabra Evolve2 65.
   MainThread:15:31:25.254 scanner.py                                117 DEBUG    | Received 54:D6:68:2B:1D:DA: .
   MainThread:15:31:25.361 scanner.py                                117 DEBUG    | Received 28:AF:42:27:F0:5B: .
   MainThread:15:31:25.362 scanner.py                                117 DEBUG    | Received 28:AF:42:27:F0:5B: 75" Crystal UHD.
   MainThread:15:31:25.368 scanner.py                                117 DEBUG    | Received 04:33:5E:FE:3A:E7: .
   MainThread:15:31:25.369 scanner.py                                117 DEBUG    | Received 0F:20:0B:B0:53:41: .
   MainThread:15:31:25.374 scanner.py                                117 DEBUG    | Received 7E:60:6A:96:37:0B: .
   MainThread:15:31:25.376 scanner.py                                117 DEBUG    | Received 7E:60:6A:96:37:0B: .
   MainThread:15:31:25.476 scanner.py                                117 DEBUG    | Received 7C:C3:84:38:18:49: .
   MainThread:15:31:25.492 scanner.py                                117 DEBUG    | Received 72:90:79:86:59:BD: .
   MainThread:15:31:25.495 scanner.py                                117 DEBUG    | Received 72:90:79:86:59:BD: JBL Tune Flex 2-LE.
   MainThread:15:31:25.602 scanner.py                                117 DEBUG    | Received 00:A4:1C:FD:C6:D8: .
   MainThread:15:31:25.605 scanner.py                                117 DEBUG    | Received 00:A4:1C:FD:C6:D8: WH-CH720N.
   MainThread:15:31:25.608 scanner.py                                117 DEBUG    | Received 7C:1E:A7:2B:52:70: .
   MainThread:15:31:25.611 scanner.py                                117 DEBUG    | Received 6D:59:CF:B0:4D:2B: .
   MainThread:15:31:25.613 scanner.py                                117 DEBUG    | Received 6D:59:CF:B0:4D:2B: .
   MainThread:15:31:25.615 scanner.py                                117 DEBUG    | Received 20:B3:48:31:53:FB: .
   MainThread:15:31:25.618 scanner.py                                117 DEBUG    | Received 4A:3C:2A:2F:7B:85: .
   MainThread:15:31:25.620 scanner.py                                117 DEBUG    | Received 4A:3C:2A:2F:7B:85: .
   MainThread:15:31:25.716 scanner.py                                117 DEBUG    | Received DC:23:4D:86:DA:BD: .
   MainThread:15:31:25.719 scanner.py                                117 DEBUG    | Received 20:B3:48:31:53:FB: .
   MainThread:15:31:25.724 scanner.py                                117 DEBUG    | Received 54:D6:68:2B:1D:DA: Jabra Evolve2 65.
   MainThread:15:31:25.726 scanner.py                                117 DEBUG    | Received 54:D6:68:2B:1D:DA: .
   MainThread:15:31:25.822 scanner.py                                117 DEBUG    | Received 20:B3:48:31:53:FB: .
   MainThread:15:31:25.829 scanner.py                                117 DEBUG    | Received CC:8D:1F:D9:70:FB: .
   MainThread:15:31:25.831 scanner.py                                117 DEBUG    | Received CC:8D:1F:D9:70:FB: .
   MainThread:15:31:25.948 scanner.py                                117 DEBUG    | Received 72:90:79:86:59:BD: .
   MainThread:15:31:25.949 scanner.py                                117 DEBUG    | Received 72:90:79:86:59:BD: JBL Tune Flex 2-LE.
   MainThread:15:31:25.960 scanner.py                                117 DEBUG    | Received 73:8A:48:B2:2E:6B: .
   MainThread:15:31:25.962 scanner.py                                117 DEBUG    | Received 73:8A:48:B2:2E:6B: .
   MainThread:15:31:26.077 scanner.py                                117 DEBUG    | Received CC:8D:1F:D9:70:FB: .
   MainThread:15:31:26.079 scanner.py                                117 DEBUG    | Received CC:8D:1F:D9:70:FB: .
   MainThread:15:31:26.087 scanner.py                                117 DEBUG    | Received 7A:B4:C4:CA:8B:B9: .
   MainThread:15:31:26.088 scanner.py                                117 DEBUG    | Received 7A:B4:C4:CA:8B:B9: .
   MainThread:15:31:26.090 scanner.py                                117 DEBUG    | Received DB:5A:E1:F7:4F:08: .
   MainThread:15:31:26.094 scanner.py                                117 DEBUG    | Received DB:3B:46:FE:CB:23: .
   MainThread:15:31:26.185 scanner.py                                117 DEBUG    | Received 7B:C1:8E:38:B1:AC: .
   MainThread:15:31:26.193 scanner.py                                117 DEBUG    | Received 54:D6:68:2B:1D:DA: Jabra Evolve2 65.
   MainThread:15:31:26.194 scanner.py                                117 DEBUG    | Received 54:D6:68:2B:1D:DA: .
   MainThread:15:31:26.196 scanner.py                                117 DEBUG    | Received 7E:60:6A:96:37:0B: .
   MainThread:15:31:26.196 scanner.py                                117 DEBUG    | Received 7E:60:6A:96:37:0B: .
   MainThread:15:31:26.204 scanner.py                                117 DEBUG    | Received 7C:C3:84:38:18:49: .
   MainThread:15:31:26.310 scanner.py                                117 DEBUG    | Received 04:33:5E:FE:3A:E7: .
   MainThread:15:31:26.312 scanner.py                                117 DEBUG    | Received 0F:20:0B:B0:53:41: .
   MainThread:15:31:26.317 scanner.py                                117 DEBUG    | Received 72:90:79:86:59:BD: .
   MainThread:15:31:26.319 scanner.py                                117 DEBUG    | Received 72:90:79:86:59:BD: JBL Tune Flex 2-LE.
   MainThread:15:31:26.424 scanner.py                                117 DEBUG    | Received F9:57:92:8B:F4:39: .
   MainThread:15:31:26.431 scanner.py                                117 DEBUG    | Received DC:23:4D:86:DA:B5: .
   MainThread:15:31:26.434 scanner.py                                117 DEBUG    | Received DC:23:4D:86:DA:B5: .
   MainThread:15:31:26.537 scanner.py                                117 DEBUG    | Received 7C:59:88:9E:7A:13: .
   MainThread:15:31:26.538 scanner.py                                117 DEBUG    | Received 7C:59:88:9E:7A:13: .
   MainThread:15:31:26.542 scanner.py                                117 DEBUG    | Received 7C:1E:A7:2B:52:70: .
   MainThread:15:31:26.546 scanner.py                                117 DEBUG    | Received DC:23:4D:86:DA:BD: .
   MainThread:15:31:26.548 scanner.py                                117 DEBUG    | Received DC:23:4D:86:DA:BD: .
   MainThread:15:31:26.652 scanner.py                                117 DEBUG    | Received 76:C7:BF:5C:0B:86: .
   MainThread:15:31:26.661 scanner.py                                117 DEBUG    | Received 20:B3:48:31:53:FB: .
   MainThread:15:31:26.666 scanner.py                                117 DEBUG    | Received 54:D6:68:2B:1D:DA: Jabra Evolve2 65.
   MainThread:15:31:26.667 scanner.py                                117 DEBUG    | Received 54:D6:68:2B:1D:DA: .
   MainThread:15:31:26.780 scanner.py                                117 DEBUG    | Received 72:90:79:86:59:BD: .
   MainThread:15:31:26.782 scanner.py                                117 DEBUG    | Received 72:90:79:86:59:BD: JBL Tune Flex 2-LE.
   MainThread:15:31:26.785 scanner.py                                117 DEBUG    | Received DC:23:4D:86:DA:B5: .
   MainThread:15:31:26.786 scanner.py                                117 DEBUG    | Received DC:23:4D:86:DA:B5: .
   MainThread:15:31:26.789 scanner.py                                117 DEBUG    | Received 73:8A:48:B2:2E:6B: .
   MainThread:15:31:26.791 scanner.py                                117 DEBUG    | Received 73:8A:48:B2:2E:6B: .
   MainThread:15:31:27.022 scanner.py                                117 DEBUG    | Received 7A:B4:C4:CA:8B:B9: .
   MainThread:15:31:27.023 scanner.py                                117 DEBUG    | Received 7A:B4:C4:CA:8B:B9: .
   MainThread:15:31:27.033 scanner.py                                117 DEBUG    | Received F5:AD:91:09:81:E2: .
   MainThread:15:31:27.040 scanner.py                                117 DEBUG    | Received DB:3B:46:FE:CB:23: .
   MainThread:15:31:27.040 scanner.py                                117 DEBUG    | Received 04:33:5E:FE:3A:E7: .
   MainThread:15:31:27.131 scanner.py                                117 DEBUG    | Received 54:D6:68:2B:1D:DA: Jabra Evolve2 65.
   MainThread:15:31:27.132 scanner.py                                117 DEBUG    | Received 54:D6:68:2B:1D:DA: .
   MainThread:15:31:27.164 scanner.py                                117 DEBUG    | Received C4:EF:E0:2E:63:25: .
   MainThread:15:31:27.175 scanner.py                                117 DEBUG    | Received E3:35:D2:AA:5E:75: .
   MainThread:15:31:27.176 scanner.py                                117 DEBUG    | Received E3:35:D2:AA:5E:75: .
   MainThread:15:31:27.251 scanner.py                                117 DEBUG    | Received 6D:59:CF:B0:4D:2B: .
   MainThread:15:31:27.252 scanner.py                                117 DEBUG    | Received 6D:59:CF:B0:4D:2B: .
   MainThread:15:31:27.253 scanner.py                                117 DEBUG    | Received 04:33:5E:FE:3A:E7: .
   MainThread:15:31:27.255 scanner.py                                117 DEBUG    | Received 0F:20:0B:B0:53:41: .
   MainThread:15:31:27.260 scanner.py                                117 DEBUG    | Received 8C:71:12:52:1D:DB: QT 12521DDB.
   MainThread:15:31:27.262 scanner.py                                117 DEBUG    | Received 4A:3C:2A:2F:7B:85: .
   MainThread:15:31:27.265 scanner.py                                117 DEBUG    | Received 4A:3C:2A:2F:7B:85: .
   MainThread:15:31:27.482 scanner.py                                117 DEBUG    | Received 7B:C1:8E:38:B1:AC: .
   MainThread:15:31:27.491 scanner.py                                117 DEBUG    | Received 20:B3:48:31:53:FB: .
   MainThread:15:31:27.599 scanner.py                                117 DEBUG    | Received 20:B3:48:31:53:FB: .
   MainThread:15:31:27.602 scanner.py                                117 DEBUG    | Received 72:90:79:86:59:BD: .
   MainThread:15:31:27.605 scanner.py                                117 DEBUG    | Received 72:90:79:86:59:BD: JBL Tune Flex 2-LE.
   MainThread:15:31:27.621 scanner.py                                117 DEBUG    | Received 60:38:D4:FB:82:B4: .
   MainThread:15:31:27.623 scanner.py                                117 DEBUG    | Received 60:38:D4:FB:82:B4: .
   MainThread:15:31:27.630 scanner.py                                117 DEBUG    | Received DC:23:4D:86:DA:B5: .
   MainThread:15:31:27.631 scanner.py                                117 DEBUG    | Received DC:23:4D:86:DA:B5: .
   MainThread:15:31:27.747 scanner.py                                117 DEBUG    | Received DC:23:4D:86:DA:BD: .
   MainThread:15:31:27.750 scanner.py                                117 DEBUG    | Received DC:23:4D:86:DA:BD: .
   MainThread:15:31:27.753 scanner.py                                117 DEBUG    | Received 76:C7:BF:5C:0B:86: .
   MainThread:15:31:27.755 scanner.py                                117 DEBUG    | Received 76:C7:BF:5C:0B:86: .
   MainThread:15:31:27.757 scanner.py                                117 DEBUG    | Received 09:7A:49:80:2D:0E: .
   MainThread:15:31:27.761 scanner.py                                117 DEBUG    | Received 72:90:79:86:59:BD: .
   MainThread:15:31:27.763 scanner.py                                117 DEBUG    | Received 72:90:79:86:59:BD: JBL Tune Flex 2-LE.
   MainThread:15:31:27.840 scanner.py                                117 DEBUG    | Received DB:3B:46:FE:CB:23: .
   MainThread:15:31:27.842 scanner.py                                117 DEBUG    | Received 7E:60:6A:96:37:0B: .
   MainThread:15:31:27.842 scanner.py                                117 DEBUG    | Received 7E:60:6A:96:37:0B: .
   MainThread:15:31:27.848 scanner.py                                117 DEBUG    | Received 7B:C1:8E:38:B1:AC: .
   MainThread:15:31:27.851 scanner.py                                117 DEBUG    | Received 7C:1E:A7:2B:52:70: .
   MainThread:15:31:27.960 scanner.py                                212 DEBUG    | 1 devices found. Watcher status: <BluetoothLEAdvertisementWatcherStatus.STOPPED: 3>.
   MainThread:15:31:27.961 client.py                                  86 WARNING  | Failed to find a device in 15 seconds. Retrying #4
   MainThread:15:31:27.962 gopro_wireless.py                         327 ERROR    | Error while opening: A scan timed out without finding a device
   MainThread:15:31:27.963 util.py                                   217 DEBUG    | Send cmd --> netsh wlan disconnect interface="Wi-Fi"
   MainThread:15:31:28.235 util.py                                   223 DEBUG    | Receive response --> Disconnection request was completed successfully for interface "Wi-Fi".

   MainThread:15:31:28.235 bleak_wrapper.py                          121 INFO     | Scanning for GoPro [A-Z0-9]{4} bluetooth devices...
   MainThread:15:31:28.279 scanner.py                                117 DEBUG    | Received DC:23:4D:86:DA:BD: .
   MainThread:15:31:28.281 scanner.py                                117 DEBUG    | Received DC:23:4D:86:DA:BD: .
   MainThread:15:31:28.283 scanner.py                                117 DEBUG    | Received 13:52:77:82:ED:25: .
   MainThread:15:31:28.285 scanner.py                                117 DEBUG    | Received 13:52:77:82:ED:25: .
   MainThread:15:31:28.390 scanner.py                                117 DEBUG    | Received 7E:60:6A:96:37:0B: .
   MainThread:15:31:28.391 scanner.py                                117 DEBUG    | Received 7E:60:6A:96:37:0B: .
   MainThread:15:31:28.394 scanner.py                                117 DEBUG    | Received CF:4B:09:8A:13:82: .
   MainThread:15:31:28.397 scanner.py                                117 DEBUG    | Received 7C:59:88:9E:7A:13: .
   MainThread:15:31:28.398 scanner.py                                117 DEBUG    | Received 7C:59:88:9E:7A:13: .
   MainThread:15:31:28.400 scanner.py                                117 DEBUG    | Received 7C:1E:A7:2B:52:70: .
   MainThread:15:31:28.505 scanner.py                                117 DEBUG    | Received 04:33:5E:FE:3A:E7: .
   MainThread:15:31:28.614 scanner.py                                117 DEBUG    | Received E2:A4:BB:C7:B6:13: .
   MainThread:15:31:28.622 scanner.py                                117 DEBUG    | Received 7C:C3:84:38:18:49: .
   MainThread:15:31:28.627 scanner.py                                117 DEBUG    | Received 72:90:79:86:59:BD: .
   MainThread:15:31:28.628 scanner.py                                117 DEBUG    | Received 72:90:79:86:59:BD: JBL Tune Flex 2-LE.
   MainThread:15:31:28.637 scanner.py                                117 DEBUG    | Received 20:B3:48:31:53:FB: .
   MainThread:15:31:28.640 scanner.py                                117 DEBUG    | Received FC:73:0E:13:87:8F: .
   MainThread:15:31:28.642 scanner.py                                117 DEBUG    | Received FC:73:0E:13:87:8F: .
   MainThread:15:31:28.736 scanner.py                                117 DEBUG    | Received 0F:20:0B:B0:53:41: .
   MainThread:15:31:28.745 scanner.py                                117 DEBUG    | Received 20:B3:48:31:53:FB: .
   MainThread:15:31:28.852 scanner.py                                117 DEBUG    | Received 20:B3:48:31:53:FB: .
   MainThread:15:31:28.866 scanner.py                                117 DEBUG    | Received DC:23:4D:86:DA:B5: .
   MainThread:15:31:28.867 scanner.py                                117 DEBUG    | Received DC:23:4D:86:DA:B5: .
   MainThread:15:31:28.968 scanner.py                                117 DEBUG    | Received 7B:C1:8E:38:B1:AC: .
   MainThread:15:31:28.988 scanner.py                                117 DEBUG    | Received 00:A4:1C:FD:C6:D8: .
   MainThread:15:31:29.094 scanner.py                                117 DEBUG    | Received 72:90:79:86:59:BD: .
   MainThread:15:31:29.094 scanner.py                                117 DEBUG    | Received 72:90:79:86:59:BD: JBL Tune Flex 2-LE.
   MainThread:15:31:29.095 scanner.py                                117 DEBUG    | Received 7A:B4:C4:CA:8B:B9: .
   MainThread:15:31:29.096 scanner.py                                117 DEBUG    | Received 7A:B4:C4:CA:8B:B9: .
   MainThread:15:31:29.211 scanner.py                                117 DEBUG    | Received 7E:60:6A:96:37:0B: .
   MainThread:15:31:29.336 scanner.py                                117 DEBUG    | Received 04:33:5E:FE:3A:E7: .
   MainThread:15:31:29.338 scanner.py                                117 DEBUG    | Received 7B:C1:8E:38:B1:AC: .
   MainThread:15:31:29.441 scanner.py                                117 DEBUG    | Received 04:33:5E:FE:3A:E7: .
   MainThread:15:31:29.452 scanner.py                                117 DEBUG    | Received 72:90:79:86:59:BD: .
   MainThread:15:31:29.453 scanner.py                                117 DEBUG    | Received 72:90:79:86:59:BD: JBL Tune Flex 2-LE.
   MainThread:15:31:29.462 scanner.py                                117 DEBUG    | Received 7A:B4:C4:CA:8B:B9: .
   MainThread:15:31:29.463 scanner.py                                117 DEBUG    | Received 7A:B4:C4:CA:8B:B9: .
   MainThread:15:31:29.465 scanner.py                                117 DEBUG    | Received 0F:20:0B:B0:53:41: .
   MainThread:15:31:29.468 scanner.py                                117 DEBUG    | Received DC:23:4D:86:DA:BD: .
   MainThread:15:31:29.470 scanner.py                                117 DEBUG    | Received DC:23:4D:86:DA:BD: .
   MainThread:15:31:29.567 scanner.py                                117 DEBUG    | Received 7A:B4:C4:CA:8B:B9: .
   MainThread:15:31:29.568 scanner.py                                117 DEBUG    | Received 7A:B4:C4:CA:8B:B9: .
   MainThread:15:31:29.569 scanner.py                                117 DEBUG    | Received 0F:20:0B:B0:53:41: .
   MainThread:15:31:29.678 scanner.py                                117 DEBUG    | Received 0F:20:0B:B0:53:41: .
   MainThread:15:31:29.685 scanner.py                                117 DEBUG    | Received 76:C7:BF:5C:0B:86: .
   MainThread:15:31:29.686 scanner.py                                117 DEBUG    | Received 76:C7:BF:5C:0B:86: .
   MainThread:15:31:29.801 scanner.py                                117 DEBUG    | Received 20:B3:48:31:53:FB: .
   MainThread:15:31:29.810 scanner.py                                117 DEBUG    | Received 73:8A:48:B2:2E:6B: .
   MainThread:15:31:29.813 scanner.py                                117 DEBUG    | Received 73:8A:48:B2:2E:6B: .
   MainThread:15:31:29.817 scanner.py                                117 DEBUG    | Received 7A:B4:C4:CA:8B:B9: .
   MainThread:15:31:29.818 scanner.py                                117 DEBUG    | Received 7A:B4:C4:CA:8B:B9: .
   MainThread:15:31:29.821 scanner.py                                117 DEBUG    | Received 00:A4:1C:FD:C6:D8: .
   MainThread:15:31:29.822 scanner.py                                117 DEBUG    | Received 00:A4:1C:FD:C6:D8: WH-CH720N.
   MainThread:15:31:29.995 scanner.py                                117 DEBUG    | Received 7A:B4:C4:CA:8B:B9: .
   MainThread:15:31:30.000 scanner.py                                117 DEBUG    | Received 7A:B4:C4:CA:8B:B9: .
   MainThread:15:31:30.029 scanner.py                                117 DEBUG    | Received 7C:C3:84:38:18:49: .
   MainThread:15:31:30.070 scanner.py                                117 DEBUG    | Received 7E:60:6A:96:37:0B: .
   MainThread:15:31:30.072 scanner.py                                117 DEBUG    | Received 7E:60:6A:96:37:0B: .
   MainThread:15:31:30.263 scanner.py                                117 DEBUG    | Received 04:33:5E:FE:3A:E7: .
   MainThread:15:31:30.294 scanner.py                                117 DEBUG    | Received C4:1F:F3:75:53:B3: .
   MainThread:15:31:30.296 scanner.py                                117 DEBUG    | Received C4:1F:F3:75:53:B3: .
   MainThread:15:31:30.296 scanner.py                                117 DEBUG    | Received 7A:B4:C4:CA:8B:B9: .
   MainThread:15:31:30.310 scanner.py                                117 DEBUG    | Received 7A:B4:C4:CA:8B:B9: .
   MainThread:15:31:30.332 scanner.py                                117 DEBUG    | Received 7C:C3:84:38:18:49: .
   MainThread:15:31:30.344 scanner.py                                117 DEBUG    | Received 0F:20:0B:B0:53:41: .
   MainThread:15:31:30.438 scanner.py                                117 DEBUG    | Received CF:4B:09:8A:13:82: .
   MainThread:15:31:30.573 scanner.py                                117 DEBUG    | Received 76:C7:BF:5C:0B:86: .
   MainThread:15:31:30.582 scanner.py                                117 DEBUG    | Received 76:C7:BF:5C:0B:86: .
   MainThread:15:31:30.631 scanner.py                                117 DEBUG    | Received 0F:20:0B:B0:53:41: .
   MainThread:15:31:30.640 scanner.py                                117 DEBUG    | Received E2:A4:BB:C7:B6:13: .
   MainThread:15:31:30.643 scanner.py                                117 DEBUG    | Received 73:8A:48:B2:2E:6B: .
   MainThread:15:31:30.645 scanner.py                                117 DEBUG    | Received 73:8A:48:B2:2E:6B: .
   MainThread:15:31:30.654 scanner.py                                117 DEBUG    | Received 7C:59:88:9E:7A:13: .
   MainThread:15:31:30.655 scanner.py                                117 DEBUG    | Received 7C:59:88:9E:7A:13: .
   MainThread:15:31:30.662 scanner.py                                117 DEBUG    | Received 20:B3:48:31:53:FB: .
   MainThread:15:31:30.667 scanner.py                                117 DEBUG    | Received FC:73:0E:13:87:8F: .
   MainThread:15:31:30.667 scanner.py                                117 DEBUG    | Received FC:73:0E:13:87:8F: .
   MainThread:15:31:30.745 scanner.py                                117 DEBUG    | Received 20:B3:48:31:53:FB: .
   MainThread:15:31:30.756 scanner.py                                117 DEBUG    | Received 7A:B4:C4:CA:8B:B9: .
   MainThread:15:31:30.758 scanner.py                                117 DEBUG    | Received 7A:B4:C4:CA:8B:B9: .
   MainThread:15:31:30.761 scanner.py                                117 DEBUG    | Received C2:C1:3F:9B:74:F7: .
   MainThread:15:31:30.764 scanner.py                                117 DEBUG    | Received 72:90:79:86:59:BD: .
   MainThread:15:31:30.765 scanner.py                                117 DEBUG    | Received 72:90:79:86:59:BD: JBL Tune Flex 2-LE.
   MainThread:15:31:30.862 scanner.py                                117 DEBUG    | Received 13:52:77:82:ED:25: .
   MainThread:15:31:30.864 scanner.py                                117 DEBUG    | Received 13:52:77:82:ED:25: .
   MainThread:15:31:30.865 scanner.py                                117 DEBUG    | Received 7C:C3:84:38:18:49: .
   MainThread:15:31:30.869 scanner.py                                117 DEBUG    | Received 8C:71:12:52:1D:DB: QT 12521DDB.
   MainThread:15:31:30.873 scanner.py                                117 DEBUG    | Received 28:AF:42:27:F0:5B: .
   MainThread:15:31:30.874 scanner.py                                117 DEBUG    | Received 28:AF:42:27:F0:5B: 75" Crystal UHD.
   MainThread:15:31:30.879 scanner.py                                117 DEBUG    | Received 7E:60:6A:96:37:0B: .
   MainThread:15:31:30.885 scanner.py                                117 DEBUG    | Received 7E:60:6A:96:37:0B: .
   MainThread:15:31:30.889 scanner.py                                117 DEBUG    | Received 28:AF:42:27:F0:5B: .
   MainThread:15:31:30.891 scanner.py                                117 DEBUG    | Received 28:AF:42:27:F0:5B: 75" Crystal UHD.
   MainThread:15:31:30.894 scanner.py                                117 DEBUG    | Received 7A:B4:C4:CA:8B:B9: .
   MainThread:15:31:30.896 scanner.py                                117 DEBUG    | Received 7A:B4:C4:CA:8B:B9: .
   MainThread:15:31:30.899 scanner.py                                117 DEBUG    | Received 7F:A5:5C:58:58:3C: .
   MainThread:15:31:30.900 scanner.py                                117 DEBUG    | Received 7F:A5:5C:58:58:3C: .
   MainThread:15:31:31.000 scanner.py                                117 DEBUG    | Received 7C:59:88:9E:7A:13: .
   MainThread:15:31:31.001 scanner.py                                117 DEBUG    | Received 7C:59:88:9E:7A:13: .
   MainThread:15:31:31.007 scanner.py                                117 DEBUG    | Received 7B:C1:8E:38:B1:AC: .
   MainThread:15:31:31.041 scanner.py                                117 DEBUG    | Received DC:23:4D:86:DA:BD: .
   MainThread:15:31:31.107 scanner.py                                117 DEBUG    | Received 72:90:79:86:59:BD: .
   MainThread:15:31:31.111 scanner.py                                117 DEBUG    | Received 72:90:79:86:59:BD: JBL Tune Flex 2-LE.
   MainThread:15:31:31.116 scanner.py                                117 DEBUG    | Received 62:2A:83:44:56:E9: .
   MainThread:15:31:31.118 scanner.py                                117 DEBUG    | Received 62:2A:83:44:56:E9: .
   MainThread:15:31:31.126 scanner.py                                117 DEBUG    | Received 6D:59:CF:B0:4D:2B: .
   MainThread:15:31:31.129 scanner.py                                117 DEBUG    | Received 6D:59:CF:B0:4D:2B: .
   MainThread:15:31:31.231 scanner.py                                117 DEBUG    | Received 7C:C3:84:38:18:49: .
   MainThread:15:31:31.239 scanner.py                                117 DEBUG    | Received 49:13:A0:8A:92:66: .
   MainThread:15:31:31.349 scanner.py                                117 DEBUG    | Received 04:33:5E:FE:3A:E7: .
   MainThread:15:31:31.352 scanner.py                                117 DEBUG    | Received 7A:B4:C4:CA:8B:B9: .
   MainThread:15:31:31.450 scanner.py                                117 DEBUG    | Received 73:8A:48:B2:2E:6B: .
   MainThread:15:31:31.451 scanner.py                                117 DEBUG    | Received 73:8A:48:B2:2E:6B: .
   MainThread:15:31:31.462 scanner.py                                117 DEBUG    | Received 0F:20:0B:B0:53:41: .
   MainThread:15:31:31.585 scanner.py                                117 DEBUG    | Received 7A:B4:C4:CA:8B:B9: .
   MainThread:15:31:31.587 scanner.py                                117 DEBUG    | Received 7A:B4:C4:CA:8B:B9: .
   MainThread:15:31:31.589 scanner.py                                117 DEBUG    | Received 20:B3:48:31:53:FB: .
   MainThread:15:31:31.593 scanner.py                                117 DEBUG    | Received 7C:1E:A7:2B:52:70: .
   MainThread:15:31:31.603 scanner.py                                117 DEBUG    | Received 7C:C3:84:38:18:49: .
   MainThread:15:31:31.608 scanner.py                                117 DEBUG    | Received 72:90:79:86:59:BD: .
   MainThread:15:31:31.611 scanner.py                                117 DEBUG    | Received 72:90:79:86:59:BD: JBL Tune Flex 2-LE.
   MainThread:15:31:31.687 scanner.py                                117 DEBUG    | Received 4A:3C:2A:2F:7B:85: .
   MainThread:15:31:31.687 scanner.py                                117 DEBUG    | Received 4A:3C:2A:2F:7B:85: .
   MainThread:15:31:31.695 scanner.py                                117 DEBUG    | Received CC:8D:1F:D9:70:FB: .
   MainThread:15:31:31.706 scanner.py                                117 DEBUG    | Received 7E:60:6A:96:37:0B: .
   MainThread:15:31:31.707 scanner.py                                117 DEBUG    | Received 7E:60:6A:96:37:0B: .
   MainThread:15:31:31.809 scanner.py                                117 DEBUG    | Received DB:3B:46:FE:CB:23: .
   MainThread:15:31:31.815 scanner.py                                117 DEBUG    | Received 3D:9C:16:06:EF:06: .
   MainThread:15:31:31.925 scanner.py                                117 DEBUG    | Received 7B:C1:8E:38:B1:AC: .
   MainThread:15:31:31.931 scanner.py                                117 DEBUG    | Received 00:A4:1C:FD:C6:D8: .
   MainThread:15:31:31.932 scanner.py                                117 DEBUG    | Received 00:A4:1C:FD:C6:D8: WH-CH720N.
   MainThread:15:31:31.934 scanner.py                                117 DEBUG    | Received 7C:59:88:9E:7A:13: .
   MainThread:15:31:31.937 scanner.py                                117 DEBUG    | Received 7C:59:88:9E:7A:13: .
   MainThread:15:31:31.939 scanner.py                                117 DEBUG    | Received 7A:B4:C4:CA:8B:B9: .
   MainThread:15:31:31.942 scanner.py                                117 DEBUG    | Received 7A:B4:C4:CA:8B:B9: .
   MainThread:15:31:31.945 scanner.py                                117 DEBUG    | Received 6D:59:CF:B0:4D:2B: .
   MainThread:15:31:31.949 scanner.py                                117 DEBUG    | Received 72:90:79:86:59:BD: .
   MainThread:15:31:31.951 scanner.py                                117 DEBUG    | Received 72:90:79:86:59:BD: JBL Tune Flex 2-LE.
   MainThread:15:31:32.043 scanner.py                                117 DEBUG    | Received 7A:B4:C4:CA:8B:B9: .
   MainThread:15:31:32.047 scanner.py                                117 DEBUG    | Received 7A:B4:C4:CA:8B:B9: .
   MainThread:15:31:32.050 scanner.py                                117 DEBUG    | Received 60:38:D4:FB:82:B4: .
   MainThread:15:31:32.051 scanner.py                                117 DEBUG    | Received 60:38:D4:FB:82:B4: .
   MainThread:15:31:32.055 scanner.py                                117 DEBUG    | Received DC:23:4D:86:DA:B5: .
   MainThread:15:31:32.059 scanner.py                                117 DEBUG    | Received DC:23:4D:86:DA:B5: .
   MainThread:15:31:32.184 scanner.py                                117 DEBUG    | Received 7A:B4:C4:CA:8B:B9: .
   MainThread:15:31:32.186 scanner.py                                117 DEBUG    | Received 7A:B4:C4:CA:8B:B9: .
   MainThread:15:31:32.188 scanner.py                                117 DEBUG    | Received 0F:20:0B:B0:53:41: .
   MainThread:15:31:32.192 scanner.py                                117 DEBUG    | Received C4:1F:F3:75:53:B3: .
   MainThread:15:31:32.193 scanner.py                                117 DEBUG    | Received C4:1F:F3:75:53:B3: .
   MainThread:15:31:32.285 scanner.py                                117 DEBUG    | Received DB:3B:46:FE:CB:23: .
   MainThread:15:31:32.290 scanner.py                                117 DEBUG    | Received 7A:B4:C4:CA:8B:B9: .
   MainThread:15:31:32.293 scanner.py                                117 DEBUG    | Received 7A:B4:C4:CA:8B:B9: .
   MainThread:15:31:32.300 scanner.py                                117 DEBUG    | Received 13:52:77:82:ED:25: .
   MainThread:15:31:32.301 scanner.py                                117 DEBUG    | Received 13:52:77:82:ED:25: .
   MainThread:15:31:32.305 scanner.py                                117 DEBUG    | Received 7B:C1:8E:38:B1:AC: .
   MainThread:15:31:32.321 scanner.py                                117 DEBUG    | Received 7C:59:88:9E:7A:13: .
   MainThread:15:31:32.332 scanner.py                                117 DEBUG    | Received 7C:59:88:9E:7A:13: .
   MainThread:15:31:32.397 scanner.py                                117 DEBUG    | Received 0F:20:0B:B0:53:41: .
   MainThread:15:31:32.403 scanner.py                                117 DEBUG    | Received 28:AF:42:27:F0:5B: .
   MainThread:15:31:32.405 scanner.py                                117 DEBUG    | Received 28:AF:42:27:F0:5B: 75" Crystal UHD.
   MainThread:15:31:32.407 scanner.py                                117 DEBUG    | Received CF:4B:09:8A:13:82: .
   MainThread:15:31:32.409 scanner.py                                117 DEBUG    | Received DC:23:4D:86:DA:BD: .
   MainThread:15:31:32.518 scanner.py                                117 DEBUG    | Received 4A:3C:2A:2F:7B:85: .
   MainThread:15:31:32.520 scanner.py                                117 DEBUG    | Received 4A:3C:2A:2F:7B:85: .
   MainThread:15:31:32.527 scanner.py                                117 DEBUG    | Received 7C:1E:A7:2B:52:70: .
   MainThread:15:31:32.529 scanner.py                                117 DEBUG    | Received 7C:C3:84:38:18:49: .
   MainThread:15:31:32.534 scanner.py                                117 DEBUG    | Received 7E:60:6A:96:37:0B: .
   MainThread:15:31:32.537 scanner.py                                117 DEBUG    | Received 7E:60:6A:96:37:0B: .
   MainThread:15:31:32.539 scanner.py                                117 DEBUG    | Received FE:5D:58:42:68:D4: .
   MainThread:15:31:32.541 scanner.py                                117 DEBUG    | Received FE:5D:58:42:68:D4: .
   MainThread:15:31:32.648 scanner.py                                117 DEBUG    | Received FC:73:0E:13:87:8F: .
   MainThread:15:31:32.650 scanner.py                                117 DEBUG    | Received FC:73:0E:13:87:8F: .
   MainThread:15:31:32.652 scanner.py                                117 DEBUG    | Received 3D:9C:16:06:EF:06: .
   MainThread:15:31:32.750 scanner.py                                117 DEBUG    | Received 3D:9C:16:06:EF:06: .
   MainThread:15:31:32.762 scanner.py                                117 DEBUG    | Received DB:3B:46:FE:CB:23: .
   MainThread:15:31:32.767 scanner.py                                117 DEBUG    | Received 7A:B4:C4:CA:8B:B9: .
   MainThread:15:31:32.770 scanner.py                                117 DEBUG    | Received 7A:B4:C4:CA:8B:B9: .
   MainThread:15:31:32.772 scanner.py                                117 DEBUG    | Received 72:90:79:86:59:BD: .
   MainThread:15:31:32.776 scanner.py                                117 DEBUG    | Received 72:90:79:86:59:BD: JBL Tune Flex 2-LE.
   MainThread:15:31:32.779 scanner.py                                117 DEBUG    | Received 72:90:79:86:59:BD: .
   MainThread:15:31:32.782 scanner.py                                117 DEBUG    | Received 72:90:79:86:59:BD: JBL Tune Flex 2-LE.
   MainThread:15:31:32.785 scanner.py                                117 DEBUG    | Received 62:2A:83:44:56:E9: .
   MainThread:15:31:32.787 scanner.py                                117 DEBUG    | Received 62:2A:83:44:56:E9: .
   MainThread:15:31:32.868 scanner.py                                117 DEBUG    | Received 60:38:D4:FB:82:B4: .
   MainThread:15:31:32.871 scanner.py                                117 DEBUG    | Received 60:38:D4:FB:82:B4: .
   MainThread:15:31:33.002 scanner.py                                117 DEBUG    | Received 7A:B4:C4:CA:8B:B9: .
   MainThread:15:31:33.004 scanner.py                                117 DEBUG    | Received 7A:B4:C4:CA:8B:B9: .
   MainThread:15:31:33.122 scanner.py                                117 DEBUG    | Received 0F:20:0B:B0:53:41: .
   MainThread:15:31:33.224 scanner.py                                117 DEBUG    | Received 0F:20:0B:B0:53:41: .
   MainThread:15:31:33.230 scanner.py                                117 DEBUG    | Received CC:8D:1F:D9:70:FB: .
   MainThread:15:31:33.234 scanner.py                                117 DEBUG    | Received DB:3B:46:FE:CB:23: .
   MainThread:15:31:33.347 scanner.py                                117 DEBUG    | Received 62:2A:83:44:56:E9: .
   MainThread:15:31:33.348 scanner.py                                117 DEBUG    | Received 62:2A:83:44:56:E9: .
   MainThread:15:31:33.357 scanner.py                                117 DEBUG    | Received 7E:60:6A:96:37:0B: .
   MainThread:15:31:33.358 scanner.py                                117 DEBUG    | Received 7E:60:6A:96:37:0B: .
   MainThread:15:31:33.468 scanner.py                                117 DEBUG    | Received 7C:C3:84:38:18:49: .
   MainThread:15:31:33.472 scanner.py                                117 DEBUG    | Received 20:B3:48:31:53:FB: .
   MainThread:15:31:33.475 scanner.py                                117 DEBUG    | Received 3D:9C:16:06:EF:06: .
   MainThread:15:31:33.605 scanner.py                                117 DEBUG    | Received 3D:9C:16:06:EF:06: .
   MainThread:15:31:33.608 scanner.py                                117 DEBUG    | Received 6D:59:CF:B0:4D:2B: .
   MainThread:15:31:33.610 scanner.py                                117 DEBUG    | Received 6D:59:CF:B0:4D:2B: .
   MainThread:15:31:33.613 scanner.py                                117 DEBUG    | Received CF:74:2B:4C:C0:EA: .
   MainThread:15:31:33.614 scanner.py                                117 DEBUG    | Received CF:74:2B:4C:C0:EA: .
   MainThread:15:31:33.617 scanner.py                                117 DEBUG    | Received 7B:C1:8E:38:B1:AC: .
   MainThread:15:31:33.706 scanner.py                                117 DEBUG    | Received DB:3B:46:FE:CB:23: .
   MainThread:15:31:33.712 scanner.py                                117 DEBUG    | Received 13:52:77:82:ED:25: .
   MainThread:15:31:33.714 scanner.py                                117 DEBUG    | Received 13:52:77:82:ED:25: .
   MainThread:15:31:33.828 scanner.py                                117 DEBUG    | Received 7C:1E:A7:2B:52:70: .
   MainThread:15:31:33.931 scanner.py                                117 DEBUG    | Received 72:90:79:86:59:BD: .
   MainThread:15:31:33.934 scanner.py                                117 DEBUG    | Received 72:90:79:86:59:BD: JBL Tune Flex 2-LE.
   MainThread:15:31:33.936 scanner.py                                117 DEBUG    | Received 72:90:79:86:59:BD: .
   MainThread:15:31:33.939 scanner.py                                117 DEBUG    | Received 72:90:79:86:59:BD: JBL Tune Flex 2-LE.
   MainThread:15:31:33.943 scanner.py                                117 DEBUG    | Received 7A:B4:C4:CA:8B:B9: .
   MainThread:15:31:33.945 scanner.py                                117 DEBUG    | Received 7A:B4:C4:CA:8B:B9: .
   MainThread:15:31:33.948 scanner.py                                117 DEBUG    | Received 73:8A:48:B2:2E:6B: .
   MainThread:15:31:33.950 scanner.py                                117 DEBUG    | Received 73:8A:48:B2:2E:6B: .
   MainThread:15:31:33.957 scanner.py                                117 DEBUG    | Received 0F:20:0B:B0:53:41: .
   MainThread:15:31:34.065 scanner.py                                117 DEBUG    | Received 0F:20:0B:B0:53:41: .
   MainThread:15:31:34.169 scanner.py                                117 DEBUG    | Received 7B:C1:8E:38:B1:AC: .
   MainThread:15:31:34.177 scanner.py                                117 DEBUG    | Received DB:3B:46:FE:CB:23: .
   MainThread:15:31:34.285 scanner.py                                117 DEBUG    | Received 49:13:A0:8A:92:66: .
   MainThread:15:31:34.303 scanner.py                                117 DEBUG    | Received 20:B3:48:31:53:FB: .
   MainThread:15:31:34.404 scanner.py                                117 DEBUG    | Received CF:4B:09:8A:13:82: .
   MainThread:15:31:34.409 scanner.py                                117 DEBUG    | Received 20:B3:48:31:53:FB: .
   MainThread:15:31:34.421 scanner.py                                117 DEBUG    | Received 3D:9C:16:06:EF:06: .
   MainThread:15:31:34.531 scanner.py                                117 DEBUG    | Received 3D:9C:16:06:EF:06: .
   MainThread:15:31:34.536 scanner.py                                117 DEBUG    | Received 6D:CC:78:78:5B:C7: .
   MainThread:15:31:34.537 scanner.py                                117 DEBUG    | Received 6D:CC:78:78:5B:C7: .
   MainThread:15:31:34.539 scanner.py                                117 DEBUG    | Received 7B:C1:8E:38:B1:AC: .
   MainThread:15:31:34.542 scanner.py                                117 DEBUG    | Received F9:57:92:8B:F4:39: .
   MainThread:15:31:34.543 scanner.py                                117 DEBUG    | Received F9:57:92:8B:F4:39: .
   MainThread:15:31:34.546 scanner.py                                117 DEBUG    | Received 7C:59:88:9E:7A:13: .
   MainThread:15:31:34.548 scanner.py                                117 DEBUG    | Received 7C:59:88:9E:7A:13: .
   MainThread:15:31:34.648 scanner.py                                117 DEBUG    | Received 62:2A:83:44:56:E9: .
   MainThread:15:31:34.650 scanner.py                                117 DEBUG    | Received 62:2A:83:44:56:E9: .
   MainThread:15:31:34.654 scanner.py                                117 DEBUG    | Received DB:3B:46:FE:CB:23: .
   MainThread:15:31:34.657 scanner.py                                117 DEBUG    | Received DC:23:4D:86:DA:BD: .
   MainThread:15:31:34.658 scanner.py                                117 DEBUG    | Received DC:23:4D:86:DA:BD: .
   MainThread:15:31:34.790 scanner.py                                117 DEBUG    | Received 60:38:D4:FB:82:B4: .
   MainThread:15:31:34.794 scanner.py                                117 DEBUG    | Received 0F:20:0B:B0:53:41: .
   MainThread:15:31:34.879 scanner.py                                117 DEBUG    | Received 7A:B4:C4:CA:8B:B9: .
   MainThread:15:31:34.881 scanner.py                                117 DEBUG    | Received 7A:B4:C4:CA:8B:B9: .
   MainThread:15:31:34.887 scanner.py                                117 DEBUG    | Received 94:EC:32:1D:95:29: BG.
   MainThread:15:31:34.887 scanner.py                                117 DEBUG    | Received 94:EC:32:1D:95:29: .
   MainThread:15:31:34.891 scanner.py                                117 DEBUG    | Received 76:C7:BF:5C:0B:86: .
   MainThread:15:31:34.897 scanner.py                                117 DEBUG    | Received 0F:20:0B:B0:53:41: .
   MainThread:15:31:35.015 scanner.py                                117 DEBUG    | Received 62:2A:83:44:56:E9: .
   MainThread:15:31:35.017 scanner.py                                117 DEBUG    | Received 62:2A:83:44:56:E9: .
   MainThread:15:31:35.018 scanner.py                                117 DEBUG    | Received DC:23:4D:86:DA:BD: .
   MainThread:15:31:35.019 scanner.py                                117 DEBUG    | Received DC:23:4D:86:DA:BD: .
   MainThread:15:31:35.033 scanner.py                                117 DEBUG    | Received 73:8A:48:B2:2E:6B: .
   MainThread:15:31:35.033 scanner.py                                117 DEBUG    | Received 73:8A:48:B2:2E:6B: .
   MainThread:15:31:35.127 scanner.py                                117 DEBUG    | Received 8C:71:12:52:1D:DB: QT 12521DDB.
   MainThread:15:31:35.129 scanner.py                                117 DEBUG    | Received 7C:1E:A7:2B:52:70: .
   MainThread:15:31:35.232 scanner.py                                117 DEBUG    | Received 6D:59:CF:B0:4D:2B: .
   MainThread:15:31:35.234 scanner.py                                117 DEBUG    | Received 6D:59:CF:B0:4D:2B: .
   MainThread:15:31:35.237 scanner.py                                117 DEBUG    | Received 20:B3:48:31:53:FB: .
   MainThread:15:31:35.358 scanner.py                                117 DEBUG    | Received 6D:CC:78:78:5B:C7: .
   MainThread:15:31:35.360 scanner.py                                117 DEBUG    | Received 6D:CC:78:78:5B:C7: .
   MainThread:15:31:35.368 scanner.py                                117 DEBUG    | Received DC:23:4D:86:DA:BD: .
   MainThread:15:31:35.370 scanner.py                                117 DEBUG    | Received DC:23:4D:86:DA:BD: .
   MainThread:15:31:35.467 scanner.py                                117 DEBUG    | Received 3D:9C:16:06:EF:06: .
   MainThread:15:31:35.471 scanner.py                                117 DEBUG    | Received 7B:C1:8E:38:B1:AC: .
   MainThread:15:31:35.474 scanner.py                                117 DEBUG    | Received 7C:59:88:9E:7A:13: .
   MainThread:15:31:35.476 scanner.py                                117 DEBUG    | Received 7C:59:88:9E:7A:13: .
   MainThread:15:31:35.588 scanner.py                                117 DEBUG    | Received 7F:A5:5C:58:58:3C: .
   MainThread:15:31:35.590 scanner.py                                117 DEBUG    | Received 7F:A5:5C:58:58:3C: .
   MainThread:15:31:35.593 scanner.py                                117 DEBUG    | Received 72:90:79:86:59:BD: .
   MainThread:15:31:35.597 scanner.py                                117 DEBUG    | Received 72:90:79:86:59:BD: JBL Tune Flex 2-LE.
   MainThread:15:31:35.603 scanner.py                                117 DEBUG    | Received 72:90:79:86:59:BD: .
   MainThread:15:31:35.606 scanner.py                                117 DEBUG    | Received 72:90:79:86:59:BD: JBL Tune Flex 2-LE.
   MainThread:15:31:35.610 scanner.py                                117 DEBUG    | Received 54:D6:68:2B:1D:DA: Jabra Evolve2 65.
   MainThread:15:31:35.613 scanner.py                                117 DEBUG    | Received 54:D6:68:2B:1D:DA: .
   MainThread:15:31:35.616 scanner.py                                117 DEBUG    | Received DC:23:4D:86:DA:B5: .
   MainThread:15:31:35.620 scanner.py                                117 DEBUG    | Received DC:23:4D:86:DA:B5: .
   MainThread:15:31:35.628 scanner.py                                117 DEBUG    | Received DB:3B:46:FE:CB:23: .
   MainThread:15:31:35.710 scanner.py                                117 DEBUG    | Received DC:23:4D:86:DA:BD: .
   MainThread:15:31:35.712 scanner.py                                117 DEBUG    | Received DC:23:4D:86:DA:BD: .
   MainThread:15:31:35.720 scanner.py                                117 DEBUG    | Received 76:C7:BF:5C:0B:86: .
   MainThread:15:31:35.721 scanner.py                                117 DEBUG    | Received 76:C7:BF:5C:0B:86: .
   MainThread:15:31:35.725 scanner.py                                117 DEBUG    | Received 13:52:77:82:ED:25: .
   MainThread:15:31:35.728 scanner.py                                117 DEBUG    | Received 13:52:77:82:ED:25: .
   MainThread:15:31:35.856 scanner.py                                117 DEBUG    | Received 7A:B4:C4:CA:8B:B9: .
   MainThread:15:31:35.866 scanner.py                                117 DEBUG    | Received 7A:B4:C4:CA:8B:B9: .
   MainThread:15:31:35.868 scanner.py                                117 DEBUG    | Received 0F:20:0B:B0:53:41: .
   MainThread:15:31:35.978 scanner.py                                117 DEBUG    | Received 20:B3:48:31:53:FB: .
   MainThread:15:31:36.076 scanner.py                                117 DEBUG    | Received 54:D6:68:2B:1D:DA: Jabra Evolve2 65.
   MainThread:15:31:36.081 scanner.py                                117 DEBUG    | Received DB:3B:46:FE:CB:23: .
   MainThread:15:31:36.086 scanner.py                                117 DEBUG    | Received 72:90:79:86:59:BD: .
   MainThread:15:31:36.089 scanner.py                                117 DEBUG    | Received 72:90:79:86:59:BD: JBL Tune Flex 2-LE.
   MainThread:15:31:36.090 scanner.py                                117 DEBUG    | Received 3D:9C:16:06:EF:06: .
   MainThread:15:31:36.178 scanner.py                                117 DEBUG    | Received 6D:CC:78:78:5B:C7: .
   MainThread:15:31:36.180 scanner.py                                117 DEBUG    | Received 6D:CC:78:78:5B:C7: .
   MainThread:15:31:36.182 scanner.py                                117 DEBUG    | Received 20:B3:48:31:53:FB: .
   MainThread:15:31:36.190 scanner.py                                117 DEBUG    | Received DC:23:4D:86:DA:BD: .
   MainThread:15:31:36.192 scanner.py                                117 DEBUG    | Received DC:23:4D:86:DA:BD: .
   MainThread:15:31:36.193 scanner.py                                117 DEBUG    | Received 3D:9C:16:06:EF:06: .
   MainThread:15:31:36.291 scanner.py                                117 DEBUG    | Received 20:B3:48:31:53:FB: .
   MainThread:15:31:36.295 scanner.py                                117 DEBUG    | Received 3D:9C:16:06:EF:06: .
   MainThread:15:31:36.314 scanner.py                                117 DEBUG    | Received 62:2A:83:44:56:E9: .
   MainThread:15:31:36.316 scanner.py                                117 DEBUG    | Received 62:2A:83:44:56:E9: .
   MainThread:15:31:36.417 scanner.py                                117 DEBUG    | Received 7C:59:88:9E:7A:13: .
   MainThread:15:31:36.420 scanner.py                                117 DEBUG    | Received 7C:59:88:9E:7A:13: .
   MainThread:15:31:36.440 scanner.py                                117 DEBUG    | Received 72:90:79:86:59:BD: .
   MainThread:15:31:36.442 scanner.py                                117 DEBUG    | Received 72:90:79:86:59:BD: JBL Tune Flex 2-LE.
   MainThread:15:31:36.443 scanner.py                                117 DEBUG    | Received 72:90:79:86:59:BD: .
   MainThread:15:31:36.445 scanner.py                                117 DEBUG    | Received 72:90:79:86:59:BD: JBL Tune Flex 2-LE.
   MainThread:15:31:36.537 scanner.py                                117 DEBUG    | Received CC:8D:1F:D9:70:FB: .
   MainThread:15:31:36.539 scanner.py                                117 DEBUG    | Received CC:8D:1F:D9:70:FB: .
   MainThread:15:31:36.543 scanner.py                                117 DEBUG    | Received 54:D6:68:2B:1D:DA: Jabra Evolve2 65.
   MainThread:15:31:36.546 scanner.py                                117 DEBUG    | Received 54:D6:68:2B:1D:DA: .
   MainThread:15:31:36.551 scanner.py                                117 DEBUG    | Received 76:C7:BF:5C:0B:86: .
   MainThread:15:31:36.552 scanner.py                                117 DEBUG    | Received 76:C7:BF:5C:0B:86: .
   MainThread:15:31:36.658 scanner.py                                117 DEBUG    | Received 7C:C3:84:38:18:49: .
   MainThread:15:31:36.770 scanner.py                                117 DEBUG    | Received 0F:20:0B:B0:53:41: .
   MainThread:15:31:36.781 scanner.py                                117 DEBUG    | Received C2:C1:3F:9B:74:F7: .
   MainThread:15:31:36.909 scanner.py                                117 DEBUG    | Received 28:AF:42:27:F0:5B: .
   MainThread:15:31:36.912 scanner.py                                117 DEBUG    | Received 28:AF:42:27:F0:5B: 75" Crystal UHD.
   MainThread:15:31:36.922 scanner.py                                117 DEBUG    | Received 7E:60:6A:96:37:0B: .
   MainThread:15:31:36.923 scanner.py                                117 DEBUG    | Received 7E:60:6A:96:37:0B: .
   MainThread:15:31:36.926 scanner.py                                117 DEBUG    | Received 4A:3C:2A:2F:7B:85: .
   MainThread:15:31:36.929 scanner.py                                117 DEBUG    | Received 4A:3C:2A:2F:7B:85: .
   MainThread:15:31:37.003 scanner.py                                117 DEBUG    | Received 00:A4:1C:FD:C6:D8: .
   MainThread:15:31:37.006 scanner.py                                117 DEBUG    | Received 00:A4:1C:FD:C6:D8: WH-CH720N.
   MainThread:15:31:37.020 scanner.py                                117 DEBUG    | Received DC:23:4D:86:DA:BD: .
   MainThread:15:31:37.022 scanner.py                                117 DEBUG    | Received 3D:9C:16:06:EF:06: .
   MainThread:15:31:37.025 scanner.py                                117 DEBUG    | Received DB:3B:46:FE:CB:23: .
   MainThread:15:31:37.028 scanner.py                                117 DEBUG    | Received 20:B3:48:31:53:FB: .
   MainThread:15:31:37.031 scanner.py                                117 DEBUG    | Received 49:13:A0:8A:92:66: .
   MainThread:15:31:37.126 scanner.py                                117 DEBUG    | Received 3D:9C:16:06:EF:06: .
   MainThread:15:31:37.128 scanner.py                                117 DEBUG    | Received CF:74:2B:4C:C0:EA: .
   MainThread:15:31:37.130 scanner.py                                117 DEBUG    | Received CF:74:2B:4C:C0:EA: .
   MainThread:15:31:37.135 scanner.py                                117 DEBUG    | Received 7B:C1:8E:38:B1:AC: .
   MainThread:15:31:37.236 scanner.py                                117 DEBUG    | Received 20:B3:48:31:53:FB: .
   MainThread:15:31:37.245 scanner.py                                117 DEBUG    | Received 62:2A:83:44:56:E9: .
   MainThread:15:31:37.249 scanner.py                                117 DEBUG    | Received 62:2A:83:44:56:E9: .
   MainThread:15:31:37.252 scanner.py                                117 DEBUG    | Received 72:90:79:86:59:BD: .
   MainThread:15:31:37.254 scanner.py                                117 DEBUG    | Received 72:90:79:86:59:BD: JBL Tune Flex 2-LE.
   MainThread:15:31:37.258 scanner.py                                117 DEBUG    | Received 7F:A5:5C:58:58:3C: .
   MainThread:15:31:37.261 scanner.py                                117 DEBUG    | Received 7F:A5:5C:58:58:3C: .
   MainThread:15:31:37.264 scanner.py                                117 DEBUG    | Received 72:90:79:86:59:BD: .
   MainThread:15:31:37.266 scanner.py                                117 DEBUG    | Received 72:90:79:86:59:BD: JBL Tune Flex 2-LE.
   MainThread:15:31:37.365 scanner.py                                117 DEBUG    | Received 76:C7:BF:5C:0B:86: .
   MainThread:15:31:37.368 scanner.py                                117 DEBUG    | Received 76:C7:BF:5C:0B:86: .
   MainThread:15:31:37.373 scanner.py                                117 DEBUG    | Received DB:5A:E1:F7:4F:08: .
   MainThread:15:31:37.415 scanner.py                                117 DEBUG    | Received 0F:20:0B:B0:53:41: .
   MainThread:15:31:37.506 scanner.py                                117 DEBUG    | Received 54:D6:68:2B:1D:DA: Jabra Evolve2 65.
   MainThread:15:31:37.509 scanner.py                                117 DEBUG    | Received 54:D6:68:2B:1D:DA: .
   MainThread:15:31:37.520 scanner.py                                117 DEBUG    | Received 7A:B4:C4:CA:8B:B9: .
   MainThread:15:31:37.526 scanner.py                                117 DEBUG    | Received 7A:B4:C4:CA:8B:B9: .
   MainThread:15:31:37.526 scanner.py                                117 DEBUG    | Received DC:23:4D:86:DA:B5: .
   MainThread:15:31:37.530 scanner.py                                117 DEBUG    | Received DC:23:4D:86:DA:B5: .
   MainThread:15:31:37.621 scanner.py                                117 DEBUG    | Received 0F:20:0B:B0:53:41: .
   MainThread:15:31:37.624 scanner.py                                117 DEBUG    | Received 76:C7:BF:5C:0B:86: .
   MainThread:15:31:37.625 scanner.py                                117 DEBUG    | Received 76:C7:BF:5C:0B:86: .
   MainThread:15:31:37.713 scanner.py                                117 DEBUG    | Received 76:C7:BF:5C:0B:86: .
   MainThread:15:31:37.714 scanner.py                                117 DEBUG    | Received 76:C7:BF:5C:0B:86: .
   MainThread:15:31:37.719 scanner.py                                117 DEBUG    | Received 7C:59:88:9E:7A:13: .
   MainThread:15:31:37.724 scanner.py                                117 DEBUG    | Received 7C:59:88:9E:7A:13: .
   MainThread:15:31:37.739 scanner.py                                117 DEBUG    | Received 13:52:77:82:ED:25: .
   MainThread:15:31:37.746 scanner.py                                117 DEBUG    | Received 13:52:77:82:ED:25: .
   MainThread:15:31:37.833 scanner.py                                117 DEBUG    | Received 6D:CC:78:78:5B:C7: .
   MainThread:15:31:37.836 scanner.py                                117 DEBUG    | Received 6D:CC:78:78:5B:C7: .
   MainThread:15:31:37.853 scanner.py                                117 DEBUG    | Received DC:23:4D:86:DA:B5: .
   MainThread:15:31:37.858 scanner.py                                117 DEBUG    | Received DC:23:4D:86:DA:B5: .
   MainThread:15:31:37.859 scanner.py                                117 DEBUG    | Received 00:A4:1C:FD:C6:D8: .
   MainThread:15:31:37.861 scanner.py                                117 DEBUG    | Received 00:A4:1C:FD:C6:D8: WH-CH720N.
   MainThread:15:31:37.863 scanner.py                                117 DEBUG    | Received 76:C7:BF:5C:0B:86: .
   MainThread:15:31:37.864 scanner.py                                117 DEBUG    | Received 76:C7:BF:5C:0B:86: .
   MainThread:15:31:37.949 scanner.py                                117 DEBUG    | Received 54:D6:68:2B:1D:DA: Jabra Evolve2 65.
   MainThread:15:31:37.951 scanner.py                                117 DEBUG    | Received 54:D6:68:2B:1D:DA: .
   MainThread:15:31:37.955 scanner.py                                117 DEBUG    | Received 7C:C3:84:38:18:49: .
   MainThread:15:31:38.078 scanner.py                                117 DEBUG    | Received 3D:9C:16:06:EF:06: .
   MainThread:15:31:38.084 scanner.py                                117 DEBUG    | Received 72:90:79:86:59:BD: .
   MainThread:15:31:38.086 scanner.py                                117 DEBUG    | Received 72:90:79:86:59:BD: JBL Tune Flex 2-LE.
   MainThread:15:31:38.090 scanner.py                                117 DEBUG    | Received 72:90:79:86:59:BD: .
   MainThread:15:31:38.093 scanner.py                                117 DEBUG    | Received 72:90:79:86:59:BD: JBL Tune Flex 2-LE.
   MainThread:15:31:38.096 scanner.py                                117 DEBUG    | Received 60:38:D4:FB:82:B4: .
   MainThread:15:31:38.097 scanner.py                                117 DEBUG    | Received 60:38:D4:FB:82:B4: .
   MainThread:15:31:38.101 scanner.py                                117 DEBUG    | Received 54:D6:68:2B:1D:DA: Jabra Evolve2 65.
   MainThread:15:31:38.103 scanner.py                                117 DEBUG    | Received 54:D6:68:2B:1D:DA: .
   MainThread:15:31:38.189 scanner.py                                117 DEBUG    | Received DC:23:4D:86:DA:B5: .
   MainThread:15:31:38.193 scanner.py                                117 DEBUG    | Received DC:23:4D:86:DA:B5: .
   MainThread:15:31:38.195 scanner.py                                117 DEBUG    | Received 00:00:00:00:00:00: .
   MainThread:15:31:38.199 scanner.py                                117 DEBUG    | Received 76:C7:BF:5C:0B:86: .
   MainThread:15:31:38.205 scanner.py                                117 DEBUG    | Received C4:1F:F3:75:53:B3: .
   MainThread:15:31:38.302 scanner.py                                117 DEBUG    | Received 76:C7:BF:5C:0B:86: .
   MainThread:15:31:38.304 scanner.py                                117 DEBUG    | Received 76:C7:BF:5C:0B:86: .
   MainThread:15:31:38.314 scanner.py                                117 DEBUG    | Received CC:8D:1F:D9:70:FB: .
   MainThread:15:31:38.317 scanner.py                                117 DEBUG    | Received CC:8D:1F:D9:70:FB: .
   MainThread:15:31:38.320 scanner.py                                117 DEBUG    | Received 7C:C3:84:38:18:49: .
   MainThread:15:31:38.422 scanner.py                                117 DEBUG    | Received 72:90:79:86:59:BD: .
   MainThread:15:31:38.424 scanner.py                                117 DEBUG    | Received 72:90:79:86:59:BD: JBL Tune Flex 2-LE.
   MainThread:15:31:38.429 scanner.py                                117 DEBUG    | Received 7B:C1:8E:38:B1:AC: .
   MainThread:15:31:38.545 scanner.py                                117 DEBUG    | Received 6D:59:CF:B0:4D:2B: .
   MainThread:15:31:38.547 scanner.py                                117 DEBUG    | Received 6D:59:CF:B0:4D:2B: .
   MainThread:15:31:38.550 scanner.py                                117 DEBUG    | Received 0F:20:0B:B0:53:41: .
   MainThread:15:31:38.558 scanner.py                                117 DEBUG    | Received 76:C7:BF:5C:0B:86: .
   MainThread:15:31:38.559 scanner.py                                117 DEBUG    | Received 76:C7:BF:5C:0B:86: .
   MainThread:15:31:38.696 scanner.py                                117 DEBUG    | Received 76:C7:BF:5C:0B:86: .
   MainThread:15:31:38.699 scanner.py                                117 DEBUG    | Received 76:C7:BF:5C:0B:86: .
   MainThread:15:31:38.702 scanner.py                                117 DEBUG    | Received DC:23:4D:86:DA:B5: .
   MainThread:15:31:38.703 scanner.py                                117 DEBUG    | Received DC:23:4D:86:DA:B5: .
   MainThread:15:31:38.707 scanner.py                                117 DEBUG    | Received 20:B3:48:31:53:FB: .
   MainThread:15:31:38.901 scanner.py                                117 DEBUG    | Received 28:AF:42:27:F0:5B: .
   MainThread:15:31:38.903 scanner.py                                117 DEBUG    | Received 28:AF:42:27:F0:5B: 75" Crystal UHD.
   MainThread:15:31:38.910 scanner.py                                117 DEBUG    | Received 72:90:79:86:59:BD: .
   MainThread:15:31:38.912 scanner.py                                117 DEBUG    | Received 72:90:79:86:59:BD: JBL Tune Flex 2-LE.
   MainThread:15:31:38.915 scanner.py                                117 DEBUG    | Received 60:38:D4:FB:82:B4: .
   MainThread:15:31:38.917 scanner.py                                117 DEBUG    | Received 60:38:D4:FB:82:B4: .
   MainThread:15:31:38.919 scanner.py                                117 DEBUG    | Received DB:3B:46:FE:CB:23: .
   MainThread:15:31:39.014 scanner.py                                117 DEBUG    | Received 20:B3:48:31:53:FB: .
   MainThread:15:31:39.020 scanner.py                                117 DEBUG    | Received 7C:59:88:9E:7A:13: .
   MainThread:15:31:39.022 scanner.py                                117 DEBUG    | Received 7C:59:88:9E:7A:13: .
   MainThread:15:31:39.026 scanner.py                                117 DEBUG    | Received 3D:9C:16:06:EF:06: .
   MainThread:15:31:39.029 scanner.py                                117 DEBUG    | Received 76:C7:BF:5C:0B:86: .
   MainThread:15:31:39.031 scanner.py                                117 DEBUG    | Received 76:C7:BF:5C:0B:86: .
   MainThread:15:31:39.133 scanner.py                                117 DEBUG    | Received 76:C7:BF:5C:0B:86: .
   MainThread:15:31:39.135 scanner.py                                117 DEBUG    | Received 76:C7:BF:5C:0B:86: .
   MainThread:15:31:39.145 scanner.py                                117 DEBUG    | Received 13:52:77:82:ED:25: .
   MainThread:15:31:39.147 scanner.py                                117 DEBUG    | Received 13:52:77:82:ED:25: .
   MainThread:15:31:39.150 scanner.py                                117 DEBUG    | Received 09:7A:49:80:2D:0E: .
   MainThread:15:31:39.273 scanner.py                                117 DEBUG    | Received 76:C7:BF:5C:0B:86: .
   MainThread:15:31:39.275 scanner.py                                117 DEBUG    | Received 76:C7:BF:5C:0B:86: .
   MainThread:15:31:39.278 scanner.py                                117 DEBUG    | Received 0F:20:0B:B0:53:41: .
   MainThread:15:31:39.373 scanner.py                                117 DEBUG    | Received 76:C7:BF:5C:0B:86: .
   MainThread:15:31:39.375 scanner.py                                117 DEBUG    | Received 76:C7:BF:5C:0B:86: .
   MainThread:15:31:39.378 scanner.py                                117 DEBUG    | Received 4A:3C:2A:2F:7B:85: .
   MainThread:15:31:39.380 scanner.py                                117 DEBUG    | Received 4A:3C:2A:2F:7B:85: .
   MainThread:15:31:39.382 scanner.py                                117 DEBUG    | Received 6D:59:CF:B0:4D:2B: .
   MainThread:15:31:39.384 scanner.py                                117 DEBUG    | Received 6D:59:CF:B0:4D:2B: .
   MainThread:15:31:39.387 scanner.py                                117 DEBUG    | Received 0F:20:0B:B0:53:41: .
   MainThread:15:31:39.505 scanner.py                                117 DEBUG    | Received 62:2A:83:44:56:E9: .
   MainThread:15:31:39.507 scanner.py                                117 DEBUG    | Received 62:2A:83:44:56:E9: .
   MainThread:15:31:39.601 scanner.py                                117 DEBUG    | Received 7C:1E:A7:2B:52:70: .
   MainThread:15:31:39.754 scanner.py                                117 DEBUG    | Received 72:90:79:86:59:BD: .
   MainThread:15:31:39.758 scanner.py                                117 DEBUG    | Received 72:90:79:86:59:BD: JBL Tune Flex 2-LE.
   MainThread:15:31:39.782 scanner.py                                117 DEBUG    | Received 72:90:79:86:59:BD: .
   MainThread:15:31:39.784 scanner.py                                117 DEBUG    | Received 72:90:79:86:59:BD: JBL Tune Flex 2-LE.
   MainThread:15:31:39.789 scanner.py                                117 DEBUG    | Received DC:23:4D:86:DA:BD: .
   MainThread:15:31:39.792 scanner.py                                117 DEBUG    | Received DC:23:4D:86:DA:BD: .
   MainThread:15:31:39.795 scanner.py                                117 DEBUG    | Received 7C:59:88:9E:7A:13: .
   MainThread:15:31:39.797 scanner.py                                117 DEBUG    | Received 7C:59:88:9E:7A:13: .
   MainThread:15:31:39.840 scanner.py                                117 DEBUG    | Received 94:EC:32:1D:95:29: BG.
   MainThread:15:31:39.843 scanner.py                                117 DEBUG    | Received 94:EC:32:1D:95:29: .
   MainThread:15:31:39.966 scanner.py                                117 DEBUG    | Received 7C:1E:A7:2B:52:70: .
   MainThread:15:31:39.969 scanner.py                                117 DEBUG    | Received 73:8A:48:B2:2E:6B: .
   MainThread:15:31:39.971 scanner.py                                117 DEBUG    | Received 73:8A:48:B2:2E:6B: .
   MainThread:15:31:39.973 scanner.py                                117 DEBUG    | Received 3D:9C:16:06:EF:06: .
   MainThread:15:31:40.074 scanner.py                                117 DEBUG    | Received 3D:9C:16:06:EF:06: .
   MainThread:15:31:40.079 scanner.py                                117 DEBUG    | Received 72:90:79:86:59:BD: .
   MainThread:15:31:40.082 scanner.py                                117 DEBUG    | Received 72:90:79:86:59:BD: JBL Tune Flex 2-LE.
   MainThread:15:31:40.084 scanner.py                                117 DEBUG    | Received 72:90:79:86:59:BD: .
   MainThread:15:31:40.086 scanner.py                                117 DEBUG    | Received 72:90:79:86:59:BD: JBL Tune Flex 2-LE.
   MainThread:15:31:40.195 scanner.py                                117 DEBUG    | Received 7C:C3:84:38:18:49: .
   MainThread:15:31:40.199 scanner.py                                117 DEBUG    | Received 4A:3C:2A:2F:7B:85: .
   MainThread:15:31:40.201 scanner.py                                117 DEBUG    | Received 4A:3C:2A:2F:7B:85: .
   MainThread:15:31:40.204 scanner.py                                117 DEBUG    | Received 6D:59:CF:B0:4D:2B: .
   MainThread:15:31:40.206 scanner.py                                117 DEBUG    | Received 6D:59:CF:B0:4D:2B: .
   MainThread:15:31:40.212 scanner.py                                117 DEBUG    | Received C4:1F:F3:75:53:B3: .
   MainThread:15:31:40.212 scanner.py                                117 DEBUG    | Received C4:1F:F3:75:53:B3: .
   MainThread:15:31:40.315 scanner.py                                117 DEBUG    | Received 76:C7:BF:5C:0B:86: .
   MainThread:15:31:40.316 scanner.py                                117 DEBUG    | Received 76:C7:BF:5C:0B:86: .
   MainThread:15:31:40.321 scanner.py                                117 DEBUG    | Received 7C:59:88:9E:7A:13: .
   MainThread:15:31:40.323 scanner.py                                117 DEBUG    | Received 7C:59:88:9E:7A:13: .
   MainThread:15:31:40.326 scanner.py                                117 DEBUG    | Received 6D:CC:78:78:5B:C7: .
   MainThread:15:31:40.327 scanner.py                                117 DEBUG    | Received 6D:CC:78:78:5B:C7: .
   MainThread:15:31:40.333 scanner.py                                117 DEBUG    | Received DB:3B:46:FE:CB:23: .
   MainThread:15:31:40.431 scanner.py                                117 DEBUG    | Received 76:C7:BF:5C:0B:86: .
   MainThread:15:31:40.433 scanner.py                                117 DEBUG    | Received 76:C7:BF:5C:0B:86: .
   MainThread:15:31:40.441 scanner.py                                117 DEBUG    | Received 62:2A:83:44:56:E9: .
   MainThread:15:31:40.441 scanner.py                                117 DEBUG    | Received 62:2A:83:44:56:E9: .
   MainThread:15:31:40.445 scanner.py                                117 DEBUG    | Received 0F:20:0B:B0:53:41: .
   MainThread:15:31:40.553 scanner.py                                117 DEBUG    | Received 0F:20:0B:B0:53:41: .
   MainThread:15:31:40.664 scanner.py                                117 DEBUG    | Received 76:C7:BF:5C:0B:86: .
   MainThread:15:31:40.665 scanner.py                                117 DEBUG    | Received 76:C7:BF:5C:0B:86: .
   MainThread:15:31:40.673 scanner.py                                117 DEBUG    | Received 7A:B4:C4:CA:8B:B9: .
   MainThread:15:31:40.674 scanner.py                                117 DEBUG    | Received 7A:B4:C4:CA:8B:B9: .
   MainThread:15:31:40.677 scanner.py                                117 DEBUG    | Received 7B:C1:8E:38:B1:AC: .
   MainThread:15:31:40.800 scanner.py                                117 DEBUG    | Received 00:A4:1C:FD:C6:D8: .
   MainThread:15:31:40.802 scanner.py                                117 DEBUG    | Received 00:A4:1C:FD:C6:D8: WH-CH720N.
   MainThread:15:31:40.804 scanner.py                                117 DEBUG    | Received 73:8A:48:B2:2E:6B: .
   MainThread:15:31:40.808 scanner.py                                117 DEBUG    | Received DC:23:4D:86:DA:BD: .
   MainThread:15:31:40.810 scanner.py                                117 DEBUG    | Received DC:23:4D:86:DA:BD: .
   MainThread:15:31:40.812 scanner.py                                117 DEBUG    | Received 62:2A:83:44:56:E9: .
   MainThread:15:31:40.815 scanner.py                                117 DEBUG    | Received 7F:A5:5C:58:58:3C: .
   MainThread:15:31:40.816 scanner.py                                117 DEBUG    | Received 7F:A5:5C:58:58:3C: .
   MainThread:15:31:40.904 scanner.py                                117 DEBUG    | Received 49:13:A0:8A:92:66: .
   MainThread:15:31:40.909 scanner.py                                117 DEBUG    | Received 7C:1E:A7:2B:52:70: .
   MainThread:15:31:40.918 scanner.py                                117 DEBUG    | Received 72:90:79:86:59:BD: .
   MainThread:15:31:40.920 scanner.py                                117 DEBUG    | Received 72:90:79:86:59:BD: JBL Tune Flex 2-LE.
   MainThread:15:31:41.138 scanner.py                                117 DEBUG    | Received 8C:71:12:52:1D:DB: QT 12521DDB.
   MainThread:15:31:41.141 scanner.py                                117 DEBUG    | Received 13:52:77:82:ED:25: .
   MainThread:15:31:41.142 scanner.py                                117 DEBUG    | Received 13:52:77:82:ED:25: .
   MainThread:15:31:41.160 scanner.py                                117 DEBUG    | Received 6D:CC:78:78:5B:C7: .
   MainThread:15:31:41.161 scanner.py                                117 DEBUG    | Received 6D:CC:78:78:5B:C7: .
   MainThread:15:31:41.273 scanner.py                                117 DEBUG    | Received DB:3B:46:FE:CB:23: .
   MainThread:15:31:41.273 scanner.py                                117 DEBUG    | Received 0F:20:0B:B0:53:41: .
   MainThread:15:31:41.382 scanner.py                                117 DEBUG    | Received 54:D6:68:2B:1D:DA: Jabra Evolve2 65.
   MainThread:15:31:41.382 scanner.py                                117 DEBUG    | Received 54:D6:68:2B:1D:DA: .
   MainThread:15:31:41.390 scanner.py                                117 DEBUG    | Received DC:23:4D:86:DA:B5: .
   MainThread:15:31:41.391 scanner.py                                117 DEBUG    | Received DC:23:4D:86:DA:B5: .
   MainThread:15:31:41.499 scanner.py                                117 DEBUG    | Received 7C:C3:84:38:18:49: .
   MainThread:15:31:41.504 scanner.py                                117 DEBUG    | Received DC:23:4D:86:DA:BD: .
   MainThread:15:31:41.509 scanner.py                                117 DEBUG    | Received DC:23:4D:86:DA:BD: .
   MainThread:15:31:41.526 scanner.py                                117 DEBUG    | Received 20:B3:48:31:53:FB: .
   MainThread:15:31:41.622 scanner.py                                117 DEBUG    | Received CC:8D:1F:D9:70:FB: .
   MainThread:15:31:41.628 scanner.py                                117 DEBUG    | Received 20:B3:48:31:53:FB: .
   MainThread:15:31:41.748 scanner.py                                117 DEBUG    | Received 62:2A:83:44:56:E9: .
   MainThread:15:31:41.751 scanner.py                                117 DEBUG    | Received 62:2A:83:44:56:E9: .
   MainThread:15:31:41.755 scanner.py                                117 DEBUG    | Received DB:3B:46:FE:CB:23: .
   MainThread:15:31:41.847 scanner.py                                117 DEBUG    | Received 3D:9C:16:06:EF:06: .
   MainThread:15:31:41.848 scanner.py                                117 DEBUG    | Received 47:2D:07:63:58:96: .
   MainThread:15:31:41.858 scanner.py                                117 DEBUG    | Received 8C:71:12:52:1D:DB: QT 12521DDB.
   MainThread:15:31:41.864 scanner.py                                117 DEBUG    | Received 54:D6:68:2B:1D:DA: Jabra Evolve2 65.
   MainThread:15:31:41.866 scanner.py                                117 DEBUG    | Received 54:D6:68:2B:1D:DA: .
   MainThread:15:31:41.869 scanner.py                                117 DEBUG    | Received 7E:60:6A:96:37:0B: .
   MainThread:15:31:41.871 scanner.py                                117 DEBUG    | Received 7E:60:6A:96:37:0B: .
   MainThread:15:31:41.976 scanner.py                                117 DEBUG    | Received 7A:B4:C4:CA:8B:B9: .
   MainThread:15:31:41.979 scanner.py                                117 DEBUG    | Received 7A:B4:C4:CA:8B:B9: .
   MainThread:15:31:41.979 scanner.py                                117 DEBUG    | Received 7B:C1:8E:38:B1:AC: .
   MainThread:15:31:41.981 scanner.py                                117 DEBUG    | Received 6D:CC:78:78:5B:C7: .
   MainThread:15:31:41.982 scanner.py                                117 DEBUG    | Received 6D:CC:78:78:5B:C7: .
   MainThread:15:31:42.088 scanner.py                                117 DEBUG    | Received 72:90:79:86:59:BD: .
   MainThread:15:31:42.091 scanner.py                                117 DEBUG    | Received 72:90:79:86:59:BD: JBL Tune Flex 2-LE.
   MainThread:15:31:42.206 scanner.py                                117 DEBUG    | Received 0F:20:0B:B0:53:41: .
   MainThread:15:31:42.213 scanner.py                                117 DEBUG    | Received C4:1F:F3:75:53:B3: .
   MainThread:15:31:42.216 scanner.py                                117 DEBUG    | Received C4:1F:F3:75:53:B3: .
   MainThread:15:31:42.220 scanner.py                                117 DEBUG    | Received 7C:1E:A7:2B:52:70: .
   MainThread:15:31:42.333 scanner.py                                117 DEBUG    | Received 54:D6:68:2B:1D:DA: Jabra Evolve2 65.
   MainThread:15:31:42.334 scanner.py                                117 DEBUG    | Received 54:D6:68:2B:1D:DA: .
   MainThread:15:31:42.435 scanner.py                                117 DEBUG    | Received 7C:C3:84:38:18:49: .
   MainThread:15:31:42.558 scanner.py                                117 DEBUG    | Received 8C:71:12:52:1D:DB: QT 12521DDB.
   MainThread:15:31:42.568 scanner.py                                117 DEBUG    | Received 72:90:79:86:59:BD: .
   MainThread:15:31:42.570 scanner.py                                117 DEBUG    | Received 72:90:79:86:59:BD: JBL Tune Flex 2-LE.
   MainThread:15:31:42.572 scanner.py                                117 DEBUG    | Received 20:B3:48:31:53:FB: .
   MainThread:15:31:42.577 scanner.py                                117 DEBUG    | Received 76:C7:BF:5C:0B:86: .
   MainThread:15:31:42.671 scanner.py                                117 DEBUG    | Received 3D:9C:16:06:EF:06: .
   MainThread:15:31:42.672 scanner.py                                117 DEBUG    | Received DB:5A:E1:F7:4F:08: .
   MainThread:15:31:42.676 scanner.py                                117 DEBUG    | Received 6D:59:CF:B0:4D:2B: .
   MainThread:15:31:42.678 scanner.py                                117 DEBUG    | Received 6D:59:CF:B0:4D:2B: .
   MainThread:15:31:42.681 scanner.py                                117 DEBUG    | Received DC:23:4D:86:DA:BD: .
   MainThread:15:31:42.682 scanner.py                                117 DEBUG    | Received DC:23:4D:86:DA:BD: .
   MainThread:15:31:42.684 scanner.py                                117 DEBUG    | Received 62:2A:83:44:56:E9: .
   MainThread:15:31:42.685 scanner.py                                117 DEBUG    | Received 62:2A:83:44:56:E9: .
   MainThread:15:31:42.689 scanner.py                                117 DEBUG    | Received 7E:60:6A:96:37:0B: .
   MainThread:15:31:42.692 scanner.py                                117 DEBUG    | Received 7E:60:6A:96:37:0B: .
   MainThread:15:31:42.697 scanner.py                                117 DEBUG    | Received CF:74:2B:4C:C0:EA: .
   MainThread:15:31:42.698 scanner.py                                117 DEBUG    | Received CF:74:2B:4C:C0:EA: .
   MainThread:15:31:42.787 scanner.py                                117 DEBUG    | Received C2:C1:3F:9B:74:F7: .
   MainThread:15:31:42.797 scanner.py                                117 DEBUG    | Received 54:D6:68:2B:1D:DA: Jabra Evolve2 65.
   MainThread:15:31:42.798 scanner.py                                117 DEBUG    | Received 54:D6:68:2B:1D:DA: .
   MainThread:15:31:42.805 scanner.py                                117 DEBUG    | Received 6D:CC:78:78:5B:C7: .
   MainThread:15:31:42.807 scanner.py                                117 DEBUG    | Received 6D:CC:78:78:5B:C7: .
   MainThread:15:31:42.809 scanner.py                                117 DEBUG    | Received 7C:C3:84:38:18:49: .
   MainThread:15:31:42.912 scanner.py                                117 DEBUG    | Received 7B:C1:8E:38:B1:AC: .
   MainThread:15:31:42.915 scanner.py                                117 DEBUG    | Received 00:A4:1C:FD:C6:D8: .
   MainThread:15:31:42.917 scanner.py                                117 DEBUG    | Received 00:A4:1C:FD:C6:D8: WH-CH720N.
   MainThread:15:31:42.920 scanner.py                                117 DEBUG    | Received 8C:71:12:52:1D:DB: QT 12521DDB.
   MainThread:15:31:42.921 scanner.py                                117 DEBUG    | Received 72:90:79:86:59:BD: .
   MainThread:15:31:43.150 scanner.py                                117 DEBUG    | Received 13:52:77:82:ED:25: .
   MainThread:15:31:43.154 scanner.py                                117 DEBUG    | Received 13:52:77:82:ED:25: .
   MainThread:15:31:43.157 scanner.py                                117 DEBUG    | Received CC:8D:1F:D9:70:FB: .
   MainThread:15:31:43.159 scanner.py                                117 DEBUG    | Received CC:8D:1F:D9:70:FB: .
   MainThread:15:31:43.162 scanner.py                                117 DEBUG    | Received 0F:20:0B:B0:53:41: .
   MainThread:15:31:43.265 scanner.py                                117 DEBUG    | Received 0F:20:0B:B0:53:41: .
   MainThread:15:31:43.267 scanner.py                                212 DEBUG    | 1 devices found. Watcher status: <BluetoothLEAdvertisementWatcherStatus.STOPPED: 3>.
   MainThread:15:31:43.267 client.py                                  86 WARNING  | Failed to find a device in 15 seconds. Retrying #1
   MainThread:15:31:43.268 bleak_wrapper.py                          121 INFO     | Scanning for GoPro [A-Z0-9]{4} bluetooth devices...
   MainThread:15:31:43.301 scanner.py                                117 DEBUG    | Received 7C:59:88:9E:7A:13: .
   MainThread:15:31:43.302 scanner.py                                117 DEBUG    | Received 7C:59:88:9E:7A:13: .
   MainThread:15:31:43.303 scanner.py                                117 DEBUG    | Received 3D:9C:16:06:EF:06: .
   MainThread:15:31:43.412 scanner.py                                117 DEBUG    | Received 3D:9C:16:06:EF:06: .
   MainThread:15:31:43.424 scanner.py                                117 DEBUG    | Received 28:AF:42:27:F0:5B: .
   MainThread:15:31:43.428 scanner.py                                117 DEBUG    | Received 28:AF:42:27:F0:5B: 75" Crystal UHD.
   MainThread:15:31:43.432 scanner.py                                117 DEBUG    | Received 13:52:77:82:ED:25: .
   MainThread:15:31:43.435 scanner.py                                117 DEBUG    | Received 13:52:77:82:ED:25: .
   MainThread:15:31:43.438 scanner.py                                117 DEBUG    | Received 54:D6:68:2B:1D:DA: Jabra Evolve2 65.
   MainThread:15:31:43.440 scanner.py                                117 DEBUG    | Received 54:D6:68:2B:1D:DA: .
   MainThread:15:31:43.548 scanner.py                                117 DEBUG    | Received 72:90:79:86:59:BD: .
   MainThread:15:31:43.661 scanner.py                                117 DEBUG    | Received 7A:B4:C4:CA:8B:B9: .
   MainThread:15:31:43.662 scanner.py                                117 DEBUG    | Received 7A:B4:C4:CA:8B:B9: .
   MainThread:15:31:43.667 scanner.py                                117 DEBUG    | Received 7C:59:88:9E:7A:13: .
   MainThread:15:31:43.669 scanner.py                                117 DEBUG    | Received 7C:59:88:9E:7A:13: .
   MainThread:15:31:43.810 scanner.py                                117 DEBUG    | Received 62:2A:83:44:56:E9: .
   MainThread:15:31:43.813 scanner.py                                117 DEBUG    | Received DB:3B:46:FE:CB:23: .
   MainThread:15:31:43.892 scanner.py                                117 DEBUG    | Received 60:38:D4:FB:82:B4: .
   MainThread:15:31:43.893 scanner.py                                117 DEBUG    | Received 60:38:D4:FB:82:B4: .
   MainThread:15:31:43.899 scanner.py                                117 DEBUG    | Received 0F:20:0B:B0:53:41: .
   MainThread:15:31:44.013 scanner.py                                117 DEBUG    | Received 13:52:77:82:ED:25: .
   MainThread:15:31:44.015 scanner.py                                117 DEBUG    | Received 13:52:77:82:ED:25: .
   MainThread:15:31:44.126 scanner.py                                117 DEBUG    | Received 20:B3:48:31:53:FB: .
   MainThread:15:31:44.128 scanner.py                                117 DEBUG    | Received 8C:71:12:52:1D:DB: QT 12521DDB.
   MainThread:15:31:44.140 scanner.py                                117 DEBUG    | Received F9:57:92:8B:F4:39: .
   MainThread:15:31:44.141 scanner.py                                117 DEBUG    | Received F9:57:92:8B:F4:39: .
   MainThread:15:31:44.259 scanner.py                                117 DEBUG    | Received 3D:9C:16:06:EF:06: .
   MainThread:15:31:44.259 scanner.py                                117 DEBUG    | Received 7C:1E:A7:2B:52:70: .
   MainThread:15:31:44.400 scanner.py                                117 DEBUG    | Received 7A:B4:C4:CA:8B:B9: .
   MainThread:15:31:44.403 scanner.py                                117 DEBUG    | Received 7A:B4:C4:CA:8B:B9: .
   MainThread:15:31:44.406 scanner.py                                117 DEBUG    | Received 0F:20:0B:B0:53:41: .
   MainThread:15:31:44.408 scanner.py                                117 DEBUG    | Received 7B:C1:8E:38:B1:AC: .
   MainThread:15:31:44.417 scanner.py                                117 DEBUG    | Received 72:90:79:86:59:BD: .
   MainThread:15:31:44.418 scanner.py                                117 DEBUG    | Received 72:90:79:86:59:BD: JBL Tune Flex 2-LE.
   MainThread:15:31:44.478 scanner.py                                117 DEBUG    | Received 7C:C3:84:38:18:49: .
   MainThread:15:31:44.607 scanner.py                                117 DEBUG    | Received 7C:59:88:9E:7A:13: .
   MainThread:15:31:44.616 scanner.py                                117 DEBUG    | Received 00:A4:1C:FD:C6:D8: .
   MainThread:15:31:44.724 scanner.py                                117 DEBUG    | Received 60:38:D4:FB:82:B4: .
   MainThread:15:31:44.725 scanner.py                                117 DEBUG    | Received 60:38:D4:FB:82:B4: .
   MainThread:15:31:44.950 scanner.py                                117 DEBUG    | Received 7F:A5:5C:58:58:3C: .
   MainThread:15:31:44.950 scanner.py                                117 DEBUG    | Received 7F:A5:5C:58:58:3C: .
   MainThread:15:31:44.956 scanner.py                                117 DEBUG    | Received 20:B3:48:31:53:FB: .
   MainThread:15:31:44.960 scanner.py                                117 DEBUG    | Received 7A:B4:C4:CA:8B:B9: .
   MainThread:15:31:44.962 scanner.py                                117 DEBUG    | Received 7A:B4:C4:CA:8B:B9: .
   MainThread:15:31:44.966 scanner.py                                117 DEBUG    | Received 7B:C1:8E:38:B1:AC: .
   MainThread:15:31:45.080 scanner.py                                117 DEBUG    | Received DB:3B:46:FE:CB:23: .
   MainThread:15:31:45.083 scanner.py                                117 DEBUG    | Received 72:90:79:86:59:BD: .
   MainThread:15:31:45.086 scanner.py                                117 DEBUG    | Received 72:90:79:86:59:BD: JBL Tune Flex 2-LE.
   MainThread:15:31:45.192 scanner.py                                117 DEBUG    | Received CC:8D:1F:D9:70:FB: .
   MainThread:15:31:45.195 scanner.py                                117 DEBUG    | Received CC:8D:1F:D9:70:FB: .
   MainThread:15:31:45.196 scanner.py                                117 DEBUG    | Received C4:EF:E0:2E:63:25: .
   MainThread:15:31:45.204 scanner.py                                117 DEBUG    | Received 3D:9C:16:06:EF:06: .
   MainThread:15:31:45.309 scanner.py                                117 DEBUG    | Received 3D:9C:16:06:EF:06: .
   MainThread:15:31:45.315 scanner.py                                117 DEBUG    | Received 62:2A:83:44:56:E9: .
   MainThread:15:31:45.318 scanner.py                                117 DEBUG    | Received 62:2A:83:44:56:E9: .
   MainThread:15:31:45.321 scanner.py                                117 DEBUG    | Received 76:C7:BF:5C:0B:86: .
   MainThread:15:31:45.323 scanner.py                                117 DEBUG    | Received 76:C7:BF:5C:0B:86: .
   MainThread:15:31:45.326 scanner.py                                117 DEBUG    | Received 54:D6:68:2B:1D:DA: Jabra Evolve2 65.
   MainThread:15:31:45.327 scanner.py                                117 DEBUG    | Received 54:D6:68:2B:1D:DA: .
   MainThread:15:31:45.431 scanner.py                                117 DEBUG    | Received 13:52:77:82:ED:25: .
   MainThread:15:31:45.432 scanner.py                                117 DEBUG    | Received 13:52:77:82:ED:25: .
   MainThread:15:31:45.436 scanner.py                                117 DEBUG    | Received 0F:20:0B:B0:53:41: .
   MainThread:15:31:45.446 scanner.py                                117 DEBUG    | Received CC:8D:1F:D9:70:FB: .
   MainThread:15:31:45.448 scanner.py                                117 DEBUG    | Received CC:8D:1F:D9:70:FB: .
   MainThread:15:31:45.452 scanner.py                                117 DEBUG    | Received 6D:59:CF:B0:4D:2B: .
   MainThread:15:31:45.453 scanner.py                                117 DEBUG    | Received 6D:59:CF:B0:4D:2B: .
   MainThread:15:31:45.455 scanner.py                                117 DEBUG    | Received 00:A4:1C:FD:C6:D8: .
   MainThread:15:31:45.458 scanner.py                                117 DEBUG    | Received 00:A4:1C:FD:C6:D8: WH-CH720N.
   MainThread:15:31:45.461 scanner.py                                117 DEBUG    | Received CB:70:03:34:E6:92: .
   MainThread:15:31:45.464 scanner.py                                117 DEBUG    | Received 7E:60:6A:96:37:0B: .
   MainThread:15:31:45.465 scanner.py                                117 DEBUG    | Received 7E:60:6A:96:37:0B: .
   MainThread:15:31:45.544 scanner.py                                117 DEBUG    | Received 0F:20:0B:B0:53:41: .
   MainThread:15:31:45.547 scanner.py                                117 DEBUG    | Received 60:38:D4:FB:82:B4: .
   MainThread:15:31:45.550 scanner.py                                117 DEBUG    | Received 60:38:D4:FB:82:B4: .
   MainThread:15:31:45.556 scanner.py                                117 DEBUG    | Received 6D:CC:78:78:5B:C7: .
   MainThread:15:31:45.558 scanner.py                                117 DEBUG    | Received 6D:CC:78:78:5B:C7: .
   MainThread:15:31:45.562 scanner.py                                117 DEBUG    | Received 47:2D:07:63:58:96: .
   MainThread:15:31:45.679 scanner.py                                117 DEBUG    | Received 72:90:79:86:59:BD: .
   MainThread:15:31:45.680 scanner.py                                117 DEBUG    | Received 72:90:79:86:59:BD: JBL Tune Flex 2-LE.
   MainThread:15:31:45.684 scanner.py                                117 DEBUG    | Received 20:B3:48:31:53:FB: .
   MainThread:15:31:45.793 scanner.py                                117 DEBUG    | Received 54:D6:68:2B:1D:DA: Jabra Evolve2 65.
   MainThread:15:31:45.794 scanner.py                                117 DEBUG    | Received 54:D6:68:2B:1D:DA: .
   MainThread:15:31:45.896 scanner.py                                117 DEBUG    | Received 8C:71:12:52:1D:DB: QT 12521DDB.
   MainThread:15:31:45.899 scanner.py                                117 DEBUG    | Received 28:AF:42:27:F0:5B: .
   MainThread:15:31:45.902 scanner.py                                117 DEBUG    | Received 28:AF:42:27:F0:5B: 75" Crystal UHD.
   MainThread:15:31:45.913 scanner.py                                117 DEBUG    | Received 72:90:79:86:59:BD: .
   MainThread:15:31:45.915 scanner.py                                117 DEBUG    | Received 72:90:79:86:59:BD: JBL Tune Flex 2-LE.
   MainThread:15:31:46.252 scanner.py                                117 DEBUG    | Received 72:90:79:86:59:BD: .
   MainThread:15:31:46.253 scanner.py                                117 DEBUG    | Received 72:90:79:86:59:BD: JBL Tune Flex 2-LE.
   MainThread:15:31:46.255 scanner.py                                117 DEBUG    | Received 3D:9C:16:06:EF:06: .
   MainThread:15:31:46.262 scanner.py                                117 DEBUG    | Received 7A:B4:C4:CA:8B:B9: .
   MainThread:15:31:46.265 scanner.py                                117 DEBUG    | Received 7A:B4:C4:CA:8B:B9: .
   MainThread:15:31:46.370 scanner.py                                117 DEBUG    | Received 60:38:D4:FB:82:B4: .
   MainThread:15:31:46.373 scanner.py                                117 DEBUG    | Received 60:38:D4:FB:82:B4: .
   MainThread:15:31:46.377 scanner.py                                117 DEBUG    | Received 6D:CC:78:78:5B:C7: .
   MainThread:15:31:46.378 scanner.py                                117 DEBUG    | Received 6D:CC:78:78:5B:C7: .
   MainThread:15:31:46.379 scanner.py                                117 DEBUG    | Received FC:57:10:BC:8E:6E: .
   MainThread:15:31:46.495 scanner.py                                117 DEBUG    | Received 47:2D:07:63:58:96: .
   MainThread:15:31:46.497 scanner.py                                117 DEBUG    | Received 47:2D:07:63:58:96: .
   MainThread:15:31:46.500 scanner.py                                117 DEBUG    | Received 72:90:79:86:59:BD: .
   MainThread:15:31:46.622 scanner.py                                117 DEBUG    | Received 62:2A:83:44:56:E9: .
   MainThread:15:31:46.732 scanner.py                                117 DEBUG    | Received CF:74:2B:4C:C0:EA: .
   MainThread:15:31:46.733 scanner.py                                117 DEBUG    | Received CF:74:2B:4C:C0:EA: .
   MainThread:15:31:46.734 scanner.py                                117 DEBUG    | Received 20:B3:48:31:53:FB: .
   MainThread:15:31:46.738 scanner.py                                117 DEBUG    | Received 72:90:79:86:59:BD: .
   MainThread:15:31:46.739 scanner.py                                117 DEBUG    | Received 72:90:79:86:59:BD: JBL Tune Flex 2-LE.
   MainThread:15:31:46.741 scanner.py                                117 DEBUG    | Received EF:CD:00:F6:D4:30: .
   MainThread:15:31:46.848 scanner.py                                117 DEBUG    | Received 7C:59:88:9E:7A:13: .
   MainThread:15:31:46.850 scanner.py                                117 DEBUG    | Received 7C:59:88:9E:7A:13: .
   MainThread:15:31:46.851 scanner.py                                117 DEBUG    | Received 13:52:77:82:ED:25: .
   MainThread:15:31:46.854 scanner.py                                117 DEBUG    | Received 13:52:77:82:ED:25: .
   MainThread:15:31:46.857 scanner.py                                117 DEBUG    | Received 7C:1E:A7:2B:52:70: .
   MainThread:15:31:46.959 scanner.py                                117 DEBUG    | Received 49:13:A0:8A:92:66: .
   MainThread:15:31:46.961 scanner.py                                117 DEBUG    | Received 49:13:A0:8A:92:66: .
   MainThread:15:31:46.966 scanner.py                                117 DEBUG    | Received CC:8D:1F:D9:70:FB: .
   MainThread:15:31:46.968 scanner.py                                117 DEBUG    | Received CC:8D:1F:D9:70:FB: .
   MainThread:15:31:47.080 scanner.py                                117 DEBUG    | Received 7C:C3:84:38:18:49: .
   MainThread:15:31:47.081 scanner.py                                117 DEBUG    | Received 72:90:79:86:59:BD: .
   MainThread:15:31:47.082 scanner.py                                117 DEBUG    | Received 72:90:79:86:59:BD: JBL Tune Flex 2-LE.
   MainThread:15:31:47.089 scanner.py                                117 DEBUG    | Received 3D:9C:16:06:EF:06: .
   MainThread:15:31:47.094 scanner.py                                117 DEBUG    | Received 7E:60:6A:96:37:0B: .
   MainThread:15:31:47.095 scanner.py                                117 DEBUG    | Received 7E:60:6A:96:37:0B: .
   MainThread:15:31:47.216 scanner.py                                117 DEBUG    | Received 6D:CC:78:78:5B:C7: .
   MainThread:15:31:47.217 scanner.py                                117 DEBUG    | Received 0F:20:0B:B0:53:41: .
   MainThread:15:31:47.223 scanner.py                                117 DEBUG    | Received E3:35:D2:AA:5E:75: .
   MainThread:15:31:47.226 scanner.py                                117 DEBUG    | Received 49:13:A0:8A:92:66: .
   MainThread:15:31:47.227 scanner.py                                117 DEBUG    | Received 49:13:A0:8A:92:66: .
   MainThread:15:31:47.233 scanner.py                                117 DEBUG    | Received CF:74:2B:4C:C0:EA: .
   MainThread:15:31:47.234 scanner.py                                117 DEBUG    | Received CF:74:2B:4C:C0:EA: .
   MainThread:15:31:47.325 scanner.py                                117 DEBUG    | Received 0F:20:0B:B0:53:41: .
   MainThread:15:31:47.331 scanner.py                                117 DEBUG    | Received 72:90:79:86:59:BD: .
   MainThread:15:31:47.332 scanner.py                                117 DEBUG    | Received 72:90:79:86:59:BD: JBL Tune Flex 2-LE.
   MainThread:15:31:47.430 scanner.py                                117 DEBUG    | Received 28:AF:42:27:F0:5B: .
   MainThread:15:31:47.433 scanner.py                                117 DEBUG    | Received 28:AF:42:27:F0:5B: 75" Crystal UHD.
   MainThread:15:31:47.435 scanner.py                                117 DEBUG    | Received 0F:20:0B:B0:53:41: .
   MainThread:15:31:47.443 scanner.py                                117 DEBUG    | Received 09:7A:49:80:2D:0E: .
   MainThread:15:31:47.444 scanner.py                                117 DEBUG    | Received 7C:C3:84:38:18:49: .
   MainThread:15:31:47.551 scanner.py                                117 DEBUG    | Received 00:A4:1C:FD:C6:D8: .
   MainThread:15:31:47.554 scanner.py                                117 DEBUG    | Received 00:A4:1C:FD:C6:D8: WH-CH720N.
   MainThread:15:31:47.557 scanner.py                                117 DEBUG    | Received 7A:B4:C4:CA:8B:B9: .
   MainThread:15:31:47.559 scanner.py                                117 DEBUG    | Received 7A:B4:C4:CA:8B:B9: .
   MainThread:15:31:47.669 scanner.py                                117 DEBUG    | Received F9:57:92:8B:F4:39: .
   MainThread:15:31:47.671 scanner.py                                117 DEBUG    | Received F9:57:92:8B:F4:39: .
   MainThread:15:31:47.682 scanner.py                                117 DEBUG    | Received 54:D6:68:2B:1D:DA: Jabra Evolve2 65.
   MainThread:15:31:47.683 scanner.py                                117 DEBUG    | Received 54:D6:68:2B:1D:DA: .
   MainThread:15:31:47.789 scanner.py                                117 DEBUG    | Received 94:EC:32:1D:95:29: BG.
   MainThread:15:31:47.789 scanner.py                                117 DEBUG    | Received 94:EC:32:1D:95:29: .
   MainThread:15:31:47.792 scanner.py                                117 DEBUG    | Received 7C:1E:A7:2B:52:70: .
   MainThread:15:31:47.800 scanner.py                                117 DEBUG    | Received 20:B3:48:31:53:FB: .
   MainThread:15:31:47.802 scanner.py                                117 DEBUG    | Received DC:23:4D:86:DA:B5: .
   MainThread:15:31:47.804 scanner.py                                117 DEBUG    | Received DC:23:4D:86:DA:B5: .
   MainThread:15:31:47.913 scanner.py                                117 DEBUG    | Received 28:AF:42:27:F0:5B: .
   MainThread:15:31:47.918 scanner.py                                117 DEBUG    | Received 62:2A:83:44:56:E9: .
   MainThread:15:31:47.919 scanner.py                                117 DEBUG    | Received 62:2A:83:44:56:E9: .
   MainThread:15:31:47.920 scanner.py                                117 DEBUG    | Received DC:23:4D:86:DA:B5: .
   MainThread:15:31:48.023 scanner.py                                117 DEBUG    | Received 3D:9C:16:06:EF:06: .
   MainThread:15:31:48.028 scanner.py                                117 DEBUG    | Received 60:38:D4:FB:82:B4: .
   MainThread:15:31:48.029 scanner.py                                117 DEBUG    | Received 60:38:D4:FB:82:B4: .
   MainThread:15:31:48.033 scanner.py                                117 DEBUG    | Received 8C:71:12:52:1D:DB: QT 12521DDB.
   MainThread:15:31:48.042 scanner.py                                117 DEBUG    | Received 6D:CC:78:78:5B:C7: .
   MainThread:15:31:48.043 scanner.py                                117 DEBUG    | Received 6D:CC:78:78:5B:C7: .
   MainThread:15:31:48.155 scanner.py                                117 DEBUG    | Received 54:D6:68:2B:1D:DA: Jabra Evolve2 65.
   MainThread:15:31:48.156 scanner.py                                117 DEBUG    | Received 54:D6:68:2B:1D:DA: .
   MainThread:15:31:48.376 scanner.py                                117 DEBUG    | Received 7C:C3:84:38:18:49: .
   MainThread:15:31:48.379 scanner.py                                117 DEBUG    | Received 0F:20:0B:B0:53:41: .
   MainThread:15:31:48.381 scanner.py                                117 DEBUG    | Received FC:57:10:BC:8E:6E: .
   MainThread:15:31:48.386 scanner.py                                117 DEBUG    | Received 8C:71:12:52:1D:DB: QT 12521DDB.
   MainThread:15:31:48.391 scanner.py                                117 DEBUG    | Received 00:A4:1C:FD:C6:D8: .
   MainThread:15:31:48.393 scanner.py                                117 DEBUG    | Received 00:A4:1C:FD:C6:D8: WH-CH720N.
   MainThread:15:31:48.496 scanner.py                                117 DEBUG    | Received 73:8A:48:B2:2E:6B: .
   MainThread:15:31:48.497 scanner.py                                117 DEBUG    | Received 73:8A:48:B2:2E:6B: .
   MainThread:15:31:48.511 scanner.py                                117 DEBUG    | Received CC:8D:1F:D9:70:FB: .
   MainThread:15:31:48.513 scanner.py                                117 DEBUG    | Received 00:00:00:00:00:00: .
   MainThread:15:31:48.621 scanner.py                                117 DEBUG    | Received DC:23:4D:86:DA:BD: .
   MainThread:15:31:48.623 scanner.py                                117 DEBUG    | Received DC:23:4D:86:DA:BD: .
   MainThread:15:31:48.626 scanner.py                                117 DEBUG    | Received 49:13:A0:8A:92:66: .
   MainThread:15:31:48.736 scanner.py                                117 DEBUG    | Received 20:B3:48:31:53:FB: .
   MainThread:15:31:48.745 scanner.py                                117 DEBUG    | Received 6D:59:CF:B0:4D:2B: .
   MainThread:15:31:48.747 scanner.py                                117 DEBUG    | Received 6D:59:CF:B0:4D:2B: .
   MainThread:15:31:48.750 scanner.py                                117 DEBUG    | Received 7E:60:6A:96:37:0B: .
   MainThread:15:31:48.752 scanner.py                                117 DEBUG    | Received 7E:60:6A:96:37:0B: .
   MainThread:15:31:48.754 scanner.py                                117 DEBUG    | Received EF:CD:00:F6:D4:30: .
   MainThread:15:31:48.874 scanner.py                                117 DEBUG    | Received DB:3B:46:FE:CB:23: .
   MainThread:15:31:48.977 scanner.py                                117 DEBUG    | Received 72:90:79:86:59:BD: .
   MainThread:15:31:48.979 scanner.py                                117 DEBUG    | Received 72:90:79:86:59:BD: JBL Tune Flex 2-LE.
   MainThread:15:31:49.083 scanner.py                                117 DEBUG    | Received 7C:1E:A7:2B:52:70: .
   MainThread:15:31:49.095 scanner.py                                117 DEBUG    | Received 54:D6:68:2B:1D:DA: Jabra Evolve2 65.
   MainThread:15:31:49.097 scanner.py                                117 DEBUG    | Received 54:D6:68:2B:1D:DA: .
   MainThread:15:31:49.206 scanner.py                                117 DEBUG    | Received C4:EF:E0:2E:63:25: .
   MainThread:15:31:49.212 scanner.py                                117 DEBUG    | Received DC:23:4D:86:DA:B5: .
   MainThread:15:31:49.214 scanner.py                                117 DEBUG    | Received DC:23:4D:86:DA:B5: .
   MainThread:15:31:49.218 scanner.py                                117 DEBUG    | Received 72:90:79:86:59:BD: .
   MainThread:15:31:49.221 scanner.py                                117 DEBUG    | Received 72:90:79:86:59:BD: JBL Tune Flex 2-LE.
   MainThread:15:31:49.318 scanner.py                                117 DEBUG    | Received 0F:20:0B:B0:53:41: .
   MainThread:15:31:49.321 scanner.py                                117 DEBUG    | Received 73:8A:48:B2:2E:6B: .
   MainThread:15:31:49.323 scanner.py                                117 DEBUG    | Received 73:8A:48:B2:2E:6B: .
   MainThread:15:31:49.443 scanner.py                                117 DEBUG    | Received 28:AF:42:27:F0:5B: .
   MainThread:15:31:49.445 scanner.py                                117 DEBUG    | Received 28:AF:42:27:F0:5B: 75" Crystal UHD.
   MainThread:15:31:49.461 scanner.py                                117 DEBUG    | Received 49:13:A0:8A:92:66: .
   MainThread:15:31:49.464 scanner.py                                117 DEBUG    | Received 49:13:A0:8A:92:66: .
   MainThread:15:31:49.467 scanner.py                                117 DEBUG    | Received DC:23:4D:86:DA:BD: .
   MainThread:15:31:49.469 scanner.py                                117 DEBUG    | Received DC:23:4D:86:DA:BD: .
   MainThread:15:31:49.572 scanner.py                                117 DEBUG    | Received 7E:60:6A:96:37:0B: .
   MainThread:15:31:49.574 scanner.py                                117 DEBUG    | Received 7E:60:6A:96:37:0B: .
   MainThread:15:31:49.686 scanner.py                                117 DEBUG    | Received 7C:C3:84:38:18:49: .
   MainThread:15:31:49.690 scanner.py                                117 DEBUG    | Received 20:B3:48:31:53:FB: .
   MainThread:15:31:49.692 scanner.py                                117 DEBUG    | Received 3D:9C:16:06:EF:06: .
   MainThread:15:31:49.791 scanner.py                                117 DEBUG    | Received 8C:71:12:52:1D:DB: QT 12521DDB.
   MainThread:15:31:49.795 scanner.py                                117 DEBUG    | Received 20:B3:48:31:53:FB: .
   MainThread:15:31:49.801 scanner.py                                117 DEBUG    | Received 7A:B4:C4:CA:8B:B9: .
   MainThread:15:31:49.802 scanner.py                                117 DEBUG    | Received 7A:B4:C4:CA:8B:B9: .
   MainThread:15:31:49.803 scanner.py                                117 DEBUG    | Received 7B:C1:8E:38:B1:AC: .
   MainThread:15:31:49.804 scanner.py                                117 DEBUG    | Received 72:90:79:86:59:BD: .
   MainThread:15:31:49.816 scanner.py                                117 DEBUG    | Received 7C:59:88:9E:7A:13: .
   MainThread:15:31:49.817 scanner.py                                117 DEBUG    | Received 7C:59:88:9E:7A:13: .
   MainThread:15:31:49.946 scanner.py                                117 DEBUG    | Received 60:38:D4:FB:82:B4: .
   MainThread:15:31:49.947 scanner.py                                117 DEBUG    | Received 60:38:D4:FB:82:B4: .
   MainThread:15:31:50.038 scanner.py                                117 DEBUG    | Received 54:D6:68:2B:1D:DA: Jabra Evolve2 65.
   MainThread:15:31:50.038 scanner.py                                117 DEBUG    | Received 54:D6:68:2B:1D:DA: .
   MainThread:15:31:50.045 scanner.py                                117 DEBUG    | Received 72:90:79:86:59:BD: .
   MainThread:15:31:50.048 scanner.py                                117 DEBUG    | Received 72:90:79:86:59:BD: JBL Tune Flex 2-LE.
   MainThread:15:31:50.049 scanner.py                                117 DEBUG    | Received 0F:20:0B:B0:53:41: .
   MainThread:15:31:50.053 scanner.py                                117 DEBUG    | Received DC:23:4D:86:DA:B5: .
   MainThread:15:31:50.055 scanner.py                                117 DEBUG    | Received DC:23:4D:86:DA:B5: .
   MainThread:15:31:50.056 scanner.py                                117 DEBUG    | Received C1:EF:35:43:D4:B7: .
   MainThread:15:31:50.154 scanner.py                                117 DEBUG    | Received 0F:20:0B:B0:53:41: .
   MainThread:15:31:50.161 scanner.py                                117 DEBUG    | Received 62:2A:83:44:56:E9: .
   MainThread:15:31:50.165 scanner.py                                117 DEBUG    | Received 62:2A:83:44:56:E9: .
   MainThread:15:31:50.262 scanner.py                                117 DEBUG    | Received 0F:20:0B:B0:53:41: .
   MainThread:15:31:50.269 scanner.py                                117 DEBUG    | Received CF:74:2B:4C:C0:EA: .
   MainThread:15:31:50.271 scanner.py                                117 DEBUG    | Received CF:74:2B:4C:C0:EA: .
   MainThread:15:31:50.282 scanner.py                                117 DEBUG    | Received 49:13:A0:8A:92:66: .
   MainThread:15:31:50.283 scanner.py                                117 DEBUG    | Received 49:13:A0:8A:92:66: .
   MainThread:15:31:50.287 scanner.py                                117 DEBUG    | Received 76:C7:BF:5C:0B:86: .
   MainThread:15:31:50.288 scanner.py                                117 DEBUG    | Received 76:C7:BF:5C:0B:86: .
   MainThread:15:31:50.384 scanner.py                                117 DEBUG    | Received 7C:59:88:9E:7A:13: .
   MainThread:15:31:50.385 scanner.py                                117 DEBUG    | Received 7C:59:88:9E:7A:13: .
   MainThread:15:31:50.389 scanner.py                                117 DEBUG    | Received FC:57:10:BC:8E:6E: .
   MainThread:15:31:50.392 scanner.py                                117 DEBUG    | Received 6D:59:CF:B0:4D:2B: .
   MainThread:15:31:50.393 scanner.py                                117 DEBUG    | Received 6D:59:CF:B0:4D:2B: .
   MainThread:15:31:50.394 scanner.py                                117 DEBUG    | Received 7C:1E:A7:2B:52:70: .
   MainThread:15:31:50.501 scanner.py                                117 DEBUG    | Received 54:D6:68:2B:1D:DA: Jabra Evolve2 65.
   MainThread:15:31:50.502 scanner.py                                117 DEBUG    | Received 54:D6:68:2B:1D:DA: .
   MainThread:15:31:50.508 scanner.py                                117 DEBUG    | Received 00:A4:1C:FD:C6:D8: .
   MainThread:15:31:50.509 scanner.py                                117 DEBUG    | Received 00:A4:1C:FD:C6:D8: WH-CH720N.
   MainThread:15:31:50.620 scanner.py                                117 DEBUG    | Received 7C:C3:84:38:18:49: .
   MainThread:15:31:50.625 scanner.py                                117 DEBUG    | Received 72:90:79:86:59:BD: .
   MainThread:15:31:50.626 scanner.py                                117 DEBUG    | Received 72:90:79:86:59:BD: JBL Tune Flex 2-LE.
   MainThread:15:31:50.643 scanner.py                                117 DEBUG    | Received 20:B3:48:31:53:FB: .
   MainThread:15:31:50.653 scanner.py                                117 DEBUG    | Received DC:23:4D:86:DA:BD: .
   MainThread:15:31:50.655 scanner.py                                117 DEBUG    | Received DC:23:4D:86:DA:BD: .
   MainThread:15:31:50.738 scanner.py                                117 DEBUG    | Received 3D:9C:16:06:EF:06: .
   MainThread:15:31:50.747 scanner.py                                117 DEBUG    | Received 7C:1E:A7:2B:52:70: .
   MainThread:15:31:50.749 scanner.py                                117 DEBUG    | Received EF:CD:00:F6:D4:30: .
   MainThread:15:31:50.756 scanner.py                                117 DEBUG    | Received 7C:59:88:9E:7A:13: .
   MainThread:15:31:50.757 scanner.py                                117 DEBUG    | Received 7C:59:88:9E:7A:13: .
   MainThread:15:31:50.853 scanner.py                                117 DEBUG    | Received 20:B3:48:31:53:FB: .
   MainThread:15:31:50.873 scanner.py                                117 DEBUG    | Received 72:90:79:86:59:BD: .
   MainThread:15:31:50.875 scanner.py                                117 DEBUG    | Received 72:90:79:86:59:BD: JBL Tune Flex 2-LE.
   MainThread:15:31:50.990 scanner.py                                117 DEBUG    | Received 7F:A5:5C:58:58:3C: .
   MainThread:15:31:51.101 scanner.py                                117 DEBUG    | Received DC:23:4D:86:DA:BD: .
   MainThread:15:31:51.102 scanner.py                                117 DEBUG    | Received 7A:B4:C4:CA:8B:B9: .
   MainThread:15:31:51.103 scanner.py                                117 DEBUG    | Received 7A:B4:C4:CA:8B:B9: .
   MainThread:15:31:51.106 scanner.py                                117 DEBUG    | Received 0F:20:0B:B0:53:41: .
   MainThread:15:31:51.110 scanner.py                                117 DEBUG    | Received 47:7E:07:A0:2B:39: .
   MainThread:15:31:51.212 scanner.py                                117 DEBUG    | Received 6D:59:CF:B0:4D:2B: .
   MainThread:15:31:51.213 scanner.py                                117 DEBUG    | Received C4:EF:E0:2E:63:25: .
   MainThread:15:31:51.344 scanner.py                                117 DEBUG    | Received 00:A4:1C:FD:C6:D8: .
   MainThread:15:31:51.346 scanner.py                                117 DEBUG    | Received 00:A4:1C:FD:C6:D8: WH-CH720N.
   MainThread:15:31:51.481 scanner.py                                117 DEBUG    | Received 62:2A:83:44:56:E9: .
   MainThread:15:31:51.489 scanner.py                                117 DEBUG    | Received 6D:59:CF:B0:4D:2B: .
   MainThread:15:31:51.489 scanner.py                                117 DEBUG    | Received 6D:59:CF:B0:4D:2B: .
   MainThread:15:31:51.578 scanner.py                                117 DEBUG    | Received DC:E0:25:06:79:68: .
   MainThread:15:31:51.683 scanner.py                                117 DEBUG    | Received DC:23:4D:86:DA:BD: .
   MainThread:15:31:51.685 scanner.py                                117 DEBUG    | Received DC:23:4D:86:DA:BD: .
   MainThread:15:31:51.715 scanner.py                                117 DEBUG    | Received F9:57:92:8B:F4:39: .
   MainThread:15:31:51.716 scanner.py                                117 DEBUG    | Received F9:57:92:8B:F4:39: .
   MainThread:15:31:51.804 scanner.py                                117 DEBUG    | Received CC:8D:1F:D9:70:FB: .
   MainThread:15:31:51.805 scanner.py                                117 DEBUG    | Received CC:8D:1F:D9:70:FB: .
   MainThread:15:31:51.930 scanner.py                                117 DEBUG    | Received DC:23:4D:86:DA:B5: .
   MainThread:15:31:51.932 scanner.py                                117 DEBUG    | Received DC:23:4D:86:DA:B5: .
   MainThread:15:31:51.935 scanner.py                                117 DEBUG    | Received 28:AF:42:27:F0:5B: .
   MainThread:15:31:51.937 scanner.py                                117 DEBUG    | Received 28:AF:42:27:F0:5B: 75" Crystal UHD.
   MainThread:15:31:51.944 scanner.py                                117 DEBUG    | Received 28:AF:42:27:F0:5B: .
   MainThread:15:31:51.945 scanner.py                                117 DEBUG    | Received 28:AF:42:27:F0:5B: 75" Crystal UHD.
   MainThread:15:31:51.948 scanner.py                                117 DEBUG    | Received 76:C7:BF:5C:0B:86: .
   MainThread:15:31:51.950 scanner.py                                117 DEBUG    | Received 76:C7:BF:5C:0B:86: .
   MainThread:15:31:52.036 scanner.py                                117 DEBUG    | Received DB:3B:46:FE:CB:23: .
   MainThread:15:31:52.066 scanner.py                                117 DEBUG    | Received 7C:1E:A7:2B:52:70: .
   MainThread:15:31:52.067 scanner.py                                117 DEBUG    | Received 54:D6:68:2B:1D:DA: Jabra Evolve2 65.
   MainThread:15:31:52.068 scanner.py                                117 DEBUG    | Received 54:D6:68:2B:1D:DA: .
   MainThread:15:31:52.076 scanner.py                                117 DEBUG    | Received 73:8A:48:B2:2E:6B: .
   MainThread:15:31:52.078 scanner.py                                117 DEBUG    | Received 73:8A:48:B2:2E:6B: .
   MainThread:15:31:52.153 scanner.py                                117 DEBUG    | Received 0F:20:0B:B0:53:41: .
   MainThread:15:31:52.277 scanner.py                                117 DEBUG    | Received 72:90:79:86:59:BD: .
   MainThread:15:31:52.279 scanner.py                                117 DEBUG    | Received 72:90:79:86:59:BD: JBL Tune Flex 2-LE.
   MainThread:15:31:52.280 scanner.py                                117 DEBUG    | Received 4A:3C:2A:2F:7B:85: .
   MainThread:15:31:52.282 scanner.py                                117 DEBUG    | Received 4A:3C:2A:2F:7B:85: .
   MainThread:15:31:52.285 scanner.py                                117 DEBUG    | Received 7C:C3:84:38:18:49: .
   MainThread:15:31:52.392 scanner.py                                117 DEBUG    | Received 7B:C1:8E:38:B1:AC: .
   MainThread:15:31:52.394 scanner.py                                117 DEBUG    | Received FC:57:10:BC:8E:6E: .
   MainThread:15:31:52.519 scanner.py                                117 DEBUG    | Received 3D:9C:16:06:EF:06: .
   MainThread:15:31:52.631 scanner.py                                117 DEBUG    | Received 20:B3:48:31:53:FB: .
   MainThread:15:31:52.633 scanner.py                                117 DEBUG    | Received 7A:B4:C4:CA:8B:B9: .
   MainThread:15:31:52.635 scanner.py                                117 DEBUG    | Received 7A:B4:C4:CA:8B:B9: .
   MainThread:15:31:52.775 scanner.py                                117 DEBUG    | Received 76:C7:BF:5C:0B:86: .
   MainThread:15:31:52.778 scanner.py                                117 DEBUG    | Received 72:90:79:86:59:BD: .
   MainThread:15:31:52.779 scanner.py                                117 DEBUG    | Received 72:90:79:86:59:BD: JBL Tune Flex 2-LE.
   MainThread:15:31:52.788 scanner.py                                117 DEBUG    | Received 0F:20:0B:B0:53:41: .
   MainThread:15:31:52.795 scanner.py                                117 DEBUG    | Received 62:2A:83:44:56:E9: .
   MainThread:15:31:52.797 scanner.py                                117 DEBUG    | Received 62:2A:83:44:56:E9: .
   MainThread:15:31:52.799 scanner.py                                117 DEBUG    | Received CF:74:2B:4C:C0:EA: .
   MainThread:15:31:52.800 scanner.py                                117 DEBUG    | Received CF:74:2B:4C:C0:EA: .
   MainThread:15:31:52.873 scanner.py                                117 DEBUG    | Received 13:52:77:82:ED:25: .
   MainThread:15:31:52.876 scanner.py                                117 DEBUG    | Received 13:52:77:82:ED:25: .
   MainThread:15:31:52.987 scanner.py                                117 DEBUG    | Received 7C:59:88:9E:7A:13: .
   MainThread:15:31:52.988 scanner.py                                117 DEBUG    | Received 7C:1E:A7:2B:52:70: .
   MainThread:15:31:52.993 scanner.py                                117 DEBUG    | Received 7A:B4:C4:CA:8B:B9: .
   MainThread:15:31:52.993 scanner.py                                117 DEBUG    | Received 7A:B4:C4:CA:8B:B9: .
   MainThread:15:31:53.001 scanner.py                                117 DEBUG    | Received 72:90:79:86:59:BD: .
   MainThread:15:31:53.003 scanner.py                                117 DEBUG    | Received 72:90:79:86:59:BD: JBL Tune Flex 2-LE.
   MainThread:15:31:53.101 scanner.py                                117 DEBUG    | Received DC:23:4D:86:DA:B5: .
   MainThread:15:31:53.105 scanner.py                                117 DEBUG    | Received 4A:3C:2A:2F:7B:85: .
   MainThread:15:31:53.107 scanner.py                                117 DEBUG    | Received 4A:3C:2A:2F:7B:85: .
   MainThread:15:31:53.112 scanner.py                                117 DEBUG    | Received 72:90:79:86:59:BD: .
   MainThread:15:31:53.114 scanner.py                                117 DEBUG    | Received 72:90:79:86:59:BD: JBL Tune Flex 2-LE.
   MainThread:15:31:53.219 scanner.py                                117 DEBUG    | Received DC:23:4D:86:DA:BD: .
   MainThread:15:31:53.353 scanner.py                                117 DEBUG    | Received 62:2A:83:44:56:E9: .
   MainThread:15:31:53.354 scanner.py                                117 DEBUG    | Received 62:2A:83:44:56:E9: .
   MainThread:15:31:53.357 scanner.py                                117 DEBUG    | Received 7C:59:88:9E:7A:13: .
   MainThread:15:31:53.359 scanner.py                                117 DEBUG    | Received 7C:59:88:9E:7A:13: .
   MainThread:15:31:53.360 scanner.py                                117 DEBUG    | Received CE:2E:35:8B:F8:D9: .
   MainThread:15:31:53.361 scanner.py                                117 DEBUG    | Received 7C:1E:A7:2B:52:70: .
   MainThread:15:31:53.454 scanner.py                                117 DEBUG    | Received 73:8A:48:B2:2E:6B: .
   MainThread:15:31:53.465 scanner.py                                117 DEBUG    | Received DB:3B:46:FE:CB:23: .
   MainThread:15:31:53.468 scanner.py                                117 DEBUG    | Received 7F:A5:5C:58:58:3C: .
   MainThread:15:31:53.471 scanner.py                                117 DEBUG    | Received 7F:A5:5C:58:58:3C: .
   MainThread:15:31:53.474 scanner.py                                117 DEBUG    | Received 54:D6:68:2B:1D:DA: Jabra Evolve2 65.
   MainThread:15:31:53.476 scanner.py                                117 DEBUG    | Received CB:70:03:34:E6:92: .
   MainThread:15:31:53.588 scanner.py                                117 DEBUG    | Received 7C:C3:84:38:18:49: .
   MainThread:15:31:53.590 scanner.py                                117 DEBUG    | Received DC:E0:25:06:79:68: .
   MainThread:15:31:53.723 scanner.py                                117 DEBUG    | Received 62:2A:83:44:56:E9: .
   MainThread:15:31:53.724 scanner.py                                117 DEBUG    | Received 62:2A:83:44:56:E9: .
   MainThread:15:31:53.726 scanner.py                                117 DEBUG    | Received 8C:71:12:52:1D:DB: QT 12521DDB.
   MainThread:15:31:53.730 scanner.py                                117 DEBUG    | Received 7C:1E:A7:2B:52:70: .
   MainThread:15:31:53.808 scanner.py                                117 DEBUG    | Received CF:74:2B:4C:C0:EA: .
   MainThread:15:31:53.809 scanner.py                                117 DEBUG    | Received CF:74:2B:4C:C0:EA: .
   MainThread:15:31:53.826 scanner.py                                117 DEBUG    | Received 0F:20:0B:B0:53:41: .
   MainThread:15:31:53.837 scanner.py                                117 DEBUG    | Received 6D:CC:78:78:5B:C7: .
   MainThread:15:31:53.838 scanner.py                                117 DEBUG    | Received 6D:CC:78:78:5B:C7: .
   MainThread:15:31:53.932 scanner.py                                117 DEBUG    | Received 72:90:79:86:59:BD: .
   MainThread:15:31:53.934 scanner.py                                117 DEBUG    | Received 72:90:79:86:59:BD: JBL Tune Flex 2-LE.
   MainThread:15:31:53.936 scanner.py                                117 DEBUG    | Received 0F:20:0B:B0:53:41: .
   MainThread:15:31:53.940 scanner.py                                117 DEBUG    | Received 54:D6:68:2B:1D:DA: Jabra Evolve2 65.
   MainThread:15:31:53.942 scanner.py                                117 DEBUG    | Received 54:D6:68:2B:1D:DA: .
   MainThread:15:31:53.943 scanner.py                                117 DEBUG    | Received DB:3B:46:FE:CB:23: .
   MainThread:15:31:53.950 scanner.py                                117 DEBUG    | Received DC:23:4D:86:DA:B5: .
   MainThread:15:31:53.953 scanner.py                                117 DEBUG    | Received DC:23:4D:86:DA:B5: .
   MainThread:15:31:53.955 scanner.py                                117 DEBUG    | Received 28:AF:42:27:F0:5B: .
   MainThread:15:31:53.957 scanner.py                                117 DEBUG    | Received 28:AF:42:27:F0:5B: 75" Crystal UHD.
   MainThread:15:31:54.286 scanner.py                                117 DEBUG    | Received 7C:59:88:9E:7A:13: .
   MainThread:15:31:54.286 scanner.py                                117 DEBUG    | Received 7C:59:88:9E:7A:13: .
   MainThread:15:31:54.289 scanner.py                                117 DEBUG    | Received 62:2A:83:44:56:E9: .
   MainThread:15:31:54.290 scanner.py                                117 DEBUG    | Received 00:A4:1C:FD:C6:D8: .
   MainThread:15:31:54.291 scanner.py                                117 DEBUG    | Received 00:A4:1C:FD:C6:D8: WH-CH720N.
   MainThread:15:31:54.400 scanner.py                                117 DEBUG    | Received FC:57:10:BC:8E:6E: .
   MainThread:15:31:54.410 scanner.py                                117 DEBUG    | Received 54:D6:68:2B:1D:DA: Jabra Evolve2 65.
   MainThread:15:31:54.413 scanner.py                                117 DEBUG    | Received 54:D6:68:2B:1D:DA: .
   MainThread:15:31:54.416 scanner.py                                117 DEBUG    | Received 8C:71:12:52:1D:DB: QT 12521DDB.
   MainThread:15:31:54.530 scanner.py                                117 DEBUG    | Received 20:B3:48:31:53:FB: .
   MainThread:15:31:54.636 scanner.py                                117 DEBUG    | Received 72:90:79:86:59:BD: .
   MainThread:15:31:54.638 scanner.py                                117 DEBUG    | Received 72:90:79:86:59:BD: JBL Tune Flex 2-LE.
   MainThread:15:31:54.651 scanner.py                                117 DEBUG    | Received 62:2A:83:44:56:E9: .
   MainThread:15:31:54.654 scanner.py                                117 DEBUG    | Received 62:2A:83:44:56:E9: .
   MainThread:15:31:54.660 scanner.py                                117 DEBUG    | Received 7C:1E:A7:2B:52:70: .
   MainThread:15:31:54.664 scanner.py                                117 DEBUG    | Received 7C:59:88:9E:7A:13: .
   MainThread:15:31:54.667 scanner.py                                117 DEBUG    | Received 7C:59:88:9E:7A:13: .
   MainThread:15:31:54.760 scanner.py                                117 DEBUG    | Received 4A:3C:2A:2F:7B:85: .
   MainThread:15:31:54.761 scanner.py                                117 DEBUG    | Received 4A:3C:2A:2F:7B:85: .
   MainThread:15:31:54.764 scanner.py                                117 DEBUG    | Received EF:CD:00:F6:D4:30: .
   MainThread:15:31:54.772 scanner.py                                117 DEBUG    | Received DC:23:4D:86:DA:BD: .
   MainThread:15:31:54.774 scanner.py                                117 DEBUG    | Received DC:23:4D:86:DA:BD: .
   MainThread:15:31:54.777 scanner.py                                117 DEBUG    | Received 72:90:79:86:59:BD: .
   MainThread:15:31:54.779 scanner.py                                117 DEBUG    | Received 72:90:79:86:59:BD: JBL Tune Flex 2-LE.
   MainThread:15:31:54.895 scanner.py                                117 DEBUG    | Received F5:AD:91:09:81:E2: .
   MainThread:15:31:54.897 scanner.py                                117 DEBUG    | Received 60:38:D4:FB:82:B4: .
   MainThread:15:31:54.990 scanner.py                                117 DEBUG    | Received 0F:20:0B:B0:53:41: .
   MainThread:15:31:55.007 scanner.py                                117 DEBUG    | Received 7B:C1:8E:38:B1:AC: .
   MainThread:15:31:55.109 scanner.py                                117 DEBUG    | Received DC:23:4D:86:DA:BD: .
   MainThread:15:31:55.238 scanner.py                                117 DEBUG    | Received 7A:B4:C4:CA:8B:B9: .
   MainThread:15:31:55.239 scanner.py                                117 DEBUG    | Received 7A:B4:C4:CA:8B:B9: .
   MainThread:15:31:55.271 scanner.py                                117 DEBUG    | Received 20:B3:48:31:53:FB: .
   MainThread:15:31:55.348 scanner.py                                117 DEBUG    | Received 6D:59:CF:B0:4D:2B: .
   MainThread:15:31:55.349 scanner.py                                117 DEBUG    | Received 6D:59:CF:B0:4D:2B: .
   MainThread:15:31:55.351 scanner.py                                117 DEBUG    | Received 3D:9C:16:06:EF:06: .
   MainThread:15:31:55.354 scanner.py                                117 DEBUG    | Received 54:D6:68:2B:1D:DA: Jabra Evolve2 65.
   MainThread:15:31:55.355 scanner.py                                117 DEBUG    | Received 54:D6:68:2B:1D:DA: .
   MainThread:15:31:55.365 scanner.py                                117 DEBUG    | Received CC:8D:1F:D9:70:FB: .
   MainThread:15:31:55.367 scanner.py                                117 DEBUG    | Received CC:8D:1F:D9:70:FB: .
   MainThread:15:31:55.468 scanner.py                                117 DEBUG    | Received 13:52:77:82:ED:25: .
   MainThread:15:31:55.472 scanner.py                                117 DEBUG    | Received 13:52:77:82:ED:25: .
   MainThread:15:31:55.478 scanner.py                                117 DEBUG    | Received 28:AF:42:27:F0:5B: .
   MainThread:15:31:55.482 scanner.py                                117 DEBUG    | Received 28:AF:42:27:F0:5B: 75" Crystal UHD.
   MainThread:15:31:55.484 scanner.py                                117 DEBUG    | Received CB:70:03:34:E6:92: .
   MainThread:15:31:55.486 scanner.py                                117 DEBUG    | Received 20:B3:48:31:53:FB: .
   MainThread:15:31:55.585 scanner.py                                117 DEBUG    | Received 4A:3C:2A:2F:7B:85: .
   MainThread:15:31:55.586 scanner.py                                117 DEBUG    | Received 4A:3C:2A:2F:7B:85: .
   MainThread:15:31:55.587 scanner.py                                117 DEBUG    | Received 20:B3:48:31:53:FB: .
   MainThread:15:31:55.591 scanner.py                                117 DEBUG    | Received 7C:59:88:9E:7A:13: .
   MainThread:15:31:55.594 scanner.py                                117 DEBUG    | Received 7C:59:88:9E:7A:13: .
   MainThread:15:31:55.596 scanner.py                                117 DEBUG    | Received 72:90:79:86:59:BD: .
   MainThread:15:31:55.597 scanner.py                                117 DEBUG    | Received 72:90:79:86:59:BD: JBL Tune Flex 2-LE.
   MainThread:15:31:55.600 scanner.py                                117 DEBUG    | Received 62:2A:83:44:56:E9: .
   MainThread:15:31:55.601 scanner.py                                117 DEBUG    | Received 62:2A:83:44:56:E9: .
   MainThread:15:31:55.703 scanner.py                                117 DEBUG    | Received 5E:49:DB:1A:B5:5E: .
   MainThread:15:31:55.826 scanner.py                                117 DEBUG    | Received CF:74:2B:4C:C0:EA: .
   MainThread:15:31:55.826 scanner.py                                117 DEBUG    | Received CF:74:2B:4C:C0:EA: .
   MainThread:15:31:55.840 scanner.py                                117 DEBUG    | Received DB:3B:46:FE:CB:23: .
   MainThread:15:31:55.948 scanner.py                                117 DEBUG    | Received 72:90:79:86:59:BD: .
   MainThread:15:31:55.952 scanner.py                                117 DEBUG    | Received 72:90:79:86:59:BD: JBL Tune Flex 2-LE.
   MainThread:15:31:55.954 scanner.py                                117 DEBUG    | Received 7F:A5:5C:58:58:3C: .
   MainThread:15:31:55.955 scanner.py                                117 DEBUG    | Received 7F:A5:5C:58:58:3C: .
   MainThread:15:31:55.961 scanner.py                                117 DEBUG    | Received DC:23:4D:86:DA:BD: .
   MainThread:15:31:55.964 scanner.py                                117 DEBUG    | Received DC:23:4D:86:DA:BD: .
   MainThread:15:31:55.965 scanner.py                                117 DEBUG    | Received 7C:59:88:9E:7A:13: .
   MainThread:15:31:55.966 scanner.py                                117 DEBUG    | Received 7C:59:88:9E:7A:13: .
   MainThread:15:31:56.063 scanner.py                                117 DEBUG    | Received 47:7E:07:A0:2B:39: .
   MainThread:15:31:56.063 scanner.py                                117 DEBUG    | Received 47:7E:07:A0:2B:39: .
   MainThread:15:31:56.070 scanner.py                                117 DEBUG    | Received 76:C7:BF:5C:0B:86: .
   MainThread:15:31:56.071 scanner.py                                117 DEBUG    | Received 76:C7:BF:5C:0B:86: .
   MainThread:15:31:56.075 scanner.py                                117 DEBUG    | Received C1:EF:35:43:D4:B7: .
   MainThread:15:31:56.077 scanner.py                                117 DEBUG    | Received 49:13:A0:8A:92:66: .
   MainThread:15:31:56.079 scanner.py                                117 DEBUG    | Received 49:13:A0:8A:92:66: .
   MainThread:15:31:56.176 scanner.py                                117 DEBUG    | Received 7A:B4:C4:CA:8B:B9: .
   MainThread:15:31:56.179 scanner.py                                117 DEBUG    | Received 7A:B4:C4:CA:8B:B9: .
   MainThread:15:31:56.181 scanner.py                                117 DEBUG    | Received 7C:C3:84:38:18:49: .
   MainThread:15:31:56.296 scanner.py                                117 DEBUG    | Received 54:D6:68:2B:1D:DA: Jabra Evolve2 65.
   MainThread:15:31:56.299 scanner.py                                117 DEBUG    | Received 54:D6:68:2B:1D:DA: .
   MainThread:15:31:56.408 scanner.py                                117 DEBUG    | Received FC:57:10:BC:8E:6E: .
   MainThread:15:31:56.412 scanner.py                                117 DEBUG    | Received 4A:3C:2A:2F:7B:85: .
   MainThread:15:31:56.414 scanner.py                                117 DEBUG    | Received 4A:3C:2A:2F:7B:85: .
   MainThread:15:31:56.420 scanner.py                                117 DEBUG    | Received 72:90:79:86:59:BD: .
   MainThread:15:31:56.423 scanner.py                                117 DEBUG    | Received 72:90:79:86:59:BD: JBL Tune Flex 2-LE.
   MainThread:15:31:56.554 scanner.py                                117 DEBUG    | Received 60:38:D4:FB:82:B4: .
   MainThread:15:31:56.556 scanner.py                                117 DEBUG    | Received 60:38:D4:FB:82:B4: .
   MainThread:15:31:56.558 scanner.py                                117 DEBUG    | Received 0F:20:0B:B0:53:41: .
   MainThread:15:31:56.651 scanner.py                                117 DEBUG    | Received DC:23:4D:86:DA:BD: .
   MainThread:15:31:56.653 scanner.py                                117 DEBUG    | Received DC:23:4D:86:DA:BD: .
   MainThread:15:31:56.763 scanner.py                                117 DEBUG    | Received 0F:20:0B:B0:53:41: .
   MainThread:15:31:56.768 scanner.py                                117 DEBUG    | Received EF:CD:00:F6:D4:30: .
   MainThread:15:31:56.886 scanner.py                                117 DEBUG    | Received 13:52:77:82:ED:25: .
   MainThread:15:31:56.890 scanner.py                                117 DEBUG    | Received 13:52:77:82:ED:25: .
   MainThread:15:31:56.895 scanner.py                                117 DEBUG    | Received 76:C7:BF:5C:0B:86: .
   MainThread:15:31:56.898 scanner.py                                117 DEBUG    | Received 76:C7:BF:5C:0B:86: .
   MainThread:15:31:56.900 scanner.py                                117 DEBUG    | Received 7C:59:88:9E:7A:13: .
   MainThread:15:31:56.902 scanner.py                                117 DEBUG    | Received 7C:59:88:9E:7A:13: .
   MainThread:15:31:56.904 scanner.py                                117 DEBUG    | Received 7C:1E:A7:2B:52:70: .
   MainThread:15:31:57.005 scanner.py                                117 DEBUG    | Received DC:23:4D:86:DA:BD: .
   MainThread:15:31:57.007 scanner.py                                117 DEBUG    | Received DC:23:4D:86:DA:BD: .
   MainThread:15:31:57.010 scanner.py                                117 DEBUG    | Received 6D:59:CF:B0:4D:2B: .
   MainThread:15:31:57.011 scanner.py                                117 DEBUG    | Received 6D:59:CF:B0:4D:2B: .
   MainThread:15:31:57.243 scanner.py                                117 DEBUG    | Received 3D:9C:16:06:EF:06: .
   MainThread:15:31:57.251 scanner.py                                117 DEBUG    | Received 00:A4:1C:FD:C6:D8: .
   MainThread:15:31:57.259 scanner.py                                117 DEBUG    | Received 00:A4:1C:FD:C6:D8: WH-CH720N.
   MainThread:15:31:57.263 scanner.py                                117 DEBUG    | Received 72:90:79:86:59:BD: .
   MainThread:15:31:57.269 scanner.py                                117 DEBUG    | Received E3:35:D2:AA:5E:75: .
   MainThread:15:31:57.271 scanner.py                                117 DEBUG    | Received E3:35:D2:AA:5E:75: .
   MainThread:15:31:57.273 scanner.py                                117 DEBUG    | Received 72:90:79:86:59:BD: .
   MainThread:15:31:57.275 scanner.py                                117 DEBUG    | Received 72:90:79:86:59:BD: JBL Tune Flex 2-LE.
   MainThread:15:31:57.367 scanner.py                                117 DEBUG    | Received CE:2E:35:8B:F8:D9: .
   MainThread:15:31:57.470 scanner.py                                117 DEBUG    | Received 62:2A:83:44:56:E9: .
   MainThread:15:31:57.471 scanner.py                                117 DEBUG    | Received 62:2A:83:44:56:E9: .
   MainThread:15:31:57.472 scanner.py                                117 DEBUG    | Received 20:B3:48:31:53:FB: .
   MainThread:15:31:57.480 scanner.py                                117 DEBUG    | Received DC:23:4D:86:DA:B5: .
   MainThread:15:31:57.481 scanner.py                                117 DEBUG    | Received 28:AF:42:27:F0:5B: .
   MainThread:15:31:57.485 scanner.py                                117 DEBUG    | Received 28:AF:42:27:F0:5B: 75" Crystal UHD.
   MainThread:15:31:57.486 scanner.py                                117 DEBUG    | Received CB:70:03:34:E6:92: .
   MainThread:15:31:57.494 scanner.py                                117 DEBUG    | Received 28:AF:42:27:F0:5B: .
   MainThread:15:31:57.496 scanner.py                                117 DEBUG    | Received 28:AF:42:27:F0:5B: 75" Crystal UHD.
   MainThread:15:31:57.590 scanner.py                                117 DEBUG    | Received DB:3B:46:FE:CB:23: .
   MainThread:15:31:57.595 scanner.py                                117 DEBUG    | Received DC:E0:25:06:79:68: .
   MainThread:15:31:57.601 scanner.py                                117 DEBUG    | Received 0F:20:0B:B0:53:41: .
   MainThread:15:31:57.609 scanner.py                                117 DEBUG    | Received 7F:A5:5C:58:58:3C: .
   MainThread:15:31:57.609 scanner.py                                117 DEBUG    | Received 7F:A5:5C:58:58:3C: .
   MainThread:15:31:57.730 scanner.py                                117 DEBUG    | Received 76:C7:BF:5C:0B:86: .
   MainThread:15:31:57.732 scanner.py                                117 DEBUG    | Received 76:C7:BF:5C:0B:86: .
   MainThread:15:31:57.735 scanner.py                                117 DEBUG    | Received 13:52:77:82:ED:25: .
   MainThread:15:31:57.737 scanner.py                                117 DEBUG    | Received 13:52:77:82:ED:25: .
   MainThread:15:31:57.739 scanner.py                                117 DEBUG    | Received 49:13:A0:8A:92:66: .
   MainThread:15:31:57.741 scanner.py                                117 DEBUG    | Received 49:13:A0:8A:92:66: .
   MainThread:15:31:57.825 scanner.py                                117 DEBUG    | Received 7C:59:88:9E:7A:13: .
   MainThread:15:31:57.827 scanner.py                                117 DEBUG    | Received 7C:59:88:9E:7A:13: .
   MainThread:15:31:57.828 scanner.py                                117 DEBUG    | Received DC:23:4D:86:DA:B5: .
   MainThread:15:31:57.838 scanner.py                                117 DEBUG    | Received 62:2A:83:44:56:E9: .
   MainThread:15:31:57.839 scanner.py                                117 DEBUG    | Received 62:2A:83:44:56:E9: .
   MainThread:15:31:57.848 scanner.py                                117 DEBUG    | Received 7C:C3:84:38:18:49: .
   MainThread:15:31:57.850 scanner.py                                117 DEBUG    | Received 73:8A:48:B2:2E:6B: .
   MainThread:15:31:57.851 scanner.py                                117 DEBUG    | Received 73:8A:48:B2:2E:6B: .
   MainThread:15:31:58.070 scanner.py                                117 DEBUG    | Received 4A:3C:2A:2F:7B:85: .
   MainThread:15:31:58.070 scanner.py                                117 DEBUG    | Received 4A:3C:2A:2F:7B:85: .
   MainThread:15:31:58.071 scanner.py                                117 DEBUG    | Received 3D:9C:16:06:EF:06: .
   MainThread:15:31:58.074 scanner.py                                117 DEBUG    | Received 72:90:79:86:59:BD: .
   MainThread:15:31:58.075 scanner.py                                117 DEBUG    | Received 72:90:79:86:59:BD: JBL Tune Flex 2-LE.
   MainThread:15:31:58.078 scanner.py                                117 DEBUG    | Received DB:3B:46:FE:CB:23: .
   MainThread:15:31:58.080 scanner.py                                117 DEBUG    | Received C1:EF:35:43:D4:B7: .
   MainThread:15:31:58.082 scanner.py                                117 DEBUG    | Received 00:A4:1C:FD:C6:D8: .
   MainThread:15:31:58.085 scanner.py                                117 DEBUG    | Received 00:00:00:00:00:00: .
   MainThread:15:31:58.183 scanner.py                                117 DEBUG    | Received DC:23:4D:86:DA:BD: .
   MainThread:15:31:58.186 scanner.py                                117 DEBUG    | Received DC:23:4D:86:DA:BD: .
   MainThread:15:31:58.188 scanner.py                                117 DEBUG    | Received 7B:C1:8E:38:B1:AC: .
   MainThread:15:31:58.199 scanner.py                                117 DEBUG    | Received 20:B3:48:31:53:FB: .
   MainThread:15:31:58.202 scanner.py                                117 DEBUG    | Received 7C:59:88:9E:7A:13: .
   MainThread:15:31:58.203 scanner.py                                117 DEBUG    | Received 7C:59:88:9E:7A:13: .
   MainThread:15:31:58.305 scanner.py                                117 DEBUG    | Received 13:52:77:82:ED:25: .
   MainThread:15:31:58.306 scanner.py                                212 DEBUG    | 1 devices found. Watcher status: <BluetoothLEAdvertisementWatcherStatus.STOPPED: 3>.
   MainThread:15:31:58.306 client.py                                  86 WARNING  | Failed to find a device in 15 seconds. Retrying #2
   MainThread:15:31:58.307 bleak_wrapper.py                          121 INFO     | Scanning for GoPro [A-Z0-9]{4} bluetooth devices...
   MainThread:15:31:58.343 scanner.py                                117 DEBUG    | Received DC:23:4D:86:DA:BD: .
   MainThread:15:31:58.346 scanner.py                                117 DEBUG    | Received DC:23:4D:86:DA:BD: .
   MainThread:15:31:58.349 scanner.py                                117 DEBUG    | Received 4A:3C:2A:2F:7B:85: .
   MainThread:15:31:58.351 scanner.py                                117 DEBUG    | Received 4A:3C:2A:2F:7B:85: .
   MainThread:15:31:58.477 scanner.py                                117 DEBUG    | Received CF:4B:09:8A:13:82: .
   MainThread:15:31:58.485 scanner.py                                117 DEBUG    | Received 60:38:D4:FB:82:B4: .
   MainThread:15:31:58.487 scanner.py                                117 DEBUG    | Received 60:38:D4:FB:82:B4: .
   MainThread:15:31:58.565 scanner.py                                117 DEBUG    | Received 72:90:79:86:59:BD: .
   MainThread:15:31:58.568 scanner.py                                117 DEBUG    | Received 72:90:79:86:59:BD: JBL Tune Flex 2-LE.
   MainThread:15:31:58.569 scanner.py                                117 DEBUG    | Received 7B:C1:8E:38:B1:AC: .
   MainThread:15:31:58.573 scanner.py                                117 DEBUG    | Received 7C:59:88:9E:7A:13: .
   MainThread:15:31:58.574 scanner.py                                117 DEBUG    | Received 7C:59:88:9E:7A:13: .
   MainThread:15:31:58.577 scanner.py                                117 DEBUG    | Received 7C:1E:A7:2B:52:70: .
   MainThread:15:31:58.579 scanner.py                                117 DEBUG    | Received 7C:C3:84:38:18:49: .
   MainThread:15:31:58.586 scanner.py                                117 DEBUG    | Received 13:52:77:82:ED:25: .
   MainThread:15:31:58.586 scanner.py                                117 DEBUG    | Received 13:52:77:82:ED:25: .
   MainThread:15:31:58.591 scanner.py                                117 DEBUG    | Received 62:2A:83:44:56:E9: .
   MainThread:15:31:58.592 scanner.py                                117 DEBUG    | Received 62:2A:83:44:56:E9: .
   MainThread:15:31:58.686 scanner.py                                117 DEBUG    | Received E3:8C:24:D1:1A:46: .
   MainThread:15:31:58.697 scanner.py                                117 DEBUG    | Received D9:5C:9E:27:5F:F2: .
   MainThread:15:31:58.698 scanner.py                                117 DEBUG    | Received DC:23:4D:86:DA:BD: .
   MainThread:15:31:58.704 scanner.py                                117 DEBUG    | Received FC:73:0E:13:87:8F: .
   MainThread:15:31:58.812 scanner.py                                117 DEBUG    | Received 3D:9C:16:06:EF:06: .
   MainThread:15:31:58.930 scanner.py                                117 DEBUG    | Received CC:8D:1F:D9:70:FB: .
   MainThread:15:31:58.937 scanner.py                                117 DEBUG    | Received CC:8D:1F:D9:70:FB: .
   MainThread:15:31:58.942 scanner.py                                117 DEBUG    | Received 54:D6:68:2B:1D:DA: Jabra Evolve2 65.
   MainThread:15:31:58.946 scanner.py                                117 DEBUG    | Received 00:A4:1C:FD:C6:D8: .
   MainThread:15:31:58.949 scanner.py                                117 DEBUG    | Received 00:A4:1C:FD:C6:D8: WH-CH720N.
   MainThread:15:31:58.951 scanner.py                                117 DEBUG    | Received 73:8A:48:B2:2E:6B: .
   MainThread:15:31:59.046 scanner.py                                117 DEBUG    | Received 0F:20:0B:B0:53:41: .
   MainThread:15:31:59.163 scanner.py                                117 DEBUG    | Received 7A:B4:C4:CA:8B:B9: .
   MainThread:15:31:59.164 scanner.py                                117 DEBUG    | Received 7A:B4:C4:CA:8B:B9: .
   MainThread:15:31:59.166 scanner.py                                117 DEBUG    | Received E6:BA:68:E2:CB:1B: .
   MainThread:15:31:59.167 scanner.py                                117 DEBUG    | Received 20:B3:48:31:53:FB: .
   MainThread:15:31:59.172 scanner.py                                117 DEBUG    | Received DC:23:4D:86:DA:B5: .
   MainThread:15:31:59.173 scanner.py                                117 DEBUG    | Received DC:23:4D:86:DA:B5: .
   MainThread:15:31:59.178 scanner.py                                117 DEBUG    | Received 4A:3C:2A:2F:7B:85: .
   MainThread:15:31:59.393 scanner.py                                117 DEBUG    | Received 72:90:79:86:59:BD: .
   MainThread:15:31:59.394 scanner.py                                117 DEBUG    | Received 72:90:79:86:59:BD: JBL Tune Flex 2-LE.
   MainThread:15:31:59.405 scanner.py                                117 DEBUG    | Received 54:D6:68:2B:1D:DA: Jabra Evolve2 65.
   MainThread:15:31:59.408 scanner.py                                117 DEBUG    | Received 54:D6:68:2B:1D:DA: .
   MainThread:15:31:59.409 scanner.py                                117 DEBUG    | Received 72:90:79:86:59:BD: .
   MainThread:15:31:59.410 scanner.py                                117 DEBUG    | Received 72:90:79:86:59:BD: JBL Tune Flex 2-LE.
   MainThread:15:31:59.509 scanner.py                                117 DEBUG    | Received 7B:C1:8E:38:B1:AC: .
   MainThread:15:31:59.512 scanner.py                                117 DEBUG    | Received DB:3B:46:FE:CB:23: .
   MainThread:15:31:59.516 scanner.py                                117 DEBUG    | Received 62:2A:83:44:56:E9: .
   MainThread:15:31:59.528 scanner.py                                117 DEBUG    | Received 7A:B4:C4:CA:8B:B9: .
   MainThread:15:31:59.531 scanner.py                                117 DEBUG    | Received 7A:B4:C4:CA:8B:B9: .
   MainThread:15:31:59.532 scanner.py                                117 DEBUG    | Received 7F:A5:5C:58:58:3C: .
   MainThread:15:31:59.533 scanner.py                                117 DEBUG    | Received 7F:A5:5C:58:58:3C: .
   MainThread:15:31:59.628 scanner.py                                117 DEBUG    | Received E3:2F:9E:FC:47:01: .
   MainThread:15:31:59.640 scanner.py                                117 DEBUG    | Received 76:C7:BF:5C:0B:86: .
   MainThread:15:31:59.642 scanner.py                                117 DEBUG    | Received 76:C7:BF:5C:0B:86: .
   MainThread:15:31:59.744 scanner.py                                117 DEBUG    | Received 72:90:79:86:59:BD: .
   MainThread:15:31:59.747 scanner.py                                117 DEBUG    | Received 72:90:79:86:59:BD: JBL Tune Flex 2-LE.
   MainThread:15:31:59.755 scanner.py                                117 DEBUG    | Received 6D:59:CF:B0:4D:2B: .
   MainThread:15:31:59.756 scanner.py                                117 DEBUG    | Received 6D:59:CF:B0:4D:2B: .
   MainThread:15:31:59.758 scanner.py                                117 DEBUG    | Received 3D:9C:16:06:EF:06: .
   MainThread:15:31:59.866 scanner.py                                117 DEBUG    | Received 3D:9C:16:06:EF:06: .
   MainThread:15:31:59.873 scanner.py                                117 DEBUG    | Received 60:38:D4:FB:82:B4: .
   MainThread:15:31:59.873 scanner.py                                117 DEBUG    | Received 60:38:D4:FB:82:B4: .
   MainThread:15:31:59.875 scanner.py                                117 DEBUG    | Received 54:D6:68:2B:1D:DA: Jabra Evolve2 65.
   MainThread:15:31:59.877 scanner.py                                117 DEBUG    | Received 54:D6:68:2B:1D:DA: .
   MainThread:15:31:59.880 scanner.py                                117 DEBUG    | Received 7B:C1:8E:38:B1:AC: .
   MainThread:15:31:59.882 scanner.py                                117 DEBUG    | Received 0F:20:0B:B0:53:41: .
   MainThread:15:31:59.889 scanner.py                                117 DEBUG    | Received DC:23:4D:86:DA:BD: .
   MainThread:15:31:59.993 scanner.py                                117 DEBUG    | Received DB:3B:46:FE:CB:23: .
   MainThread:15:31:59.996 scanner.py                                117 DEBUG    | Received 0F:20:0B:B0:53:41: .
   MainThread:15:31:59.999 scanner.py                                117 DEBUG    | Received DC:23:4D:86:DA:B5: .
   MainThread:15:32:00.001 scanner.py                                117 DEBUG    | Received DC:23:4D:86:DA:B5: .
   MainThread:15:32:00.004 scanner.py                                117 DEBUG    | Received 28:AF:42:27:F0:5B: .
   MainThread:15:32:00.006 scanner.py                                117 DEBUG    | Received 28:AF:42:27:F0:5B: 75" Crystal UHD.
   MainThread:15:32:00.234 scanner.py                                117 DEBUG    | Received 72:90:79:86:59:BD: .
   MainThread:15:32:00.235 scanner.py                                117 DEBUG    | Received 72:90:79:86:59:BD: JBL Tune Flex 2-LE.
   MainThread:15:32:00.240 scanner.py                                117 DEBUG    | Received 7B:C1:8E:38:B1:AC: .
   MainThread:15:32:00.349 scanner.py                                117 DEBUG    | Received DC:23:4D:86:DA:B5: .
   MainThread:15:32:00.354 scanner.py                                117 DEBUG    | Received 7F:A5:5C:58:58:3C: .
   MainThread:15:32:00.458 scanner.py                                117 DEBUG    | Received 7A:B4:C4:CA:8B:B9: .
   MainThread:15:32:00.459 scanner.py                                117 DEBUG    | Received 7A:B4:C4:CA:8B:B9: .
   MainThread:15:32:00.472 scanner.py                                117 DEBUG    | Received 76:C7:BF:5C:0B:86: .
   MainThread:15:32:00.473 scanner.py                                117 DEBUG    | Received 76:C7:BF:5C:0B:86: .
   MainThread:15:32:00.582 scanner.py                                117 DEBUG    | Received 8C:71:12:52:1D:DB: QT 12521DDB.
   MainThread:15:32:00.589 scanner.py                                117 DEBUG    | Received 73:8A:48:B2:2E:6B: .
   MainThread:15:32:00.590 scanner.py                                117 DEBUG    | Received 73:8A:48:B2:2E:6B: .
   MainThread:15:32:00.592 scanner.py                                117 DEBUG    | Received 13:52:77:82:ED:25: .
   MainThread:15:32:00.594 scanner.py                                117 DEBUG    | Received 13:52:77:82:ED:25: .
   MainThread:15:32:00.597 scanner.py                                117 DEBUG    | Received 3D:9C:16:06:EF:06: .
   MainThread:15:32:00.599 scanner.py                                117 DEBUG    | Received FE:5D:58:42:68:D4: .
   MainThread:15:32:00.601 scanner.py                                117 DEBUG    | Received FE:5D:58:42:68:D4: .
   MainThread:15:32:00.695 scanner.py                                117 DEBUG    | Received 60:38:D4:FB:82:B4: .
   MainThread:15:32:00.700 scanner.py                                117 DEBUG    | Received 60:38:D4:FB:82:B4: .
   MainThread:15:32:00.705 scanner.py                                117 DEBUG    | Received DC:23:4D:86:DA:B5: .
   MainThread:15:32:00.708 scanner.py                                117 DEBUG    | Received CC:8D:1F:D9:70:FB: .
   MainThread:15:32:00.711 scanner.py                                117 DEBUG    | Received CC:8D:1F:D9:70:FB: .
   MainThread:15:32:00.714 scanner.py                                117 DEBUG    | Received DC:23:4D:86:DA:BD: .
   MainThread:15:32:00.716 scanner.py                                117 DEBUG    | Received DC:23:4D:86:DA:BD: .
   MainThread:15:32:00.717 scanner.py                                117 DEBUG    | Received DB:5A:E1:F7:4F:08: .
   MainThread:15:32:00.818 scanner.py                                117 DEBUG    | Received 4A:3C:2A:2F:7B:85: .
   MainThread:15:32:00.819 scanner.py                                117 DEBUG    | Received 4A:3C:2A:2F:7B:85: .
   MainThread:15:32:00.823 scanner.py                                117 DEBUG    | Received 7C:59:88:9E:7A:13: .
   MainThread:15:32:00.825 scanner.py                                117 DEBUG    | Received 7C:59:88:9E:7A:13: .
   MainThread:15:32:00.827 scanner.py                                117 DEBUG    | Received 7E:60:6A:96:37:0B: .
   MainThread:15:32:00.831 scanner.py                                117 DEBUG    | Received 7A:B4:C4:CA:8B:B9: .
   MainThread:15:32:00.832 scanner.py                                117 DEBUG    | Received 7A:B4:C4:CA:8B:B9: .
   MainThread:15:32:00.948 scanner.py                                117 DEBUG    | Received 0F:20:0B:B0:53:41: .
   MainThread:15:32:01.047 scanner.py                                117 DEBUG    | Received 0F:20:0B:B0:53:41: .
   MainThread:15:32:01.050 scanner.py                                117 DEBUG    | Received 00:A4:1C:FD:C6:D8: .
   MainThread:15:32:01.052 scanner.py                                117 DEBUG    | Received 00:A4:1C:FD:C6:D8: WH-CH720N.
   MainThread:15:32:01.053 scanner.py                                117 DEBUG    | Received 49:13:A0:8A:92:66: .
   MainThread:15:32:01.054 scanner.py                                117 DEBUG    | Received 49:13:A0:8A:92:66: .
   MainThread:15:32:01.062 scanner.py                                117 DEBUG    | Received 72:90:79:86:59:BD: .
   MainThread:15:32:01.063 scanner.py                                117 DEBUG    | Received 72:90:79:86:59:BD: JBL Tune Flex 2-LE.
   MainThread:15:32:01.193 scanner.py                                117 DEBUG    | Received 72:90:79:86:59:BD: .
   MainThread:15:32:01.195 scanner.py                                117 DEBUG    | Received 72:90:79:86:59:BD: JBL Tune Flex 2-LE.
   MainThread:15:32:01.286 scanner.py                                117 DEBUG    | Received 76:C7:BF:5C:0B:86: .
   MainThread:15:32:01.290 scanner.py                                117 DEBUG    | Received 76:C7:BF:5C:0B:86: .
   MainThread:15:32:01.292 scanner.py                                117 DEBUG    | Received 20:B3:48:31:53:FB: .
   MainThread:15:32:01.296 scanner.py                                117 DEBUG    | Received F9:57:92:8B:F4:39: .
   MainThread:15:32:01.298 scanner.py                                117 DEBUG    | Received F9:57:92:8B:F4:39: .
   MainThread:15:32:01.301 scanner.py                                117 DEBUG    | Received 54:D6:68:2B:1D:DA: Jabra Evolve2 65.
   MainThread:15:32:01.302 scanner.py                                117 DEBUG    | Received 54:D6:68:2B:1D:DA: .
   MainThread:15:32:01.400 scanner.py                                117 DEBUG    | Received 6D:59:CF:B0:4D:2B: .
   MainThread:15:32:01.403 scanner.py                                117 DEBUG    | Received 6D:59:CF:B0:4D:2B: .
   MainThread:15:32:01.407 scanner.py                                117 DEBUG    | Received 62:2A:83:44:56:E9: .
   MainThread:15:32:01.410 scanner.py                                117 DEBUG    | Received 62:2A:83:44:56:E9: .
   MainThread:15:32:01.419 scanner.py                                117 DEBUG    | Received 3D:9C:16:06:EF:06: .
   MainThread:15:32:01.527 scanner.py                                117 DEBUG    | Received 3D:9C:16:06:EF:06: .
   MainThread:15:32:01.530 scanner.py                                117 DEBUG    | Received 72:90:79:86:59:BD: .
   MainThread:15:32:01.532 scanner.py                                117 DEBUG    | Received 72:90:79:86:59:BD: JBL Tune Flex 2-LE.
   MainThread:15:32:01.674 scanner.py                                117 DEBUG    | Received 0F:20:0B:B0:53:41: .
   MainThread:15:32:01.677 scanner.py                                117 DEBUG    | Received 6D:59:CF:B0:4D:2B: .
   MainThread:15:32:01.679 scanner.py                                117 DEBUG    | Received 6D:59:CF:B0:4D:2B: .
   MainThread:15:32:01.756 scanner.py                                117 DEBUG    | Received 7C:1E:A7:2B:52:70: .
   MainThread:15:32:01.759 scanner.py                                117 DEBUG    | Received 7A:B4:C4:CA:8B:B9: .
   MainThread:15:32:01.760 scanner.py                                117 DEBUG    | Received 7A:B4:C4:CA:8B:B9: .
   MainThread:15:32:01.774 scanner.py                                117 DEBUG    | Received 54:D6:68:2B:1D:DA: Jabra Evolve2 65.
   MainThread:15:32:01.775 scanner.py                                117 DEBUG    | Received 54:D6:68:2B:1D:DA: .
   MainThread:15:32:01.879 scanner.py                                117 DEBUG    | Received 8C:71:12:52:1D:DB: QT 12521DDB.
   MainThread:15:32:02.006 scanner.py                                117 DEBUG    | Received 28:AF:42:27:F0:5B: .
   MainThread:15:32:02.009 scanner.py                                117 DEBUG    | Received 28:AF:42:27:F0:5B: 75" Crystal UHD.
   MainThread:15:32:02.011 scanner.py                                117 DEBUG    | Received 13:52:77:82:ED:25: .
   MainThread:15:32:02.014 scanner.py                                117 DEBUG    | Received 13:52:77:82:ED:25: .
   MainThread:15:32:02.017 scanner.py                                117 DEBUG    | Received 28:AF:42:27:F0:5B: .
   MainThread:15:32:02.020 scanner.py                                117 DEBUG    | Received 28:AF:42:27:F0:5B: 75" Crystal UHD.
   MainThread:15:32:02.022 scanner.py                                117 DEBUG    | Received 7F:A5:5C:58:58:3C: .
   MainThread:15:32:02.025 scanner.py                                117 DEBUG    | Received 7F:A5:5C:58:58:3C: .
   MainThread:15:32:02.027 scanner.py                                117 DEBUG    | Received 72:90:79:86:59:BD: .
   MainThread:15:32:02.029 scanner.py                                117 DEBUG    | Received 72:90:79:86:59:BD: JBL Tune Flex 2-LE.
   MainThread:15:32:02.110 scanner.py                                117 DEBUG    | Received 7B:C1:8E:38:B1:AC: .
   MainThread:15:32:02.121 scanner.py                                117 DEBUG    | Received 7C:59:88:9E:7A:13: .
   MainThread:15:32:02.123 scanner.py                                117 DEBUG    | Received 7C:59:88:9E:7A:13: .
   MainThread:15:32:02.124 scanner.py                                117 DEBUG    | Received 7C:1E:A7:2B:52:70: .
   MainThread:15:32:02.128 scanner.py                                117 DEBUG    | Received 20:B3:48:31:53:FB: .
   MainThread:15:32:02.233 scanner.py                                117 DEBUG    | Received DB:3B:46:FE:CB:23: .
   MainThread:15:32:02.235 scanner.py                                117 DEBUG    | Received CC:8D:1F:D9:70:FB: .
   MainThread:15:32:02.236 scanner.py                                117 DEBUG    | Received CC:8D:1F:D9:70:FB: .
   MainThread:15:32:02.241 scanner.py                                117 DEBUG    | Received 73:8A:48:B2:2E:6B: .
   MainThread:15:32:02.244 scanner.py                                117 DEBUG    | Received 73:8A:48:B2:2E:6B: .
   MainThread:15:32:02.245 scanner.py                                117 DEBUG    | Received 54:D6:68:2B:1D:DA: Jabra Evolve2 65.
   MainThread:15:32:02.246 scanner.py                                117 DEBUG    | Received 54:D6:68:2B:1D:DA: .
   MainThread:15:32:02.248 scanner.py                                117 DEBUG    | Received 3D:9C:16:06:EF:06: .
   MainThread:15:32:02.481 scanner.py                                117 DEBUG    | Received 7E:60:6A:96:37:0B: .
   MainThread:15:32:02.481 scanner.py                                117 DEBUG    | Received 7E:60:6A:96:37:0B: .
   MainThread:15:32:02.584 scanner.py                                117 DEBUG    | Received DC:23:4D:86:DA:B5: .
   MainThread:15:32:02.585 scanner.py                                117 DEBUG    | Received DC:23:4D:86:DA:B5: .
   MainThread:15:32:02.601 scanner.py                                117 DEBUG    | Received FE:5D:58:42:68:D4: .
   MainThread:15:32:02.603 scanner.py                                117 DEBUG    | Received FE:5D:58:42:68:D4: .
   MainThread:15:32:02.704 scanner.py                                117 DEBUG    | Received E3:8C:24:D1:1A:46: .
   MainThread:15:32:02.706 scanner.py                                117 DEBUG    | Received D9:5C:9E:27:5F:F2: .
   MainThread:15:32:02.708 scanner.py                                117 DEBUG    | Received 72:90:79:86:59:BD: .
   MainThread:15:32:02.709 scanner.py                                117 DEBUG    | Received 72:90:79:86:59:BD: JBL Tune Flex 2-LE.
   MainThread:15:32:02.711 scanner.py                                117 DEBUG    | Received DB:3B:46:FE:CB:23: .
   MainThread:15:32:02.720 scanner.py                                117 DEBUG    | Received 62:2A:83:44:56:E9: .
   MainThread:15:32:02.722 scanner.py                                117 DEBUG    | Received 62:2A:83:44:56:E9: .
   MainThread:15:32:02.724 scanner.py                                117 DEBUG    | Received DB:5A:E1:F7:4F:08: .
   MainThread:15:32:02.829 scanner.py                                117 DEBUG    | Received 7F:A5:5C:58:58:3C: .
   MainThread:15:32:02.831 scanner.py                                117 DEBUG    | Received 7F:A5:5C:58:58:3C: .
   MainThread:15:32:03.059 scanner.py                                117 DEBUG    | Received 7B:C1:8E:38:B1:AC: .
   MainThread:15:32:03.072 scanner.py                                117 DEBUG    | Received 20:B3:48:31:53:FB: .
   MainThread:15:32:03.075 scanner.py                                117 DEBUG    | Received 7A:B4:C4:CA:8B:B9: .
   MainThread:15:32:03.076 scanner.py                                117 DEBUG    | Received 7A:B4:C4:CA:8B:B9: .
   MainThread:15:32:03.173 scanner.py                                117 DEBUG    | Received 60:38:D4:FB:82:B4: .
   MainThread:15:32:03.175 scanner.py                                117 DEBUG    | Received 60:38:D4:FB:82:B4: .
   MainThread:15:32:03.176 scanner.py                                117 DEBUG    | Received E6:BA:68:E2:CB:1B: .
   MainThread:15:32:03.180 scanner.py                                117 DEBUG    | Received 20:B3:48:31:53:FB: .
   MainThread:15:32:03.181 scanner.py                                117 DEBUG    | Received 72:90:79:86:59:BD: .
   MainThread:15:32:03.184 scanner.py                                117 DEBUG    | Received 72:90:79:86:59:BD: JBL Tune Flex 2-LE.
   MainThread:15:32:03.187 scanner.py                                117 DEBUG    | Received 6D:CC:78:78:5B:C7: .
   MainThread:15:32:03.187 scanner.py                                117 DEBUG    | Received 6D:CC:78:78:5B:C7: .
   MainThread:15:32:03.188 scanner.py                                117 DEBUG    | Received 3D:9C:16:06:EF:06: .
   MainThread:15:32:03.297 scanner.py                                117 DEBUG    | Received 3D:9C:16:06:EF:06: .
   MainThread:15:32:03.305 scanner.py                                117 DEBUG    | Received 7E:60:6A:96:37:0B: .
   MainThread:15:32:03.307 scanner.py                                117 DEBUG    | Received 7E:60:6A:96:37:0B: .
   MainThread:15:32:03.409 scanner.py                                117 DEBUG    | Received CF:74:2B:4C:C0:EA: .
   MainThread:15:32:03.426 scanner.py                                117 DEBUG    | Received DC:23:4D:86:DA:BD: .
   MainThread:15:32:03.427 scanner.py                                117 DEBUG    | Received DC:23:4D:86:DA:BD: .
   MainThread:15:32:03.428 scanner.py                                117 DEBUG    | Received 7C:1E:A7:2B:52:70: .
   MainThread:15:32:03.429 scanner.py                                117 DEBUG    | Received 7B:C1:8E:38:B1:AC: .
   MainThread:15:32:03.536 scanner.py                                117 DEBUG    | Received 28:AF:42:27:F0:5B: .
   MainThread:15:32:03.540 scanner.py                                117 DEBUG    | Received 28:AF:42:27:F0:5B: 75" Crystal UHD.
   MainThread:15:32:03.546 scanner.py                                117 DEBUG    | Received 0F:20:0B:B0:53:41: .
   MainThread:15:32:03.651 scanner.py                                117 DEBUG    | Received 0F:20:0B:B0:53:41: .
   MainThread:15:32:03.790 scanner.py                                117 DEBUG    | Received 7C:1E:A7:2B:52:70: .
   MainThread:15:32:03.798 scanner.py                                117 DEBUG    | Received 7B:C1:8E:38:B1:AC: .
   MainThread:15:32:03.884 scanner.py                                117 DEBUG    | Received 73:8A:48:B2:2E:6B: .
   MainThread:15:32:03.887 scanner.py                                117 DEBUG    | Received 73:8A:48:B2:2E:6B: .
   MainThread:15:32:04.010 scanner.py                                117 DEBUG    | Received 00:A4:1C:FD:C6:D8: .
   MainThread:15:32:04.015 scanner.py                                117 DEBUG    | Received 00:A4:1C:FD:C6:D8: WH-CH720N.
   MainThread:15:32:04.020 scanner.py                                117 DEBUG    | Received 72:90:79:86:59:BD: .
   MainThread:15:32:04.023 scanner.py                                117 DEBUG    | Received 72:90:79:86:59:BD: JBL Tune Flex 2-LE.
   MainThread:15:32:04.026 scanner.py                                117 DEBUG    | Received 7A:B4:C4:CA:8B:B9: .
   MainThread:15:32:04.028 scanner.py                                117 DEBUG    | Received 7A:B4:C4:CA:8B:B9: .
   MainThread:15:32:04.030 scanner.py                                117 DEBUG    | Received 13:52:77:82:ED:25: .
   MainThread:15:32:04.032 scanner.py                                117 DEBUG    | Received 13:52:77:82:ED:25: .
   MainThread:15:32:04.034 scanner.py                                117 DEBUG    | Received 28:AF:42:27:F0:5B: .
   MainThread:15:32:04.036 scanner.py                                117 DEBUG    | Received 28:AF:42:27:F0:5B: 75" Crystal UHD.
   MainThread:15:32:04.038 scanner.py                                117 DEBUG    | Received 3D:9C:16:06:EF:06: .
   MainThread:15:32:04.040 scanner.py                                117 DEBUG    | Received 76:C7:BF:5C:0B:86: .
   MainThread:15:32:04.042 scanner.py                                117 DEBUG    | Received 76:C7:BF:5C:0B:86: .
   MainThread:15:32:04.127 scanner.py                                117 DEBUG    | Received DC:23:4D:86:DA:BD: .
   MainThread:15:32:04.129 scanner.py                                117 DEBUG    | Received DC:23:4D:86:DA:BD: .
   MainThread:15:32:04.132 scanner.py                                117 DEBUG    | Received 3D:9C:16:06:EF:06: .
   MainThread:15:32:04.134 scanner.py                                117 DEBUG    | Received 7E:60:6A:96:37:0B: .
   MainThread:15:32:04.135 scanner.py                                117 DEBUG    | Received 7E:60:6A:96:37:0B: .
   MainThread:15:32:04.138 scanner.py                                117 DEBUG    | Received 54:D6:68:2B:1D:DA: Jabra Evolve2 65.
   MainThread:15:32:04.140 scanner.py                                117 DEBUG    | Received 54:D6:68:2B:1D:DA: .
   MainThread:15:32:04.142 scanner.py                                117 DEBUG    | Received 20:B3:48:31:53:FB: .
   MainThread:15:32:04.236 scanner.py                                117 DEBUG    | Received 3D:9C:16:06:EF:06: .
   MainThread:15:32:04.245 scanner.py                                117 DEBUG    | Received 20:B3:48:31:53:FB: .
   MainThread:15:32:04.363 scanner.py                                117 DEBUG    | Received 49:13:A0:8A:92:66: .
   MainThread:15:32:04.364 scanner.py                                117 DEBUG    | Received 49:13:A0:8A:92:66: .
   MainThread:15:32:04.365 scanner.py                                117 DEBUG    | Received 7B:C1:8E:38:B1:AC: .
   MainThread:15:32:04.367 scanner.py                                117 DEBUG    | Received 7C:59:88:9E:7A:13: .
   MainThread:15:32:04.369 scanner.py                                117 DEBUG    | Received 7C:59:88:9E:7A:13: .
   MainThread:15:32:04.478 scanner.py                                117 DEBUG    | Received 7F:A5:5C:58:58:3C: .
   MainThread:15:32:04.480 scanner.py                                117 DEBUG    | Received 7F:A5:5C:58:58:3C: .
   MainThread:15:32:04.597 scanner.py                                117 DEBUG    | Received 13:52:77:82:ED:25: .
   MainThread:15:32:04.600 scanner.py                                117 DEBUG    | Received 0F:20:0B:B0:53:41: .
   MainThread:15:32:04.611 scanner.py                                117 DEBUG    | Received 54:D6:68:2B:1D:DA: Jabra Evolve2 65.
   MainThread:15:32:04.718 scanner.py                                117 DEBUG    | Received FC:73:0E:13:87:8F: .
   MainThread:15:32:04.723 scanner.py                                117 DEBUG    | Received FC:73:0E:13:87:8F: .
   MainThread:15:32:04.727 scanner.py                                117 DEBUG    | Received 72:90:79:86:59:BD: .
   MainThread:15:32:04.730 scanner.py                                117 DEBUG    | Received 72:90:79:86:59:BD: JBL Tune Flex 2-LE.
   MainThread:15:32:04.733 scanner.py                                117 DEBUG    | Received 7C:1E:A7:2B:52:70: .
   MainThread:15:32:04.837 scanner.py                                117 DEBUG    | Received 6D:CC:78:78:5B:C7: .
   MainThread:15:32:04.839 scanner.py                                117 DEBUG    | Received 6D:CC:78:78:5B:C7: .
   MainThread:15:32:04.878 scanner.py                                117 DEBUG    | Received 20:B3:48:31:53:FB: .
   MainThread:15:32:04.947 scanner.py                                117 DEBUG    | Received DB:3B:46:FE:CB:23: .
   MainThread:15:32:04.957 scanner.py                                117 DEBUG    | Received 7A:B4:C4:CA:8B:B9: .
   MainThread:15:32:04.964 scanner.py                                117 DEBUG    | Received 7E:60:6A:96:37:0B: .
   MainThread:15:32:04.968 scanner.py                                117 DEBUG    | Received 7E:60:6A:96:37:0B: .
   MainThread:15:32:04.971 scanner.py                                117 DEBUG    | Received 6D:59:CF:B0:4D:2B: .
   MainThread:15:32:04.972 scanner.py                                117 DEBUG    | Received 6D:59:CF:B0:4D:2B: .
   MainThread:15:32:04.974 scanner.py                                117 DEBUG    | Received 3D:9C:16:06:EF:06: .
   MainThread:15:32:05.081 scanner.py                                117 DEBUG    | Received 7C:C3:84:38:18:49: .
   MainThread:15:32:05.181 scanner.py                                117 DEBUG    | Received 20:B3:48:31:53:FB: .
   MainThread:15:32:05.188 scanner.py                                117 DEBUG    | Received 49:13:A0:8A:92:66: .
   MainThread:15:32:05.190 scanner.py                                117 DEBUG    | Received 49:13:A0:8A:92:66: .
   MainThread:15:32:05.308 scanner.py                                117 DEBUG    | Received 7F:A5:5C:58:58:3C: .
   MainThread:15:32:05.309 scanner.py                                117 DEBUG    | Received 7F:A5:5C:58:58:3C: .
   MainThread:15:32:05.313 scanner.py                                117 DEBUG    | Received 7C:59:88:9E:7A:13: .
   MainThread:15:32:05.314 scanner.py                                117 DEBUG    | Received 7C:59:88:9E:7A:13: .
   MainThread:15:32:05.315 scanner.py                                117 DEBUG    | Received 62:2A:83:44:56:E9: .
   MainThread:15:32:05.316 scanner.py                                117 DEBUG    | Received 62:2A:83:44:56:E9: .
   MainThread:15:32:05.327 scanner.py                                117 DEBUG    | Received 7A:B4:C4:CA:8B:B9: .
   MainThread:15:32:05.328 scanner.py                                117 DEBUG    | Received 7A:B4:C4:CA:8B:B9: .
   MainThread:15:32:05.417 scanner.py                                117 DEBUG    | Received DB:3B:46:FE:CB:23: .
   MainThread:15:32:05.425 scanner.py                                117 DEBUG    | Received CF:74:2B:4C:C0:EA: .
   MainThread:15:32:05.426 scanner.py                                117 DEBUG    | Received CF:74:2B:4C:C0:EA: .
   MainThread:15:32:05.578 scanner.py                                117 DEBUG    | Received DB:3B:46:FE:CB:23: .
   MainThread:15:32:05.656 scanner.py                                117 DEBUG    | Received 7C:1E:A7:2B:52:70: .
   MainThread:15:32:05.659 scanner.py                                117 DEBUG    | Received 72:90:79:86:59:BD: .
   MainThread:15:32:05.661 scanner.py                                117 DEBUG    | Received 72:90:79:86:59:BD: JBL Tune Flex 2-LE.
   MainThread:15:32:05.663 scanner.py                                117 DEBUG    | Received 7B:C1:8E:38:B1:AC: .
   MainThread:15:32:05.664 scanner.py                                117 DEBUG    | Received 6D:CC:78:78:5B:C7: .
   MainThread:15:32:05.665 scanner.py                                117 DEBUG    | Received 6D:CC:78:78:5B:C7: .
   MainThread:15:32:05.678 scanner.py                                117 DEBUG    | Received 76:C7:BF:5C:0B:86: .
   MainThread:15:32:05.679 scanner.py                                117 DEBUG    | Received 76:C7:BF:5C:0B:86: .
   MainThread:15:32:05.790 scanner.py                                117 DEBUG    | Received 7E:60:6A:96:37:0B: .
   MainThread:15:32:05.792 scanner.py                                117 DEBUG    | Received 7E:60:6A:96:37:0B: .
   MainThread:15:32:05.795 scanner.py                                117 DEBUG    | Received DC:23:4D:86:DA:B5: .
   MainThread:15:32:05.797 scanner.py                                117 DEBUG    | Received DC:23:4D:86:DA:B5: .
   MainThread:15:32:05.800 scanner.py                                117 DEBUG    | Received 6D:59:CF:B0:4D:2B: .
   MainThread:15:32:05.801 scanner.py                                117 DEBUG    | Received 6D:59:CF:B0:4D:2B: .
   MainThread:15:32:05.893 scanner.py                                117 DEBUG    | Received 7A:B4:C4:CA:8B:B9: .
   MainThread:15:32:05.894 scanner.py                                117 DEBUG    | Received 7A:B4:C4:CA:8B:B9: .
   MainThread:15:32:05.905 scanner.py                                117 DEBUG    | Received 60:38:D4:FB:82:B4: .
   MainThread:15:32:05.910 scanner.py                                117 DEBUG    | Received 60:38:D4:FB:82:B4: .
   MainThread:15:32:06.009 scanner.py                                117 DEBUG    | Received 20:B3:48:31:53:FB: .
   MainThread:15:32:06.022 scanner.py                                117 DEBUG    | Received 3D:9C:16:06:EF:06: .
   MainThread:15:32:06.026 scanner.py                                117 DEBUG    | Received 54:D6:68:2B:1D:DA: Jabra Evolve2 65.
   MainThread:15:32:06.027 scanner.py                                117 DEBUG    | Received 54:D6:68:2B:1D:DA: .
   MainThread:15:32:06.153 scanner.py                                117 DEBUG    | Received DC:23:4D:86:DA:B5: .
   MainThread:15:32:06.154 scanner.py                                117 DEBUG    | Received DC:23:4D:86:DA:B5: .
   MainThread:15:32:06.157 scanner.py                                117 DEBUG    | Received 72:90:79:86:59:BD: .
   MainThread:15:32:06.158 scanner.py                                117 DEBUG    | Received 72:90:79:86:59:BD: JBL Tune Flex 2-LE.
   MainThread:15:32:06.246 scanner.py                                117 DEBUG    | Received 62:2A:83:44:56:E9: .
   MainThread:15:32:06.248 scanner.py                                117 DEBUG    | Received 62:2A:83:44:56:E9: .
   MainThread:15:32:06.366 scanner.py                                117 DEBUG    | Received 72:90:79:86:59:BD: .
   MainThread:15:32:06.367 scanner.py                                117 DEBUG    | Received 72:90:79:86:59:BD: JBL Tune Flex 2-LE.
   MainThread:15:32:06.374 scanner.py                                117 DEBUG    | Received 0F:20:0B:B0:53:41: .
   MainThread:15:32:06.377 scanner.py                                117 DEBUG    | Received DB:3B:46:FE:CB:23: .
   MainThread:15:32:06.381 scanner.py                                117 DEBUG    | Received 7C:C3:84:38:18:49: .
   MainThread:15:32:06.486 scanner.py                                117 DEBUG    | Received 6D:CC:78:78:5B:C7: .
   MainThread:15:32:06.488 scanner.py                                117 DEBUG    | Received 6D:CC:78:78:5B:C7: .
   MainThread:15:32:06.492 scanner.py                                117 DEBUG    | Received 54:D6:68:2B:1D:DA: Jabra Evolve2 65.
   MainThread:15:32:06.493 scanner.py                                117 DEBUG    | Received 54:D6:68:2B:1D:DA: .
   MainThread:15:32:06.496 scanner.py                                117 DEBUG    | Received DC:23:4D:86:DA:B5: .
   MainThread:15:32:06.500 scanner.py                                117 DEBUG    | Received CF:4B:09:8A:13:82: .
   MainThread:15:32:06.602 scanner.py                                117 DEBUG    | Received 7C:59:88:9E:7A:13: .
   MainThread:15:32:06.605 scanner.py                                117 DEBUG    | Received 7C:59:88:9E:7A:13: .
   MainThread:15:32:06.607 scanner.py                                117 DEBUG    | Received 7E:60:6A:96:37:0B: .
   MainThread:15:32:06.608 scanner.py                                117 DEBUG    | Received 7E:60:6A:96:37:0B: .
   MainThread:15:32:06.609 scanner.py                                117 DEBUG    | Received FE:5D:58:42:68:D4: .
   MainThread:15:32:06.610 scanner.py                                117 DEBUG    | Received FE:5D:58:42:68:D4: .
   MainThread:15:32:06.615 scanner.py                                117 DEBUG    | Received 6D:59:CF:B0:4D:2B: .
   MainThread:15:32:06.616 scanner.py                                117 DEBUG    | Received 6D:59:CF:B0:4D:2B: .
   MainThread:15:32:06.619 scanner.py                                117 DEBUG    | Received 73:8A:48:B2:2E:6B: .
   MainThread:15:32:06.620 scanner.py                                117 DEBUG    | Received 73:8A:48:B2:2E:6B: .
   MainThread:15:32:06.621 scanner.py                                117 DEBUG    | Received 8C:71:12:52:1D:DB: QT 12521DDB.
   MainThread:15:32:06.725 scanner.py                                117 DEBUG    | Received 60:38:D4:FB:82:B4: .
   MainThread:15:32:06.726 scanner.py                                117 DEBUG    | Received 60:38:D4:FB:82:B4: .
   MainThread:15:32:06.847 scanner.py                                117 DEBUG    | Received F9:57:92:8B:F4:39: .
   MainThread:15:32:06.850 scanner.py                                117 DEBUG    | Received F9:57:92:8B:F4:39: .
   MainThread:15:32:06.859 scanner.py                                117 DEBUG    | Received 4A:3C:2A:2F:7B:85: .
   MainThread:15:32:06.861 scanner.py                                117 DEBUG    | Received 4A:3C:2A:2F:7B:85: .
   MainThread:15:32:06.862 scanner.py                                117 DEBUG    | Received 72:90:79:86:59:BD: .
   MainThread:15:32:06.864 scanner.py                                117 DEBUG    | Received 72:90:79:86:59:BD: JBL Tune Flex 2-LE.
   MainThread:15:32:06.865 scanner.py                                117 DEBUG    | Received DB:3B:46:FE:CB:23: .
   MainThread:15:32:06.953 scanner.py                                117 DEBUG    | Received 7B:C1:8E:38:B1:AC: .
   MainThread:15:32:06.958 scanner.py                                117 DEBUG    | Received 3D:9C:16:06:EF:06: .
   MainThread:15:32:06.967 scanner.py                                117 DEBUG    | Received 7C:59:88:9E:7A:13: .
   MainThread:15:32:06.968 scanner.py                                117 DEBUG    | Received 7C:59:88:9E:7A:13: .
   MainThread:15:32:06.971 scanner.py                                117 DEBUG    | Received 7C:1E:A7:2B:52:70: .
   MainThread:15:32:06.972 scanner.py                                117 DEBUG    | Received 54:D6:68:2B:1D:DA: Jabra Evolve2 65.
   MainThread:15:32:06.975 scanner.py                                117 DEBUG    | Received 72:90:79:86:59:BD: .
   MainThread:15:32:06.976 scanner.py                                117 DEBUG    | Received 72:90:79:86:59:BD: JBL Tune Flex 2-LE.
   MainThread:15:32:07.089 scanner.py                                117 DEBUG    | Received CC:8D:1F:D9:70:FB: .
   MainThread:15:32:07.090 scanner.py                                117 DEBUG    | Received CC:8D:1F:D9:70:FB: .
   MainThread:15:32:07.191 scanner.py                                117 DEBUG    | Received 62:2A:83:44:56:E9: .
   MainThread:15:32:07.192 scanner.py                                117 DEBUG    | Received 62:2A:83:44:56:E9: .
   MainThread:15:32:07.193 scanner.py                                117 DEBUG    | Received E6:BA:68:E2:CB:1B: .
   MainThread:15:32:07.201 scanner.py                                117 DEBUG    | Received 7A:B4:C4:CA:8B:B9: .
   MainThread:15:32:07.203 scanner.py                                117 DEBUG    | Received 7A:B4:C4:CA:8B:B9: .
   MainThread:15:32:07.313 scanner.py                                117 DEBUG    | Received 6D:CC:78:78:5B:C7: .
   MainThread:15:32:07.314 scanner.py                                117 DEBUG    | Received 6D:CC:78:78:5B:C7: .
   MainThread:15:32:07.320 scanner.py                                117 DEBUG    | Received 0F:20:0B:B0:53:41: .
   MainThread:15:32:07.325 scanner.py                                117 DEBUG    | Received CC:8D:1F:D9:70:FB: .
   MainThread:15:32:07.429 scanner.py                                117 DEBUG    | Received 0F:20:0B:B0:53:41: .
   MainThread:15:32:07.435 scanner.py                                117 DEBUG    | Received 6D:59:CF:B0:4D:2B: .
   MainThread:15:32:07.436 scanner.py                                117 DEBUG    | Received 6D:59:CF:B0:4D:2B: .
   MainThread:15:32:07.557 scanner.py                                117 DEBUG    | Received 60:38:D4:FB:82:B4: .
   MainThread:15:32:07.558 scanner.py                                117 DEBUG    | Received 60:38:D4:FB:82:B4: .
   MainThread:15:32:07.559 scanner.py                                117 DEBUG    | Received 28:AF:42:27:F0:5B: .
   MainThread:15:32:07.560 scanner.py                                117 DEBUG    | Received 28:AF:42:27:F0:5B: 75" Crystal UHD.
   MainThread:15:32:07.695 scanner.py                                117 DEBUG    | Received 7E:60:6A:96:37:0B: .
   MainThread:15:32:07.696 scanner.py                                117 DEBUG    | Received 7E:60:6A:96:37:0B: .
   MainThread:15:32:07.791 scanner.py                                117 DEBUG    | Received 3D:9C:16:06:EF:06: .
   MainThread:15:32:07.799 scanner.py                                117 DEBUG    | Received 72:90:79:86:59:BD: .
   MainThread:15:32:07.802 scanner.py                                117 DEBUG    | Received 72:90:79:86:59:BD: JBL Tune Flex 2-LE.
   MainThread:15:32:08.033 scanner.py                                117 DEBUG    | Received 13:52:77:82:ED:25: .
   MainThread:15:32:08.035 scanner.py                                117 DEBUG    | Received 13:52:77:82:ED:25: .
   MainThread:15:32:08.136 scanner.py                                117 DEBUG    | Received 62:2A:83:44:56:E9: .
   MainThread:15:32:08.144 scanner.py                                117 DEBUG    | Received 6D:CC:78:78:5B:C7: .
   MainThread:15:32:08.145 scanner.py                                117 DEBUG    | Received 6D:CC:78:78:5B:C7: .
   MainThread:15:32:08.146 scanner.py                                117 DEBUG    | Received DC:23:4D:86:DA:B5: .
   MainThread:15:32:08.154 scanner.py                                117 DEBUG    | Received 76:C7:BF:5C:0B:86: .
   MainThread:15:32:08.156 scanner.py                                117 DEBUG    | Received 76:C7:BF:5C:0B:86: .
   MainThread:15:32:08.260 scanner.py                                117 DEBUG    | Received 7B:C1:8E:38:B1:AC: .
   MainThread:15:32:08.264 scanner.py                                117 DEBUG    | Received 6D:59:CF:B0:4D:2B: .
   MainThread:15:32:08.266 scanner.py                                117 DEBUG    | Received 6D:59:CF:B0:4D:2B: .
   MainThread:15:32:08.271 scanner.py                                117 DEBUG    | Received 0F:20:0B:B0:53:41: .
   MainThread:15:32:08.273 scanner.py                                117 DEBUG    | Received 7C:59:88:9E:7A:13: .
   MainThread:15:32:08.275 scanner.py                                117 DEBUG    | Received 7C:59:88:9E:7A:13: .
   MainThread:15:32:08.278 scanner.py                                117 DEBUG    | Received 73:8A:48:B2:2E:6B: .
   MainThread:15:32:08.279 scanner.py                                117 DEBUG    | Received 73:8A:48:B2:2E:6B: .
   MainThread:15:32:08.369 scanner.py                                117 DEBUG    | Received 0F:20:0B:B0:53:41: .
   MainThread:15:32:08.378 scanner.py                                117 DEBUG    | Received 60:38:D4:FB:82:B4: .
   MainThread:15:32:08.379 scanner.py                                117 DEBUG    | Received 60:38:D4:FB:82:B4: .
   MainThread:15:32:08.492 scanner.py                                117 DEBUG    | Received 94:EC:32:1D:95:29: BG.
   MainThread:15:32:08.494 scanner.py                                117 DEBUG    | Received 94:EC:32:1D:95:29: .
   MainThread:15:32:08.500 scanner.py                                117 DEBUG    | Received 4A:3C:2A:2F:7B:85: .
   MainThread:15:32:08.502 scanner.py                                117 DEBUG    | Received 4A:3C:2A:2F:7B:85: .
   MainThread:15:32:08.504 scanner.py                                117 DEBUG    | Received 72:90:79:86:59:BD: .
   MainThread:15:32:08.507 scanner.py                                117 DEBUG    | Received 72:90:79:86:59:BD: JBL Tune Flex 2-LE.
   MainThread:15:32:08.509 scanner.py                                117 DEBUG    | Received 7A:B4:C4:CA:8B:B9: .
   MainThread:15:32:08.511 scanner.py                                117 DEBUG    | Received 7A:B4:C4:CA:8B:B9: .
   MainThread:15:32:08.513 scanner.py                                117 DEBUG    | Received CF:4B:09:8A:13:82: .
   MainThread:15:32:08.606 scanner.py                                117 DEBUG    | Received FE:5D:58:42:68:D4: .
   MainThread:15:32:08.608 scanner.py                                117 DEBUG    | Received FE:5D:58:42:68:D4: .
   MainThread:15:32:08.610 scanner.py                                117 DEBUG    | Received 7C:C3:84:38:18:49: .
   MainThread:15:32:08.617 scanner.py                                117 DEBUG    | Received 72:90:79:86:59:BD: .
   MainThread:15:32:08.618 scanner.py                                117 DEBUG    | Received 72:90:79:86:59:BD: JBL Tune Flex 2-LE.
   MainThread:15:32:08.623 scanner.py                                117 DEBUG    | Received 3D:9C:16:06:EF:06: .
   MainThread:15:32:08.630 scanner.py                                117 DEBUG    | Received 7B:C1:8E:38:B1:AC: .
   MainThread:15:32:08.727 scanner.py                                117 DEBUG    | Received FC:73:0E:13:87:8F: .
   MainThread:15:32:08.727 scanner.py                                117 DEBUG    | Received FC:73:0E:13:87:8F: .
   MainThread:15:32:08.728 scanner.py                                117 DEBUG    | Received 3D:9C:16:06:EF:06: .
   MainThread:15:32:08.737 scanner.py                                117 DEBUG    | Received DB:5A:E1:F7:4F:08: .
   MainThread:15:32:08.844 scanner.py                                117 DEBUG    | Received DC:23:4D:86:DA:B5: .
   MainThread:15:32:08.845 scanner.py                                117 DEBUG    | Received DC:23:4D:86:DA:B5: .
   MainThread:15:32:08.860 scanner.py                                117 DEBUG    | Received F9:57:92:8B:F4:39: .
   MainThread:15:32:08.861 scanner.py                                117 DEBUG    | Received F9:57:92:8B:F4:39: .
   MainThread:15:32:08.961 scanner.py                                117 DEBUG    | Received CF:74:2B:4C:C0:EA: .
   MainThread:15:32:08.962 scanner.py                                117 DEBUG    | Received CF:74:2B:4C:C0:EA: .
   MainThread:15:32:08.977 scanner.py                                117 DEBUG    | Received 76:C7:BF:5C:0B:86: .
   MainThread:15:32:09.081 scanner.py                                117 DEBUG    | Received 28:AF:42:27:F0:5B: .
   MainThread:15:32:09.084 scanner.py                                117 DEBUG    | Received 28:AF:42:27:F0:5B: 75" Crystal UHD.
   MainThread:15:32:09.085 scanner.py                                117 DEBUG    | Received DB:3B:46:FE:CB:23: .
   MainThread:15:32:09.089 scanner.py                                117 DEBUG    | Received 00:A4:1C:FD:C6:D8: .
   MainThread:15:32:09.092 scanner.py                                117 DEBUG    | Received 00:A4:1C:FD:C6:D8: WH-CH720N.
   MainThread:15:32:09.095 scanner.py                                117 DEBUG    | Received 73:8A:48:B2:2E:6B: .
   MainThread:15:32:09.097 scanner.py                                117 DEBUG    | Received 73:8A:48:B2:2E:6B: .
   MainThread:15:32:09.199 scanner.py                                117 DEBUG    | Received 7C:1E:A7:2B:52:70: .
   MainThread:15:32:09.206 scanner.py                                117 DEBUG    | Received 7C:59:88:9E:7A:13: .
   MainThread:15:32:09.207 scanner.py                                117 DEBUG    | Received 7C:59:88:9E:7A:13: .
   MainThread:15:32:09.208 scanner.py                                117 DEBUG    | Received 09:7A:49:80:2D:0E: .
   MainThread:15:32:09.216 scanner.py                                117 DEBUG    | Received 0F:20:0B:B0:53:41: .
   MainThread:15:32:09.348 scanner.py                                117 DEBUG    | Received 7E:60:6A:96:37:0B: .
   MainThread:15:32:09.349 scanner.py                                117 DEBUG    | Received 7E:60:6A:96:37:0B: .
   MainThread:15:32:09.351 scanner.py                                117 DEBUG    | Received 6D:59:CF:B0:4D:2B: .
   MainThread:15:32:09.351 scanner.py                                117 DEBUG    | Received 6D:59:CF:B0:4D:2B: .
   MainThread:15:32:09.354 scanner.py                                117 DEBUG    | Received 3D:9C:16:06:EF:06: .
   MainThread:15:32:09.360 scanner.py                                117 DEBUG    | Received 20:B3:48:31:53:FB: .
   MainThread:15:32:09.363 scanner.py                                117 DEBUG    | Received 7C:C3:84:38:18:49: .
   MainThread:15:32:09.366 scanner.py                                117 DEBUG    | Received 7B:C1:8E:38:B1:AC: .
   MainThread:15:32:09.451 scanner.py                                117 DEBUG    | Received 7F:A5:5C:58:58:3C: .
   MainThread:15:32:09.452 scanner.py                                117 DEBUG    | Received 7F:A5:5C:58:58:3C: .
   MainThread:15:32:09.453 scanner.py                                117 DEBUG    | Received 72:90:79:86:59:BD: .
   MainThread:15:32:09.454 scanner.py                                117 DEBUG    | Received 72:90:79:86:59:BD: JBL Tune Flex 2-LE.
   MainThread:15:32:09.554 scanner.py                                117 DEBUG    | Received 7B:C1:8E:38:B1:AC: .
   MainThread:15:32:09.564 scanner.py                                117 DEBUG    | Received DC:23:4D:86:DA:BD: .
   MainThread:15:32:09.567 scanner.py                                117 DEBUG    | Received 20:B3:48:31:53:FB: .
   MainThread:15:32:09.577 scanner.py                                117 DEBUG    | Received 28:AF:42:27:F0:5B: .
   MainThread:15:32:09.579 scanner.py                                117 DEBUG    | Received 28:AF:42:27:F0:5B: 75" Crystal UHD.
   MainThread:15:32:09.672 scanner.py                                117 DEBUG    | Received 3D:9C:16:06:EF:06: .
   MainThread:15:32:09.675 scanner.py                                117 DEBUG    | Received 72:90:79:86:59:BD: .
   MainThread:15:32:09.676 scanner.py                                117 DEBUG    | Received 72:90:79:86:59:BD: JBL Tune Flex 2-LE.
   MainThread:15:32:09.681 scanner.py                                117 DEBUG    | Received DC:23:4D:86:DA:B5: .
   MainThread:15:32:09.684 scanner.py                                117 DEBUG    | Received DC:23:4D:86:DA:B5: .
   MainThread:15:32:09.792 scanner.py                                117 DEBUG    | Received 72:90:79:86:59:BD: .
   MainThread:15:32:09.793 scanner.py                                117 DEBUG    | Received 72:90:79:86:59:BD: JBL Tune Flex 2-LE.
   MainThread:15:32:09.918 scanner.py                                117 DEBUG    | Received 7C:C3:84:38:18:49: .
   MainThread:15:32:09.924 scanner.py                                117 DEBUG    | Received 73:8A:48:B2:2E:6B: .
   MainThread:15:32:09.927 scanner.py                                117 DEBUG    | Received 73:8A:48:B2:2E:6B: .
   MainThread:15:32:10.154 scanner.py                                117 DEBUG    | Received 94:EC:32:1D:95:29: BG.
   MainThread:15:32:10.157 scanner.py                                117 DEBUG    | Received 94:EC:32:1D:95:29: .
   MainThread:15:32:10.159 scanner.py                                117 DEBUG    | Received 7C:59:88:9E:7A:13: .
   MainThread:15:32:10.160 scanner.py                                117 DEBUG    | Received 7C:59:88:9E:7A:13: .
   MainThread:15:32:10.161 scanner.py                                117 DEBUG    | Received CC:8D:1F:D9:70:FB: .
   MainThread:15:32:10.164 scanner.py                                117 DEBUG    | Received CC:8D:1F:D9:70:FB: .
   MainThread:15:32:10.166 scanner.py                                117 DEBUG    | Received 4A:3C:2A:2F:7B:85: .
   MainThread:15:32:10.168 scanner.py                                117 DEBUG    | Received 4A:3C:2A:2F:7B:85: .
   MainThread:15:32:10.171 scanner.py                                117 DEBUG    | Received 49:13:A0:8A:92:66: .
   MainThread:15:32:10.173 scanner.py                                117 DEBUG    | Received 49:13:A0:8A:92:66: .
   MainThread:15:32:10.175 scanner.py                                117 DEBUG    | Received 72:90:79:86:59:BD: .
   MainThread:15:32:10.177 scanner.py                                117 DEBUG    | Received 72:90:79:86:59:BD: JBL Tune Flex 2-LE.
   MainThread:15:32:10.270 scanner.py                                117 DEBUG    | Received 7F:A5:5C:58:58:3C: .
   MainThread:15:32:10.271 scanner.py                                117 DEBUG    | Received 7F:A5:5C:58:58:3C: .
   MainThread:15:32:10.280 scanner.py                                117 DEBUG    | Received 54:D6:68:2B:1D:DA: Jabra Evolve2 65.
   MainThread:15:32:10.281 scanner.py                                117 DEBUG    | Received 54:D6:68:2B:1D:DA: .
   MainThread:15:32:10.394 scanner.py                                117 DEBUG    | Received 5E:49:DB:1A:B5:5E: .
   MainThread:15:32:10.399 scanner.py                                117 DEBUG    | Received 5E:49:DB:1A:B5:5E: .
   MainThread:15:32:10.403 scanner.py                                117 DEBUG    | Received DC:23:4D:86:DA:BD: .
   MainThread:15:32:10.405 scanner.py                                117 DEBUG    | Received DC:23:4D:86:DA:BD: .
   MainThread:15:32:10.406 scanner.py                                117 DEBUG    | Received 3D:9C:16:06:EF:06: .
   MainThread:15:32:10.500 scanner.py                                117 DEBUG    | Received 7C:1E:A7:2B:52:70: .
   MainThread:15:32:10.503 scanner.py                                117 DEBUG    | Received 3D:9C:16:06:EF:06: .
   MainThread:15:32:10.509 scanner.py                                117 DEBUG    | Received CF:4B:09:8A:13:82: .
   MainThread:15:32:10.738 scanner.py                                117 DEBUG    | Received DC:23:4D:86:DA:BD: .
   MainThread:15:32:10.741 scanner.py                                117 DEBUG    | Received DC:23:4D:86:DA:BD: .
   MainThread:15:32:10.750 scanner.py                                117 DEBUG    | Received 73:8A:48:B2:2E:6B: .
   MainThread:15:32:10.755 scanner.py                                117 DEBUG    | Received 73:8A:48:B2:2E:6B: .
   MainThread:15:32:10.759 scanner.py                                117 DEBUG    | Received 7A:B4:C4:CA:8B:B9: .
   MainThread:15:32:10.761 scanner.py                                117 DEBUG    | Received 7A:B4:C4:CA:8B:B9: .
   MainThread:15:32:10.762 scanner.py                                117 DEBUG    | Received 62:2A:83:44:56:E9: .
   MainThread:15:32:10.763 scanner.py                                117 DEBUG    | Received 62:2A:83:44:56:E9: .
   MainThread:15:32:10.764 scanner.py                                117 DEBUG    | Received 54:D6:68:2B:1D:DA: Jabra Evolve2 65.
   MainThread:15:32:10.765 scanner.py                                117 DEBUG    | Received 54:D6:68:2B:1D:DA: .
   MainThread:15:32:10.868 scanner.py                                117 DEBUG    | Received 7B:C1:8E:38:B1:AC: .
   MainThread:15:32:10.874 scanner.py                                117 DEBUG    | Received 7C:C3:84:38:18:49: .
   MainThread:15:32:10.981 scanner.py                                117 DEBUG    | Received 72:90:79:86:59:BD: .
   MainThread:15:32:10.989 scanner.py                                117 DEBUG    | Received 72:90:79:86:59:BD: JBL Tune Flex 2-LE.
   MainThread:15:32:10.994 scanner.py                                117 DEBUG    | Received 4A:3C:2A:2F:7B:85: .
   MainThread:15:32:10.996 scanner.py                                117 DEBUG    | Received 4A:3C:2A:2F:7B:85: .
   MainThread:15:32:10.999 scanner.py                                117 DEBUG    | Received CF:74:2B:4C:C0:EA: .
   MainThread:15:32:11.001 scanner.py                                117 DEBUG    | Received CF:74:2B:4C:C0:EA: .
   MainThread:15:32:11.092 scanner.py                                117 DEBUG    | Received 28:AF:42:27:F0:5B: .
   MainThread:15:32:11.094 scanner.py                                117 DEBUG    | Received 28:AF:42:27:F0:5B: 75" Crystal UHD.
   MainThread:15:32:11.096 scanner.py                                117 DEBUG    | Received 72:90:79:86:59:BD: .
   MainThread:15:32:11.098 scanner.py                                117 DEBUG    | Received 72:90:79:86:59:BD: JBL Tune Flex 2-LE.
   MainThread:15:32:11.099 scanner.py                                117 DEBUG    | Received 60:38:D4:FB:82:B4: .
   MainThread:15:32:11.100 scanner.py                                117 DEBUG    | Received 60:38:D4:FB:82:B4: .
   MainThread:15:32:11.108 scanner.py                                117 DEBUG    | Received 76:C7:BF:5C:0B:86: .
   MainThread:15:32:11.110 scanner.py                                117 DEBUG    | Received 76:C7:BF:5C:0B:86: .
   MainThread:15:32:11.112 scanner.py                                117 DEBUG    | Received 0F:20:0B:B0:53:41: .
   MainThread:15:32:11.217 scanner.py                                117 DEBUG    | Received 0F:20:0B:B0:53:41: .
   MainThread:15:32:11.225 scanner.py                                117 DEBUG    | Received 54:D6:68:2B:1D:DA: Jabra Evolve2 65.
   MainThread:15:32:11.227 scanner.py                                117 DEBUG    | Received 54:D6:68:2B:1D:DA: .
   MainThread:15:32:11.326 scanner.py                                117 DEBUG    | Received DC:23:4D:86:DA:BD: .
   MainThread:15:32:11.449 scanner.py                                117 DEBUG    | Received 7C:59:88:9E:7A:13: .
   MainThread:15:32:11.454 scanner.py                                117 DEBUG    | Received 7C:59:88:9E:7A:13: .
   MainThread:15:32:11.458 scanner.py                                117 DEBUG    | Received 6D:CC:78:78:5B:C7: .
   MainThread:15:32:11.460 scanner.py                                117 DEBUG    | Received 6D:CC:78:78:5B:C7: .
   MainThread:15:32:11.571 scanner.py                                117 DEBUG    | Received 73:8A:48:B2:2E:6B: .
   MainThread:15:32:11.574 scanner.py                                117 DEBUG    | Received 73:8A:48:B2:2E:6B: .
   MainThread:15:32:11.696 scanner.py                                117 DEBUG    | Received 54:D6:68:2B:1D:DA: Jabra Evolve2 65.
   MainThread:15:32:11.702 scanner.py                                117 DEBUG    | Received 54:D6:68:2B:1D:DA: .
   MainThread:15:32:11.704 scanner.py                                117 DEBUG    | Received 62:2A:83:44:56:E9: .
   MainThread:15:32:11.706 scanner.py                                117 DEBUG    | Received 62:2A:83:44:56:E9: .
   MainThread:15:32:11.798 scanner.py                                117 DEBUG    | Received 7C:1E:A7:2B:52:70: .
   MainThread:15:32:11.802 scanner.py                                117 DEBUG    | Received 4A:3C:2A:2F:7B:85: .
   MainThread:15:32:11.803 scanner.py                                117 DEBUG    | Received 4A:3C:2A:2F:7B:85: .
   MainThread:15:32:11.920 scanner.py                                117 DEBUG    | Received 72:90:79:86:59:BD: .
   MainThread:15:32:11.927 scanner.py                                117 DEBUG    | Received 72:90:79:86:59:BD: JBL Tune Flex 2-LE.
   MainThread:15:32:11.934 scanner.py                                117 DEBUG    | Received CC:8D:1F:D9:70:FB: .
   MainThread:15:32:11.936 scanner.py                                117 DEBUG    | Received CC:8D:1F:D9:70:FB: .
   MainThread:15:32:11.937 scanner.py                                117 DEBUG    | Received 7F:A5:5C:58:58:3C: .
   MainThread:15:32:11.938 scanner.py                                117 DEBUG    | Received 7F:A5:5C:58:58:3C: .
   MainThread:15:32:11.940 scanner.py                                117 DEBUG    | Received 76:C7:BF:5C:0B:86: .
   MainThread:15:32:11.940 scanner.py                                117 DEBUG    | Received 76:C7:BF:5C:0B:86: .
   MainThread:15:32:12.050 scanner.py                                117 DEBUG    | Received 7A:B4:C4:CA:8B:B9: .
   MainThread:15:32:12.056 scanner.py                                117 DEBUG    | Received 7A:B4:C4:CA:8B:B9: .
   MainThread:15:32:12.061 scanner.py                                117 DEBUG    | Received 0F:20:0B:B0:53:41: .
   MainThread:15:32:12.152 scanner.py                                117 DEBUG    | Received 7C:C3:84:38:18:49: .
   MainThread:15:32:12.156 scanner.py                                117 DEBUG    | Received 0F:20:0B:B0:53:41: .
   MainThread:15:32:12.167 scanner.py                                117 DEBUG    | Received 7B:C1:8E:38:B1:AC: .
   MainThread:15:32:12.280 scanner.py                                117 DEBUG    | Received 6D:CC:78:78:5B:C7: .
   MainThread:15:32:12.280 scanner.py                                117 DEBUG    | Received 6D:CC:78:78:5B:C7: .
   MainThread:15:32:12.283 scanner.py                                117 DEBUG    | Received 20:B3:48:31:53:FB: .
   MainThread:15:32:12.286 scanner.py                                117 DEBUG    | Received DC:23:4D:86:DA:B5: .
   MainThread:15:32:12.288 scanner.py                                117 DEBUG    | Received DC:23:4D:86:DA:B5: .
   MainThread:15:32:12.392 scanner.py                                117 DEBUG    | Received 6D:59:CF:B0:4D:2B: .
   MainThread:15:32:12.393 scanner.py                                117 DEBUG    | Received 6D:59:CF:B0:4D:2B: .
   MainThread:15:32:12.396 scanner.py                                117 DEBUG    | Received 73:8A:48:B2:2E:6B: .
   MainThread:15:32:12.398 scanner.py                                117 DEBUG    | Received 73:8A:48:B2:2E:6B: .
   MainThread:15:32:12.400 scanner.py                                117 DEBUG    | Received 3D:9C:16:06:EF:06: .
   MainThread:15:32:12.406 scanner.py                                117 DEBUG    | Received DB:3B:46:FE:CB:23: .
   MainThread:15:32:12.408 scanner.py                                117 DEBUG    | Received 72:90:79:86:59:BD: .
   MainThread:15:32:12.410 scanner.py                                117 DEBUG    | Received 72:90:79:86:59:BD: JBL Tune Flex 2-LE.
   MainThread:15:32:12.553 scanner.py                                117 DEBUG    | Received 6D:CC:78:78:5B:C7: .
   MainThread:15:32:12.558 scanner.py                                117 DEBUG    | Received 6D:CC:78:78:5B:C7: .
   MainThread:15:32:12.625 scanner.py                                117 DEBUG    | Received 72:90:79:86:59:BD: .
   MainThread:15:32:12.628 scanner.py                                117 DEBUG    | Received 72:90:79:86:59:BD: JBL Tune Flex 2-LE.
   MainThread:15:32:12.658 scanner.py                                117 DEBUG    | Received 7E:60:6A:96:37:0B: .
   MainThread:15:32:12.660 scanner.py                                117 DEBUG    | Received 7E:60:6A:96:37:0B: .
   MainThread:15:32:12.751 scanner.py                                117 DEBUG    | Received 7F:A5:5C:58:58:3C: .
   MainThread:15:32:12.756 scanner.py                                117 DEBUG    | Received 7F:A5:5C:58:58:3C: .
   MainThread:15:32:12.762 scanner.py                                117 DEBUG    | Received 76:C7:BF:5C:0B:86: .
   MainThread:15:32:12.765 scanner.py                                117 DEBUG    | Received 76:C7:BF:5C:0B:86: .
   MainThread:15:32:12.766 scanner.py                                117 DEBUG    | Received 60:38:D4:FB:82:B4: .
   MainThread:15:32:12.767 scanner.py                                117 DEBUG    | Received 60:38:D4:FB:82:B4: .
   MainThread:15:32:12.877 scanner.py                                117 DEBUG    | Received DB:3B:46:FE:CB:23: .
   MainThread:15:32:12.884 scanner.py                                117 DEBUG    | Received 13:52:77:82:ED:25: .
   MainThread:15:32:12.887 scanner.py                                117 DEBUG    | Received 13:52:77:82:ED:25: .
   MainThread:15:32:12.984 scanner.py                                117 DEBUG    | Received 7A:B4:C4:CA:8B:B9: .
   MainThread:15:32:12.985 scanner.py                                117 DEBUG    | Received 7A:B4:C4:CA:8B:B9: .
   MainThread:15:32:12.992 scanner.py                                117 DEBUG    | Received 0F:20:0B:B0:53:41: .
   MainThread:15:32:13.097 scanner.py                                117 DEBUG    | Received 28:AF:42:27:F0:5B: .
   MainThread:15:32:13.098 scanner.py                                117 DEBUG    | Received 28:AF:42:27:F0:5B: 75" Crystal UHD.
   MainThread:15:32:13.101 scanner.py                                117 DEBUG    | Received 0F:20:0B:B0:53:41: .
   MainThread:15:32:13.105 scanner.py                                117 DEBUG    | Received 7C:1E:A7:2B:52:70: .
   MainThread:15:32:13.115 scanner.py                                117 DEBUG    | Received 72:90:79:86:59:BD: .
   MainThread:15:32:13.117 scanner.py                                117 DEBUG    | Received 72:90:79:86:59:BD: JBL Tune Flex 2-LE.
   MainThread:15:32:13.216 scanner.py                                117 DEBUG    | Received 6D:59:CF:B0:4D:2B: .
   MainThread:15:32:13.217 scanner.py                                117 DEBUG    | Received 6D:59:CF:B0:4D:2B: .
   MainThread:15:32:13.251 scanner.py                                117 DEBUG    | Received C4:EF:E0:2E:63:25: .
   MainThread:15:32:13.255 scanner.py                                117 DEBUG    | Received 54:D6:68:2B:1D:DA: Jabra Evolve2 65.
   MainThread:15:32:13.257 scanner.py                                117 DEBUG    | Received 54:D6:68:2B:1D:DA: .
   MainThread:15:32:13.338 scanner.py                                117 DEBUG    | Received 20:B3:48:31:53:FB: .
   MainThread:15:32:13.340 scanner.py                                212 DEBUG    | 1 devices found. Watcher status: <BluetoothLEAdvertisementWatcherStatus.STOPPED: 3>.
   MainThread:15:32:13.340 client.py                                  86 WARNING  | Failed to find a device in 15 seconds. Retrying #3
   MainThread:15:32:13.342 bleak_wrapper.py                          121 INFO     | Scanning for GoPro [A-Z0-9]{4} bluetooth devices...
   MainThread:15:32:13.367 scanner.py                                117 DEBUG    | Received 6D:CC:78:78:5B:C7: .
   MainThread:15:32:13.368 scanner.py                                117 DEBUG    | Received 6D:CC:78:78:5B:C7: .
   MainThread:15:32:13.375 scanner.py                                117 DEBUG    | Received 62:2A:83:44:56:E9: .
   MainThread:15:32:13.376 scanner.py                                117 DEBUG    | Received 62:2A:83:44:56:E9: .
   MainThread:15:32:13.482 scanner.py                                117 DEBUG    | Received 73:8A:48:B2:2E:6B: .
   MainThread:15:32:13.483 scanner.py                                117 DEBUG    | Received 73:8A:48:B2:2E:6B: .
   MainThread:15:32:13.503 scanner.py                                117 DEBUG    | Received DB:3B:46:FE:CB:23: .
   MainThread:15:32:13.607 scanner.py                                117 DEBUG    | Received 28:AF:42:27:F0:5B: .
   MainThread:15:32:13.612 scanner.py                                117 DEBUG    | Received 72:90:79:86:59:BD: .
   MainThread:15:32:13.616 scanner.py                                117 DEBUG    | Received 72:90:79:86:59:BD: JBL Tune Flex 2-LE.
   MainThread:15:32:13.621 scanner.py                                117 DEBUG    | Received 28:AF:42:27:F0:5B: .
   MainThread:15:32:13.623 scanner.py                                117 DEBUG    | Received 28:AF:42:27:F0:5B: 75" Crystal UHD.
   MainThread:15:32:13.625 scanner.py                                117 DEBUG    | Received DC:23:4D:86:DA:BD: .
   MainThread:15:32:13.627 scanner.py                                117 DEBUG    | Received DC:23:4D:86:DA:BD: .
   MainThread:15:32:13.629 scanner.py                                117 DEBUG    | Received 0F:20:0B:B0:53:41: .
   MainThread:15:32:13.726 scanner.py                                117 DEBUG    | Received 0F:20:0B:B0:53:41: .
   MainThread:15:32:13.740 scanner.py                                117 DEBUG    | Received 13:52:77:82:ED:25: .
   MainThread:15:32:13.742 scanner.py                                117 DEBUG    | Received 13:52:77:82:ED:25: .
   MainThread:15:32:13.748 scanner.py                                117 DEBUG    | Received 62:2A:83:44:56:E9: .
   MainThread:15:32:13.749 scanner.py                                117 DEBUG    | Received 62:2A:83:44:56:E9: .
   MainThread:15:32:13.846 scanner.py                                117 DEBUG    | Received 7C:1E:A7:2B:52:70: .
   MainThread:15:32:13.847 scanner.py                                117 DEBUG    | Received 7B:C1:8E:38:B1:AC: .
   MainThread:15:32:13.852 scanner.py                                117 DEBUG    | Received 8C:71:12:52:1D:DB: QT 12521DDB.
   MainThread:15:32:13.858 scanner.py                                117 DEBUG    | Received 60:38:D4:FB:82:B4: .
   MainThread:15:32:13.859 scanner.py                                117 DEBUG    | Received 60:38:D4:FB:82:B4: .
   MainThread:15:32:13.956 scanner.py                                117 DEBUG    | Received 20:B3:48:31:53:FB: .
   MainThread:15:32:14.079 scanner.py                                117 DEBUG    | Received 3D:9C:16:06:EF:06: .
   MainThread:15:32:14.214 scanner.py                                117 DEBUG    | Received 7C:1E:A7:2B:52:70: .
   MainThread:15:32:14.224 scanner.py                                117 DEBUG    | Received 7B:C1:8E:38:B1:AC: .
   MainThread:15:32:14.316 scanner.py                                117 DEBUG    | Received 13:52:77:82:ED:25: .
   MainThread:15:32:14.317 scanner.py                                117 DEBUG    | Received 13:52:77:82:ED:25: .
   MainThread:15:32:14.326 scanner.py                                117 DEBUG    | Received 62:2A:83:44:56:E9: .
   MainThread:15:32:14.328 scanner.py                                117 DEBUG    | Received 62:2A:83:44:56:E9: .
   MainThread:15:32:14.333 scanner.py                                117 DEBUG    | Received DC:23:4D:86:DA:B5: .
   MainThread:15:32:14.334 scanner.py                                117 DEBUG    | Received DC:23:4D:86:DA:B5: .
   MainThread:15:32:14.436 scanner.py                                117 DEBUG    | Received 72:90:79:86:59:BD: .
   MainThread:15:32:14.468 scanner.py                                117 DEBUG    | Received 20:B3:48:31:53:FB: .
   MainThread:15:32:14.471 scanner.py                                117 DEBUG    | Received 6D:CC:78:78:5B:C7: .
   MainThread:15:32:14.472 scanner.py                                117 DEBUG    | Received 6D:CC:78:78:5B:C7: .
   MainThread:15:32:14.560 scanner.py                                117 DEBUG    | Received 0F:20:0B:B0:53:41: .
   MainThread:15:32:14.668 scanner.py                                117 DEBUG    | Received 54:D6:68:2B:1D:DA: Jabra Evolve2 65.
   MainThread:15:32:14.669 scanner.py                                117 DEBUG    | Received 54:D6:68:2B:1D:DA: .
   MainThread:15:32:14.672 scanner.py                                117 DEBUG    | Received 20:B3:48:31:53:FB: .
   MainThread:15:32:14.680 scanner.py                                117 DEBUG    | Received 76:C7:BF:5C:0B:86: .
   MainThread:15:32:14.681 scanner.py                                117 DEBUG    | Received 76:C7:BF:5C:0B:86: .
   MainThread:15:32:14.785 scanner.py                                117 DEBUG    | Received 7B:C1:8E:38:B1:AC: .
   MainThread:15:32:14.786 scanner.py                                117 DEBUG    | Received DC:23:4D:86:DA:BD: .
   MainThread:15:32:14.787 scanner.py                                117 DEBUG    | Received DC:23:4D:86:DA:BD: .
   MainThread:15:32:14.800 scanner.py                                117 DEBUG    | Received EF:CD:00:F6:D4:30: .
   MainThread:15:32:14.801 scanner.py                                117 DEBUG    | Received 3D:9C:16:06:EF:06: .
   MainThread:15:32:14.902 scanner.py                                117 DEBUG    | Received F9:57:92:8B:F4:39: .
   MainThread:15:32:14.902 scanner.py                                117 DEBUG    | Received F9:57:92:8B:F4:39: .
   MainThread:15:32:14.903 scanner.py                                117 DEBUG    | Received 3D:9C:16:06:EF:06: .
   MainThread:15:32:14.909 scanner.py                                117 DEBUG    | Received 7C:59:88:9E:7A:13: .
   MainThread:15:32:14.912 scanner.py                                117 DEBUG    | Received 7C:59:88:9E:7A:13: .
   MainThread:15:32:15.032 scanner.py                                117 DEBUG    | Received CF:74:2B:4C:C0:EA: .
   MainThread:15:32:15.032 scanner.py                                117 DEBUG    | Received CF:74:2B:4C:C0:EA: .
   MainThread:15:32:15.034 scanner.py                                117 DEBUG    | Received 6D:CC:78:78:5B:C7: .
   MainThread:15:32:15.036 scanner.py                                117 DEBUG    | Received 6D:CC:78:78:5B:C7: .
   MainThread:15:32:15.137 scanner.py                                117 DEBUG    | Received 73:8A:48:B2:2E:6B: .
   MainThread:15:32:15.138 scanner.py                                117 DEBUG    | Received 73:8A:48:B2:2E:6B: .
   MainThread:15:32:15.139 scanner.py                                117 DEBUG    | Received 54:D6:68:2B:1D:DA: Jabra Evolve2 65.
   MainThread:15:32:15.146 scanner.py                                117 DEBUG    | Received 7C:C3:84:38:18:49: .
   MainThread:15:32:15.154 scanner.py                                117 DEBUG    | Received DC:23:4D:86:DA:B5: .
   MainThread:15:32:15.161 scanner.py                                117 DEBUG    | Received 13:52:77:82:ED:25: .
   MainThread:15:32:15.163 scanner.py                                117 DEBUG    | Received 13:52:77:82:ED:25: .
   MainThread:15:32:15.254 scanner.py                                117 DEBUG    | Received 8C:71:12:52:1D:DB: QT 12521DDB.
   MainThread:15:32:15.267 scanner.py                                117 DEBUG    | Received 72:90:79:86:59:BD: .
   MainThread:15:32:15.269 scanner.py                                117 DEBUG    | Received 72:90:79:86:59:BD: JBL Tune Flex 2-LE.
   MainThread:15:32:15.379 scanner.py                                117 DEBUG    | Received 4A:3C:2A:2F:7B:85: .
   MainThread:15:32:15.381 scanner.py                                117 DEBUG    | Received 4A:3C:2A:2F:7B:85: .
   MainThread:15:32:15.382 scanner.py                                117 DEBUG    | Received 0F:20:0B:B0:53:41: .
   MainThread:15:32:15.383 scanner.py                                117 DEBUG    | Received E3:2F:9E:FC:47:01: .
   MainThread:15:32:15.493 scanner.py                                117 DEBUG    | Received DC:23:4D:86:DA:B5: .
   MainThread:15:32:15.502 scanner.py                                117 DEBUG    | Received 76:C7:BF:5C:0B:86: .
   MainThread:15:32:15.504 scanner.py                                117 DEBUG    | Received 76:C7:BF:5C:0B:86: .
   MainThread:15:32:15.505 scanner.py                                117 DEBUG    | Received 60:38:D4:FB:82:B4: .
   MainThread:15:32:15.506 scanner.py                                117 DEBUG    | Received 60:38:D4:FB:82:B4: .
   MainThread:15:32:15.507 scanner.py                                117 DEBUG    | Received 7C:1E:A7:2B:52:70: .
   MainThread:15:32:15.509 scanner.py                                117 DEBUG    | Received 62:2A:83:44:56:E9: .
   MainThread:15:32:15.613 scanner.py                                117 DEBUG    | Received 28:AF:42:27:F0:5B: .
   MainThread:15:32:15.616 scanner.py                                117 DEBUG    | Received 28:AF:42:27:F0:5B: 75" Crystal UHD.
   MainThread:15:32:15.618 scanner.py                                117 DEBUG    | Received 54:D6:68:2B:1D:DA: Jabra Evolve2 65.
   MainThread:15:32:15.619 scanner.py                                117 DEBUG    | Received 54:D6:68:2B:1D:DA: .
   MainThread:15:32:15.622 scanner.py                                117 DEBUG    | Received 28:AF:42:27:F0:5B: .
   MainThread:15:32:15.624 scanner.py                                117 DEBUG    | Received 28:AF:42:27:F0:5B: 75" Crystal UHD.
   MainThread:15:32:15.626 scanner.py                                117 DEBUG    | Received 20:B3:48:31:53:FB: .
   MainThread:15:32:15.629 scanner.py                                117 DEBUG    | Received DC:23:4D:86:DA:BD: .
   MainThread:15:32:15.631 scanner.py                                117 DEBUG    | Received DC:23:4D:86:DA:BD: .
   MainThread:15:32:15.633 scanner.py                                117 DEBUG    | Received 3D:9C:16:06:EF:06: .
   MainThread:15:32:15.749 scanner.py                                117 DEBUG    | Received CC:8D:1F:D9:70:FB: .
   MainThread:15:32:15.751 scanner.py                                117 DEBUG    | Received 62:2A:83:44:56:E9: .
   MainThread:15:32:15.759 scanner.py                                117 DEBUG    | Received 72:90:79:86:59:BD: .
   MainThread:15:32:15.760 scanner.py                                117 DEBUG    | Received 72:90:79:86:59:BD: JBL Tune Flex 2-LE.
   MainThread:15:32:15.849 scanner.py                                117 DEBUG    | Received 6D:CC:78:78:5B:C7: .
   MainThread:15:32:15.852 scanner.py                                117 DEBUG    | Received 6D:CC:78:78:5B:C7: .
   MainThread:15:32:15.855 scanner.py                                117 DEBUG    | Received 7C:59:88:9E:7A:13: .
   MainThread:15:32:15.856 scanner.py                                117 DEBUG    | Received 7C:59:88:9E:7A:13: .
   MainThread:15:32:15.962 scanner.py                                117 DEBUG    | Received 8C:71:12:52:1D:DB: QT 12521DDB.
   MainThread:15:32:15.965 scanner.py                                117 DEBUG    | Received DC:23:4D:86:DA:BD: .
   MainThread:15:32:15.966 scanner.py                                117 DEBUG    | Received DC:23:4D:86:DA:BD: .
   MainThread:15:32:15.975 scanner.py                                117 DEBUG    | Received 7A:B4:C4:CA:8B:B9: .
   MainThread:15:32:15.976 scanner.py                                117 DEBUG    | Received 7A:B4:C4:CA:8B:B9: .
   MainThread:15:32:16.087 scanner.py                                117 DEBUG    | Received 72:90:79:86:59:BD: .
   MainThread:15:32:16.091 scanner.py                                117 DEBUG    | Received 72:90:79:86:59:BD: JBL Tune Flex 2-LE.
   MainThread:15:32:16.095 scanner.py                                117 DEBUG    | Received 54:D6:68:2B:1D:DA: Jabra Evolve2 65.
   MainThread:15:32:16.098 scanner.py                                117 DEBUG    | Received 7B:C1:8E:38:B1:AC: .
   MainThread:15:32:16.102 scanner.py                                117 DEBUG    | Received 62:2A:83:44:56:E9: .
   MainThread:15:32:16.103 scanner.py                                117 DEBUG    | Received 62:2A:83:44:56:E9: .
   MainThread:15:32:16.202 scanner.py                                117 DEBUG    | Received 62:2A:83:44:56:E9: .
   MainThread:15:32:16.203 scanner.py                                117 DEBUG    | Received 62:2A:83:44:56:E9: .
   MainThread:15:32:16.212 scanner.py                                117 DEBUG    | Received 72:90:79:86:59:BD: .
   MainThread:15:32:16.215 scanner.py                                117 DEBUG    | Received 72:90:79:86:59:BD: JBL Tune Flex 2-LE.
   MainThread:15:32:16.216 scanner.py                                117 DEBUG    | Received 0F:20:0B:B0:53:41: .
   MainThread:15:32:16.218 scanner.py                                117 DEBUG    | Received 7E:60:6A:96:37:0B: .
   MainThread:15:32:16.219 scanner.py                                117 DEBUG    | Received 7E:60:6A:96:37:0B: .
   MainThread:15:32:16.324 scanner.py                                117 DEBUG    | Received 0F:20:0B:B0:53:41: .
   MainThread:15:32:16.327 scanner.py                                117 DEBUG    | Received 7F:A5:5C:58:58:3C: .
   MainThread:15:32:16.333 scanner.py                                117 DEBUG    | Received 62:2A:83:44:56:E9: .
   MainThread:15:32:16.335 scanner.py                                117 DEBUG    | Received 62:2A:83:44:56:E9: .
   MainThread:15:32:16.436 scanner.py                                117 DEBUG    | Received E3:2F:9E:FC:47:01: .
   MainThread:15:32:16.441 scanner.py                                117 DEBUG    | Received 94:EC:32:1D:95:29: BG.
   MainThread:15:32:16.444 scanner.py                                117 DEBUG    | Received 7C:C3:84:38:18:49: .
   MainThread:15:32:16.450 scanner.py                                117 DEBUG    | Received FC:57:10:BC:8E:6E: .
   MainThread:15:32:16.554 scanner.py                                117 DEBUG    | Received 72:90:79:86:59:BD: .
   MainThread:15:32:16.555 scanner.py                                117 DEBUG    | Received 72:90:79:86:59:BD: JBL Tune Flex 2-LE.
   MainThread:15:32:16.561 scanner.py                                117 DEBUG    | Received 54:D6:68:2B:1D:DA: Jabra Evolve2 65.
   MainThread:15:32:16.566 scanner.py                                117 DEBUG    | Received 54:D6:68:2B:1D:DA: .
   MainThread:15:32:16.569 scanner.py                                117 DEBUG    | Received 62:2A:83:44:56:E9: .
   MainThread:15:32:16.570 scanner.py                                117 DEBUG    | Received 62:2A:83:44:56:E9: .
   MainThread:15:32:16.573 scanner.py                                117 DEBUG    | Received 72:90:79:86:59:BD: .
   MainThread:15:32:16.576 scanner.py                                117 DEBUG    | Received 72:90:79:86:59:BD: JBL Tune Flex 2-LE.
   MainThread:15:32:16.577 scanner.py                                117 DEBUG    | Received DB:5A:E1:F7:4F:08: .
   MainThread:15:32:16.678 scanner.py                                117 DEBUG    | Received 6D:CC:78:78:5B:C7: .
   MainThread:15:32:16.681 scanner.py                                117 DEBUG    | Received 62:2A:83:44:56:E9: .
   MainThread:15:32:16.683 scanner.py                                117 DEBUG    | Received 62:2A:83:44:56:E9: .
   MainThread:15:32:16.684 scanner.py                                117 DEBUG    | Received DC:23:4D:86:DA:B5: .
   MainThread:15:32:16.686 scanner.py                                117 DEBUG    | Received DC:23:4D:86:DA:B5: .
   MainThread:15:32:16.688 scanner.py                                117 DEBUG    | Received 3D:9C:16:06:EF:06: .
   MainThread:15:32:16.696 scanner.py                                117 DEBUG    | Received 00:A4:1C:FD:C6:D8: .
   MainThread:15:32:16.825 scanner.py                                117 DEBUG    | Received 62:2A:83:44:56:E9: .
   MainThread:15:32:16.826 scanner.py                                117 DEBUG    | Received 62:2A:83:44:56:E9: .
   MainThread:15:32:16.839 scanner.py                                117 DEBUG    | Received DB:3B:46:FE:CB:23: .
   MainThread:15:32:16.842 scanner.py                                117 DEBUG    | Received 0F:20:0B:B0:53:41: .
   MainThread:15:32:16.929 scanner.py                                117 DEBUG    | Received 62:2A:83:44:56:E9: .
   MainThread:15:32:16.930 scanner.py                                117 DEBUG    | Received 62:2A:83:44:56:E9: .
   MainThread:15:32:16.931 scanner.py                                117 DEBUG    | Received F9:57:92:8B:F4:39: .
   MainThread:15:32:16.933 scanner.py                                117 DEBUG    | Received F9:57:92:8B:F4:39: .
   MainThread:15:32:17.035 scanner.py                                117 DEBUG    | Received 54:D6:68:2B:1D:DA: Jabra Evolve2 65.
   MainThread:15:32:17.036 scanner.py                                117 DEBUG    | Received 54:D6:68:2B:1D:DA: .
   MainThread:15:32:17.039 scanner.py                                117 DEBUG    | Received 62:2A:83:44:56:E9: .
   MainThread:15:32:17.041 scanner.py                                117 DEBUG    | Received 62:2A:83:44:56:E9: .
   MainThread:15:32:17.043 scanner.py                                117 DEBUG    | Received CF:74:2B:4C:C0:EA: .
   MainThread:15:32:17.045 scanner.py                                117 DEBUG    | Received CF:74:2B:4C:C0:EA: .
   MainThread:15:32:17.047 scanner.py                                117 DEBUG    | Received 72:90:79:86:59:BD: .
   MainThread:15:32:17.050 scanner.py                                117 DEBUG    | Received 72:90:79:86:59:BD: JBL Tune Flex 2-LE.
   MainThread:15:32:17.052 scanner.py                                117 DEBUG    | Received 0F:20:0B:B0:53:41: .
   MainThread:15:32:17.150 scanner.py                                117 DEBUG    | Received DB:3B:46:FE:CB:23: .
   MainThread:15:32:17.151 scanner.py                                117 DEBUG    | Received 76:C7:BF:5C:0B:86: .
   MainThread:15:32:17.152 scanner.py                                117 DEBUG    | Received 76:C7:BF:5C:0B:86: .
   MainThread:15:32:17.156 scanner.py                                117 DEBUG    | Received 7F:A5:5C:58:58:3C: .
   MainThread:15:32:17.157 scanner.py                                117 DEBUG    | Received 7F:A5:5C:58:58:3C: .
   MainThread:15:32:17.163 scanner.py                                117 DEBUG    | Received 7C:59:88:9E:7A:13: .
   MainThread:15:32:17.165 scanner.py                                117 DEBUG    | Received 7C:59:88:9E:7A:13: .
   MainThread:15:32:17.267 scanner.py                                117 DEBUG    | Received 7A:B4:C4:CA:8B:B9: .
   MainThread:15:32:17.268 scanner.py                                117 DEBUG    | Received 7A:B4:C4:CA:8B:B9: .
   MainThread:15:32:17.279 scanner.py                                117 DEBUG    | Received CC:8D:1F:D9:70:FB: .
   MainThread:15:32:17.282 scanner.py                                117 DEBUG    | Received CC:8D:1F:D9:70:FB: .
   MainThread:15:32:17.284 scanner.py                                117 DEBUG    | Received 62:2A:83:44:56:E9: .
   MainThread:15:32:17.287 scanner.py                                117 DEBUG    | Received 62:2A:83:44:56:E9: .
   MainThread:15:32:17.396 scanner.py                                117 DEBUG    | Received 62:2A:83:44:56:E9: .
   MainThread:15:32:17.398 scanner.py                                117 DEBUG    | Received 62:2A:83:44:56:E9: .
   MainThread:15:32:17.633 scanner.py                                117 DEBUG    | Received DB:3B:46:FE:CB:23: .
   MainThread:15:32:17.636 scanner.py                                117 DEBUG    | Received 62:2A:83:44:56:E9: .
   MainThread:15:32:17.638 scanner.py                                117 DEBUG    | Received 62:2A:83:44:56:E9: .
   MainThread:15:32:17.672 scanner.py                                117 DEBUG    | Received 62:2A:83:44:56:E9: .
   MainThread:15:32:17.675 scanner.py                                117 DEBUG    | Received 62:2A:83:44:56:E9: .
   MainThread:15:32:17.677 scanner.py                                117 DEBUG    | Received DC:23:4D:86:DA:BD: .
   MainThread:15:32:17.678 scanner.py                                117 DEBUG    | Received DC:23:4D:86:DA:BD: .
   MainThread:15:32:17.682 scanner.py                                117 DEBUG    | Received DC:23:4D:86:DA:B5: .
   MainThread:15:32:17.744 scanner.py                                117 DEBUG    | Received 62:2A:83:44:56:E9: .
   MainThread:15:32:17.745 scanner.py                                117 DEBUG    | Received 62:2A:83:44:56:E9: .
   MainThread:15:32:17.746 scanner.py                                117 DEBUG    | Received 13:52:77:82:ED:25: .
   MainThread:15:32:17.747 scanner.py                                117 DEBUG    | Received 13:52:77:82:ED:25: .
   MainThread:15:32:17.751 scanner.py                                117 DEBUG    | Received 3D:9C:16:06:EF:06: .
   MainThread:15:32:17.855 scanner.py                                117 DEBUG    | Received 62:2A:83:44:56:E9: .
   MainThread:15:32:17.857 scanner.py                                117 DEBUG    | Received 62:2A:83:44:56:E9: .
   MainThread:15:32:17.874 scanner.py                                117 DEBUG    | Received 6D:59:CF:B0:4D:2B: .
   MainThread:15:32:17.877 scanner.py                                117 DEBUG    | Received 73:8A:48:B2:2E:6B: .
   MainThread:15:32:17.878 scanner.py                                117 DEBUG    | Received 0F:20:0B:B0:53:41: .
   MainThread:15:32:17.885 scanner.py                                117 DEBUG    | Received 62:2A:83:44:56:E9: .
   MainThread:15:32:17.976 scanner.py                                117 DEBUG    | Received 76:C7:BF:5C:0B:86: .
   MainThread:15:32:17.977 scanner.py                                117 DEBUG    | Received 76:C7:BF:5C:0B:86: .
   MainThread:15:32:17.985 scanner.py                                117 DEBUG    | Received 0F:20:0B:B0:53:41: .
   MainThread:15:32:18.096 scanner.py                                117 DEBUG    | Received 0F:20:0B:B0:53:41: .
   MainThread:15:32:18.098 scanner.py                                117 DEBUG    | Received 62:2A:83:44:56:E9: .
   MainThread:15:32:18.099 scanner.py                                117 DEBUG    | Received 62:2A:83:44:56:E9: .
   MainThread:15:32:18.102 scanner.py                                117 DEBUG    | Received 7C:C3:84:38:18:49: .
   MainThread:15:32:18.105 scanner.py                                117 DEBUG    | Received DB:3B:46:FE:CB:23: .
   MainThread:15:32:18.110 scanner.py                                117 DEBUG    | Received 7C:1E:A7:2B:52:70: .
   MainThread:15:32:18.115 scanner.py                                117 DEBUG    | Received 7C:59:88:9E:7A:13: .
   MainThread:15:32:18.118 scanner.py                                117 DEBUG    | Received 7C:59:88:9E:7A:13: .
   MainThread:15:32:18.121 scanner.py                                117 DEBUG    | Received 54:D6:68:2B:1D:DA: Jabra Evolve2 65.
   MainThread:15:32:18.123 scanner.py                                117 DEBUG    | Received 54:D6:68:2B:1D:DA: .
   MainThread:15:32:18.211 scanner.py                                117 DEBUG    | Received DC:23:4D:86:DA:B5: .
   MainThread:15:32:18.225 scanner.py                                117 DEBUG    | Received 72:90:79:86:59:BD: .
   MainThread:15:32:18.227 scanner.py                                117 DEBUG    | Received 72:90:79:86:59:BD: JBL Tune Flex 2-LE.
   MainThread:15:32:18.330 scanner.py                                117 DEBUG    | Received 62:2A:83:44:56:E9: .
   MainThread:15:32:18.331 scanner.py                                117 DEBUG    | Received 62:2A:83:44:56:E9: .
   MainThread:15:32:18.333 scanner.py                                117 DEBUG    | Received DC:23:4D:86:DA:B5: .
   MainThread:15:32:18.334 scanner.py                                117 DEBUG    | Received DC:23:4D:86:DA:B5: .
   MainThread:15:32:18.363 scanner.py                                117 DEBUG    | Received 20:B3:48:31:53:FB: .
   MainThread:15:32:18.379 scanner.py                                117 DEBUG    | Received 00:A4:1C:FD:C6:D8: .
   MainThread:15:32:18.381 scanner.py                                117 DEBUG    | Received 00:A4:1C:FD:C6:D8: WH-CH720N.
   MainThread:15:32:18.458 scanner.py                                117 DEBUG    | Received FC:57:10:BC:8E:6E: .
   MainThread:15:32:18.461 scanner.py                                117 DEBUG    | Received 62:2A:83:44:56:E9: .
   MainThread:15:32:18.462 scanner.py                                117 DEBUG    | Received 62:2A:83:44:56:E9: .
   MainThread:15:32:18.465 scanner.py                                117 DEBUG    | Received 20:B3:48:31:53:FB: .
   MainThread:15:32:18.571 scanner.py                                117 DEBUG    | Received 7A:B4:C4:CA:8B:B9: .
   MainThread:15:32:18.574 scanner.py                                117 DEBUG    | Received 7A:B4:C4:CA:8B:B9: .
   MainThread:15:32:18.578 scanner.py                                117 DEBUG    | Received 20:B3:48:31:53:FB: .
   MainThread:15:32:18.580 scanner.py                                117 DEBUG    | Received DB:3B:46:FE:CB:23: .
   MainThread:15:32:18.581 scanner.py                                117 DEBUG    | Received DB:5A:E1:F7:4F:08: .
   MainThread:15:32:18.696 scanner.py                                117 DEBUG    | Received 73:8A:48:B2:2E:6B: .
   MainThread:15:32:18.697 scanner.py                                117 DEBUG    | Received 73:8A:48:B2:2E:6B: .
   MainThread:15:32:18.700 scanner.py                                117 DEBUG    | Received 6D:59:CF:B0:4D:2B: .
   MainThread:15:32:18.797 scanner.py                                117 DEBUG    | Received 3D:9C:16:06:EF:06: .
   MainThread:15:32:18.802 scanner.py                                117 DEBUG    | Received 76:C7:BF:5C:0B:86: .
   MainThread:15:32:18.804 scanner.py                                117 DEBUG    | Received 76:C7:BF:5C:0B:86: .
   MainThread:15:32:18.806 scanner.py                                117 DEBUG    | Received 7F:A5:5C:58:58:3C: .
   MainThread:15:32:18.807 scanner.py                                117 DEBUG    | Received 7F:A5:5C:58:58:3C: .
   MainThread:15:32:18.814 scanner.py                                117 DEBUG    | Received CC:8D:1F:D9:70:FB: .
   MainThread:15:32:18.817 scanner.py                                117 DEBUG    | Received 62:2A:83:44:56:E9: .
   MainThread:15:32:18.818 scanner.py                                117 DEBUG    | Received 62:2A:83:44:56:E9: .
   MainThread:15:32:18.947 scanner.py                                117 DEBUG    | Received 7A:B4:C4:CA:8B:B9: .
   MainThread:15:32:18.948 scanner.py                                117 DEBUG    | Received 7A:B4:C4:CA:8B:B9: .
   MainThread:15:32:18.951 scanner.py                                117 DEBUG    | Received 4A:3C:2A:2F:7B:85: .
   MainThread:15:32:18.953 scanner.py                                117 DEBUG    | Received 4A:3C:2A:2F:7B:85: .
   MainThread:15:32:18.960 scanner.py                                117 DEBUG    | Received F5:AD:91:09:81:E2: .
   MainThread:15:32:18.965 scanner.py                                117 DEBUG    | Received 7E:60:6A:96:37:0B: .
   MainThread:15:32:18.967 scanner.py                                117 DEBUG    | Received 7E:60:6A:96:37:0B: .
   MainThread:15:32:19.042 scanner.py                                117 DEBUG    | Received 0F:20:0B:B0:53:41: .
   MainThread:15:32:19.046 scanner.py                                117 DEBUG    | Received DB:3B:46:FE:CB:23: .
   MainThread:15:32:19.054 scanner.py                                117 DEBUG    | Received 72:90:79:86:59:BD: .
   MainThread:15:32:19.056 scanner.py                                117 DEBUG    | Received 72:90:79:86:59:BD: JBL Tune Flex 2-LE.
   MainThread:15:32:19.169 scanner.py                                117 DEBUG    | Received 62:2A:83:44:56:E9: .
   MainThread:15:32:19.169 scanner.py                                117 DEBUG    | Received 62:2A:83:44:56:E9: .
   MainThread:15:32:19.172 scanner.py                                117 DEBUG    | Received DC:23:4D:86:DA:B5: .
   MainThread:15:32:19.174 scanner.py                                117 DEBUG    | Received DC:23:4D:86:DA:B5: .
   MainThread:15:32:19.274 scanner.py                                117 DEBUG    | Received C4:EF:E0:2E:63:25: .
   MainThread:15:32:19.288 scanner.py                                117 DEBUG    | Received 62:2A:83:44:56:E9: .
   MainThread:15:32:19.290 scanner.py                                117 DEBUG    | Received 62:2A:83:44:56:E9: .
   MainThread:15:32:19.416 scanner.py                                117 DEBUG    | Received 20:B3:48:31:53:FB: .
   MainThread:15:32:19.420 scanner.py                                117 DEBUG    | Received 62:2A:83:44:56:E9: .
   MainThread:15:32:19.422 scanner.py                                117 DEBUG    | Received 62:2A:83:44:56:E9: .
   MainThread:15:32:19.514 scanner.py                                117 DEBUG    | Received 6D:59:CF:B0:4D:2B: .
   MainThread:15:32:19.515 scanner.py                                117 DEBUG    | Received 6D:59:CF:B0:4D:2B: .
   MainThread:15:32:19.516 scanner.py                                117 DEBUG    | Received 7E:60:6A:96:37:0B: .
   MainThread:15:32:19.517 scanner.py                                117 DEBUG    | Received 7E:60:6A:96:37:0B: .
   MainThread:15:32:19.520 scanner.py                                117 DEBUG    | Received 73:8A:48:B2:2E:6B: .
   MainThread:15:32:19.523 scanner.py                                117 DEBUG    | Received 72:90:79:86:59:BD: .
   MainThread:15:32:19.532 scanner.py                                117 DEBUG    | Received DB:3B:46:FE:CB:23: .
   MainThread:15:32:19.645 scanner.py                                117 DEBUG    | Received 3D:9C:16:06:EF:06: .
   MainThread:15:32:19.650 scanner.py                                117 DEBUG    | Received 7B:C1:8E:38:B1:AC: .
   MainThread:15:32:19.654 scanner.py                                117 DEBUG    | Received 00:A4:1C:FD:C6:D8: .
   MainThread:15:32:19.658 scanner.py                                117 DEBUG    | Received 00:A4:1C:FD:C6:D8: WH-CH720N.
   MainThread:15:32:19.661 scanner.py                                117 DEBUG    | Received 60:38:D4:FB:82:B4: .
   MainThread:15:32:19.662 scanner.py                                117 DEBUG    | Received 60:38:D4:FB:82:B4: .
   MainThread:15:32:19.666 scanner.py                                117 DEBUG    | Received 62:2A:83:44:56:E9: .
   MainThread:15:32:19.668 scanner.py                                117 DEBUG    | Received 62:2A:83:44:56:E9: .
   MainThread:15:32:19.745 scanner.py                                117 DEBUG    | Received 3D:9C:16:06:EF:06: .
   MainThread:15:32:19.761 scanner.py                                117 DEBUG    | Received 62:2A:83:44:56:E9: .
   MainThread:15:32:19.866 scanner.py                                117 DEBUG    | Received 62:2A:83:44:56:E9: .
   MainThread:15:32:19.867 scanner.py                                117 DEBUG    | Received 62:2A:83:44:56:E9: .
   MainThread:15:32:19.876 scanner.py                                117 DEBUG    | Received 8C:71:12:52:1D:DB: QT 12521DDB.
   MainThread:15:32:19.878 scanner.py                                117 DEBUG    | Received 72:90:79:86:59:BD: .
   MainThread:15:32:19.880 scanner.py                                117 DEBUG    | Received 72:90:79:86:59:BD: JBL Tune Flex 2-LE.
   MainThread:15:32:19.881 scanner.py                                117 DEBUG    | Received 0F:20:0B:B0:53:41: .
   MainThread:15:32:19.883 scanner.py                                117 DEBUG    | Received 7A:B4:C4:CA:8B:B9: .
   MainThread:15:32:19.884 scanner.py                                117 DEBUG    | Received 7A:B4:C4:CA:8B:B9: .
   MainThread:15:32:19.982 scanner.py                                117 DEBUG    | Received 6D:CC:78:78:5B:C7: .
   MainThread:15:32:19.984 scanner.py                                117 DEBUG    | Received 6D:CC:78:78:5B:C7: .
   MainThread:15:32:19.986 scanner.py                                117 DEBUG    | Received 0F:20:0B:B0:53:41: .
   MainThread:15:32:19.989 scanner.py                                117 DEBUG    | Received 7C:1E:A7:2B:52:70: .
   MainThread:15:32:20.354 scanner.py                                117 DEBUG    | Received 7C:1E:A7:2B:52:70: .
   MainThread:15:32:20.360 scanner.py                                117 DEBUG    | Received DC:23:4D:86:DA:BD: .
   MainThread:15:32:20.362 scanner.py                                117 DEBUG    | Received DC:23:4D:86:DA:BD: .
   MainThread:15:32:20.363 scanner.py                                117 DEBUG    | Received 72:90:79:86:59:BD: .
   MainThread:15:32:20.364 scanner.py                                117 DEBUG    | Received 72:90:79:86:59:BD: JBL Tune Flex 2-LE.
   MainThread:15:32:20.369 scanner.py                                117 DEBUG    | Received 20:B3:48:31:53:FB: .
   MainThread:15:32:20.375 scanner.py                                117 DEBUG    | Received 62:2A:83:44:56:E9: .
   MainThread:15:32:20.376 scanner.py                                117 DEBUG    | Received 62:2A:83:44:56:E9: .
   MainThread:15:32:20.457 scanner.py                                117 DEBUG    | Received F9:57:92:8B:F4:39: .
   MainThread:15:32:20.459 scanner.py                                117 DEBUG    | Received F9:57:92:8B:F4:39: .
   MainThread:15:32:20.574 scanner.py                                117 DEBUG    | Received 20:B3:48:31:53:FB: .
   MainThread:15:32:20.577 scanner.py                                117 DEBUG    | Received CF:74:2B:4C:C0:EA: .
   MainThread:15:32:20.578 scanner.py                                117 DEBUG    | Received CF:74:2B:4C:C0:EA: .
   MainThread:15:32:20.585 scanner.py                                117 DEBUG    | Received 8C:71:12:52:1D:DB: QT 12521DDB.
   MainThread:15:32:20.586 scanner.py                                117 DEBUG    | Received 7B:C1:8E:38:B1:AC: .
   MainThread:15:32:20.593 scanner.py                                117 DEBUG    | Received 4A:3C:2A:2F:7B:85: .
   MainThread:15:32:20.594 scanner.py                                117 DEBUG    | Received 4A:3C:2A:2F:7B:85: .
   MainThread:15:32:20.596 scanner.py                                117 DEBUG    | Received 62:2A:83:44:56:E9: .
   MainThread:15:32:20.598 scanner.py                                117 DEBUG    | Received 62:2A:83:44:56:E9: .
   MainThread:15:32:20.688 scanner.py                                117 DEBUG    | Received 3D:9C:16:06:EF:06: .
   MainThread:15:32:20.696 scanner.py                                117 DEBUG    | Received 7C:59:88:9E:7A:13: .
   MainThread:15:32:20.704 scanner.py                                117 DEBUG    | Received 62:2A:83:44:56:E9: .
   MainThread:15:32:20.705 scanner.py                                117 DEBUG    | Received 72:90:79:86:59:BD: .
   MainThread:15:32:20.706 scanner.py                                117 DEBUG    | Received 72:90:79:86:59:BD: JBL Tune Flex 2-LE.
   MainThread:15:32:20.808 scanner.py                                117 DEBUG    | Received 6D:CC:78:78:5B:C7: .
   MainThread:15:32:20.809 scanner.py                                117 DEBUG    | Received 6D:CC:78:78:5B:C7: .
   MainThread:15:32:20.810 scanner.py                                117 DEBUG    | Received 5E:49:DB:1A:B5:5E: .
   MainThread:15:32:20.812 scanner.py                                117 DEBUG    | Received 5E:49:DB:1A:B5:5E: .
   MainThread:15:32:20.813 scanner.py                                117 DEBUG    | Received 0F:20:0B:B0:53:41: .
   MainThread:15:32:20.823 scanner.py                                117 DEBUG    | Received EF:CD:00:F6:D4:30: .
   MainThread:15:32:20.935 scanner.py                                117 DEBUG    | Received 49:13:A0:8A:92:66: .
   MainThread:15:32:20.936 scanner.py                                117 DEBUG    | Received 49:13:A0:8A:92:66: .
   MainThread:15:32:20.943 scanner.py                                117 DEBUG    | Received DB:3B:46:FE:CB:23: .
   MainThread:15:32:21.045 scanner.py                                117 DEBUG    | Received 72:90:79:86:59:BD: .
   MainThread:15:32:21.046 scanner.py                                117 DEBUG    | Received 72:90:79:86:59:BD: JBL Tune Flex 2-LE.
   MainThread:15:32:21.168 scanner.py                                117 DEBUG    | Received 72:90:79:86:59:BD: .
   MainThread:15:32:21.171 scanner.py                                117 DEBUG    | Received 72:90:79:86:59:BD: JBL Tune Flex 2-LE.
   MainThread:15:32:21.173 scanner.py                                117 DEBUG    | Received 73:8A:48:B2:2E:6B: .
   MainThread:15:32:21.174 scanner.py                                117 DEBUG    | Received 73:8A:48:B2:2E:6B: .
   MainThread:15:32:21.176 scanner.py                                117 DEBUG    | Received 62:2A:83:44:56:E9: .
   MainThread:15:32:21.178 scanner.py                                117 DEBUG    | Received 62:2A:83:44:56:E9: .
   MainThread:15:32:21.181 scanner.py                                117 DEBUG    | Received 6D:59:CF:B0:4D:2B: .
   MainThread:15:32:21.283 scanner.py                                117 DEBUG    | Received 7C:1E:A7:2B:52:70: .
   MainThread:15:32:21.287 scanner.py                                117 DEBUG    | Received C4:EF:E0:2E:63:25: .
   MainThread:15:32:21.289 scanner.py                                117 DEBUG    | Received 62:2A:83:44:56:E9: .
   MainThread:15:32:21.291 scanner.py                                117 DEBUG    | Received 62:2A:83:44:56:E9: .
   MainThread:15:32:21.409 scanner.py                                117 DEBUG    | Received DC:23:4D:86:DA:BD: .
   MainThread:15:32:21.412 scanner.py                                117 DEBUG    | Received DB:3B:46:FE:CB:23: .
   MainThread:15:32:21.417 scanner.py                                117 DEBUG    | Received 4A:3C:2A:2F:7B:85: .
   MainThread:15:32:21.421 scanner.py                                117 DEBUG    | Received 3D:9C:16:06:EF:06: .
   MainThread:15:32:21.516 scanner.py                                117 DEBUG    | Received 7B:C1:8E:38:B1:AC: .
   MainThread:15:32:21.521 scanner.py                                117 DEBUG    | Received 3D:9C:16:06:EF:06: .
   MainThread:15:32:21.636 scanner.py                                117 DEBUG    | Received 6D:CC:78:78:5B:C7: .
   MainThread:15:32:21.637 scanner.py                                117 DEBUG    | Received 6D:CC:78:78:5B:C7: .
   MainThread:15:32:21.640 scanner.py                                117 DEBUG    | Received 09:7A:49:80:2D:0E: .
   MainThread:15:32:21.650 scanner.py                                117 DEBUG    | Received 28:AF:42:27:F0:5B: .
   MainThread:15:32:21.653 scanner.py                                117 DEBUG    | Received 28:AF:42:27:F0:5B: 75" Crystal UHD.
   MainThread:15:32:21.654 scanner.py                                117 DEBUG    | Received 28:AF:42:27:F0:5B: .
   MainThread:15:32:21.756 scanner.py                                117 DEBUG    | Received DC:23:4D:86:DA:BD: .
   MainThread:15:32:21.757 scanner.py                                117 DEBUG    | Received DC:23:4D:86:DA:BD: .
   MainThread:15:32:21.761 scanner.py                                117 DEBUG    | Received 00:A4:1C:FD:C6:D8: .
   MainThread:15:32:21.763 scanner.py                                117 DEBUG    | Received 00:A4:1C:FD:C6:D8: WH-CH720N.
   MainThread:15:32:21.774 scanner.py                                117 DEBUG    | Received DC:23:4D:86:DA:B5: .
   MainThread:15:32:21.776 scanner.py                                117 DEBUG    | Received DC:23:4D:86:DA:B5: .
   MainThread:15:32:21.875 scanner.py                                117 DEBUG    | Received 72:90:79:86:59:BD: .
   MainThread:15:32:21.877 scanner.py                                117 DEBUG    | Received 72:90:79:86:59:BD: JBL Tune Flex 2-LE.
   MainThread:15:32:21.879 scanner.py                                117 DEBUG    | Received CC:8D:1F:D9:70:FB: .
   MainThread:15:32:21.880 scanner.py                                117 DEBUG    | Received CC:8D:1F:D9:70:FB: .
   MainThread:15:32:21.887 scanner.py                                117 DEBUG    | Received 62:2A:83:44:56:E9: .
   MainThread:15:32:21.888 scanner.py                                117 DEBUG    | Received 62:2A:83:44:56:E9: .
   MainThread:15:32:21.993 scanner.py                                117 DEBUG    | Received 8C:71:12:52:1D:DB: QT 12521DDB.
   MainThread:15:32:21.998 scanner.py                                117 DEBUG    | Received 7E:60:6A:96:37:0B: .
   MainThread:15:32:22.000 scanner.py                                117 DEBUG    | Received 7E:60:6A:96:37:0B: .
   MainThread:15:32:22.002 scanner.py                                117 DEBUG    | Received 72:90:79:86:59:BD: .
   MainThread:15:32:22.004 scanner.py                                117 DEBUG    | Received 72:90:79:86:59:BD: JBL Tune Flex 2-LE.
   MainThread:15:32:22.017 scanner.py                                117 DEBUG    | Received 62:2A:83:44:56:E9: .
   MainThread:15:32:22.020 scanner.py                                117 DEBUG    | Received 62:2A:83:44:56:E9: .
   MainThread:15:32:22.022 scanner.py                                117 DEBUG    | Received 7C:1E:A7:2B:52:70: .
   MainThread:15:32:22.024 scanner.py                                117 DEBUG    | Received 7C:C3:84:38:18:49: .
   MainThread:15:32:22.107 scanner.py                                117 DEBUG    | Received 7F:A5:5C:58:58:3C: .
   MainThread:15:32:22.107 scanner.py                                117 DEBUG    | Received 7F:A5:5C:58:58:3C: .
   MainThread:15:32:22.114 scanner.py                                117 DEBUG    | Received DC:23:4D:86:DA:B5: .
   MainThread:15:32:22.117 scanner.py                                117 DEBUG    | Received DC:23:4D:86:DA:B5: .
   MainThread:15:32:22.118 scanner.py                                117 DEBUG    | Received 62:2A:83:44:56:E9: .
   MainThread:15:32:22.119 scanner.py                                117 DEBUG    | Received 62:2A:83:44:56:E9: .
   MainThread:15:32:22.223 scanner.py                                117 DEBUG    | Received 7C:C3:84:38:18:49: .
   MainThread:15:32:22.231 scanner.py                                117 DEBUG    | Received 62:2A:83:44:56:E9: .
   MainThread:15:32:22.234 scanner.py                                117 DEBUG    | Received 62:2A:83:44:56:E9: .
   MainThread:15:32:22.238 scanner.py                                117 DEBUG    | Received DC:23:4D:86:DA:BD: .
   MainThread:15:32:22.240 scanner.py                                117 DEBUG    | Received DC:23:4D:86:DA:BD: .
   MainThread:15:32:22.357 scanner.py                                117 DEBUG    | Received 3D:9C:16:06:EF:06: .
   MainThread:15:32:22.459 scanner.py                                117 DEBUG    | Received 6D:CC:78:78:5B:C7: .
   MainThread:15:32:22.460 scanner.py                                117 DEBUG    | Received 6D:CC:78:78:5B:C7: .
   MainThread:15:32:22.463 scanner.py                                117 DEBUG    | Received 3D:9C:16:06:EF:06: .
   MainThread:15:32:22.481 scanner.py                                117 DEBUG    | Received 62:2A:83:44:56:E9: .
   MainThread:15:32:22.484 scanner.py                                117 DEBUG    | Received 62:2A:83:44:56:E9: .
   MainThread:15:32:22.487 scanner.py                                117 DEBUG    | Received 7A:B4:C4:CA:8B:B9: .
   MainThread:15:32:22.488 scanner.py                                117 DEBUG    | Received 7A:B4:C4:CA:8B:B9: .
   MainThread:15:32:22.490 scanner.py                                117 DEBUG    | Received 72:90:79:86:59:BD: .
   MainThread:15:32:22.492 scanner.py                                117 DEBUG    | Received 72:90:79:86:59:BD: JBL Tune Flex 2-LE.
   MainThread:15:32:22.578 scanner.py                                117 DEBUG    | Received 7C:C3:84:38:18:49: .
   MainThread:15:32:22.582 scanner.py                                117 DEBUG    | Received 62:2A:83:44:56:E9: .
   MainThread:15:32:22.584 scanner.py                                117 DEBUG    | Received 62:2A:83:44:56:E9: .
   MainThread:15:32:22.592 scanner.py                                117 DEBUG    | Received DB:5A:E1:F7:4F:08: .
   MainThread:15:32:22.597 scanner.py                                117 DEBUG    | Received CF:74:2B:4C:C0:EA: .
   MainThread:15:32:22.598 scanner.py                                117 DEBUG    | Received CF:74:2B:4C:C0:EA: .
   MainThread:15:32:22.703 scanner.py                                117 DEBUG    | Received 0F:20:0B:B0:53:41: .
   MainThread:15:32:22.709 scanner.py                                117 DEBUG    | Received 72:90:79:86:59:BD: .
   MainThread:15:32:22.710 scanner.py                                117 DEBUG    | Received 72:90:79:86:59:BD: JBL Tune Flex 2-LE.
   MainThread:15:32:22.819 scanner.py                                117 DEBUG    | Received 7B:C1:8E:38:B1:AC: .
   MainThread:15:32:22.826 scanner.py                                117 DEBUG    | Received 7E:60:6A:96:37:0B: .
   MainThread:15:32:22.829 scanner.py                                117 DEBUG    | Received 7E:60:6A:96:37:0B: .
   MainThread:15:32:22.833 scanner.py                                117 DEBUG    | Received 62:2A:83:44:56:E9: .
   MainThread:15:32:22.834 scanner.py                                117 DEBUG    | Received 62:2A:83:44:56:E9: .
   MainThread:15:32:22.835 scanner.py                                117 DEBUG    | Received EF:CD:00:F6:D4:30: .
   MainThread:15:32:22.837 scanner.py                                117 DEBUG    | Received 54:D6:68:2B:1D:DA: Jabra Evolve2 65.
   MainThread:15:32:22.839 scanner.py                                117 DEBUG    | Received 54:D6:68:2B:1D:DA: .
   MainThread:15:32:22.841 scanner.py                                117 DEBUG    | Received DB:3B:46:FE:CB:23: .
   MainThread:15:32:22.942 scanner.py                                117 DEBUG    | Received 7C:1E:A7:2B:52:70: .
   MainThread:15:32:22.945 scanner.py                                117 DEBUG    | Received 7C:C3:84:38:18:49: .
   MainThread:15:32:22.951 scanner.py                                117 DEBUG    | Received DC:23:4D:86:DA:B5: .
   MainThread:15:32:22.952 scanner.py                                117 DEBUG    | Received DC:23:4D:86:DA:B5: .
   MainThread:15:32:23.182 scanner.py                                117 DEBUG    | Received 7B:C1:8E:38:B1:AC: .
   MainThread:15:32:23.193 scanner.py                                117 DEBUG    | Received 76:C7:BF:5C:0B:86: .
   MainThread:15:32:23.193 scanner.py                                117 DEBUG    | Received 76:C7:BF:5C:0B:86: .
   MainThread:15:32:23.287 scanner.py                                117 DEBUG    | Received C4:EF:E0:2E:63:25: .
   MainThread:15:32:23.289 scanner.py                                117 DEBUG    | Received 3D:9C:16:06:EF:06: .
   MainThread:15:32:23.290 scanner.py                                117 DEBUG    | Received 6D:CC:78:78:5B:C7: .
   MainThread:15:32:23.291 scanner.py                                117 DEBUG    | Received 6D:CC:78:78:5B:C7: .
   MainThread:15:32:23.301 scanner.py                                117 DEBUG    | Received 54:D6:68:2B:1D:DA: Jabra Evolve2 65.
   MainThread:15:32:23.306 scanner.py                                117 DEBUG    | Received 62:2A:83:44:56:E9: .
   MainThread:15:32:23.309 scanner.py                                117 DEBUG    | Received 62:2A:83:44:56:E9: .
   MainThread:15:32:23.430 scanner.py                                117 DEBUG    | Received 0F:20:0B:B0:53:41: .
   MainThread:15:32:23.446 scanner.py                                117 DEBUG    | Received 00:A4:1C:FD:C6:D8: .
   MainThread:15:32:23.449 scanner.py                                117 DEBUG    | Received 00:A4:1C:FD:C6:D8: WH-CH720N.
   MainThread:15:32:23.451 scanner.py                                117 DEBUG    | Received 62:2A:83:44:56:E9: .
   MainThread:15:32:23.453 scanner.py                                117 DEBUG    | Received 62:2A:83:44:56:E9: .
   MainThread:15:32:23.535 scanner.py                                117 DEBUG    | Received 20:B3:48:31:53:FB: .
   MainThread:15:32:23.536 scanner.py                                117 DEBUG    | Received 0F:20:0B:B0:53:41: .
   MainThread:15:32:23.646 scanner.py                                117 DEBUG    | Received DB:3B:46:FE:CB:23: .
   MainThread:15:32:23.658 scanner.py                                117 DEBUG    | Received DC:23:4D:86:DA:B5: .
   MainThread:15:32:23.663 scanner.py                                117 DEBUG    | Received DC:23:4D:86:DA:B5: .
   MainThread:15:32:23.666 scanner.py                                117 DEBUG    | Received 28:AF:42:27:F0:5B: .
   MainThread:15:32:23.668 scanner.py                                117 DEBUG    | Received 28:AF:42:27:F0:5B: 75" Crystal UHD.
   MainThread:15:32:23.669 scanner.py                                117 DEBUG    | Received CC:8D:1F:D9:70:FB: .
   MainThread:15:32:23.670 scanner.py                                117 DEBUG    | Received CC:8D:1F:D9:70:FB: .
   MainThread:15:32:23.768 scanner.py                                117 DEBUG    | Received 7F:A5:5C:58:58:3C: .
   MainThread:15:32:23.769 scanner.py                                117 DEBUG    | Received 7F:A5:5C:58:58:3C: .
   MainThread:15:32:23.770 scanner.py                                117 DEBUG    | Received 62:2A:83:44:56:E9: .
   MainThread:15:32:23.771 scanner.py                                117 DEBUG    | Received 62:2A:83:44:56:E9: .
   MainThread:15:32:23.774 scanner.py                                117 DEBUG    | Received 8C:71:12:52:1D:DB: QT 12521DDB.
   MainThread:15:32:23.781 scanner.py                                117 DEBUG    | Received 13:52:77:82:ED:25: .
   MainThread:15:32:23.784 scanner.py                                117 DEBUG    | Received 13:52:77:82:ED:25: .
   MainThread:15:32:23.880 scanner.py                                117 DEBUG    | Received 62:2A:83:44:56:E9: .
   MainThread:15:32:23.887 scanner.py                                117 DEBUG    | Received 7C:C3:84:38:18:49: .
   MainThread:15:32:23.896 scanner.py                                117 DEBUG    | Received 72:90:79:86:59:BD: .
   MainThread:15:32:23.898 scanner.py                                117 DEBUG    | Received 72:90:79:86:59:BD: JBL Tune Flex 2-LE.
   MainThread:15:32:23.901 scanner.py                                117 DEBUG    | Received 4A:3C:2A:2F:7B:85: .
   MainThread:15:32:23.903 scanner.py                                117 DEBUG    | Received 4A:3C:2A:2F:7B:85: .
   MainThread:15:32:24.000 scanner.py                                117 DEBUG    | Received F9:57:92:8B:F4:39: .
   MainThread:15:32:24.001 scanner.py                                117 DEBUG    | Received F9:57:92:8B:F4:39: .
   MainThread:15:32:24.015 scanner.py                                117 DEBUG    | Received 76:C7:BF:5C:0B:86: .
   MainThread:15:32:24.017 scanner.py                                117 DEBUG    | Received 76:C7:BF:5C:0B:86: .
   MainThread:15:32:24.118 scanner.py                                117 DEBUG    | Received DB:3B:46:FE:CB:23: .
   MainThread:15:32:24.119 scanner.py                                117 DEBUG    | Received CF:74:2B:4C:C0:EA: .
   MainThread:15:32:24.121 scanner.py                                117 DEBUG    | Received CF:74:2B:4C:C0:EA: .
   MainThread:15:32:24.124 scanner.py                                117 DEBUG    | Received 62:2A:83:44:56:E9: .
   MainThread:15:32:24.126 scanner.py                                117 DEBUG    | Received 62:2A:83:44:56:E9: .
   MainThread:15:32:24.146 scanner.py                                117 DEBUG    | Received C1:EF:35:43:D4:B7: .
   MainThread:15:32:24.253 scanner.py                                117 DEBUG    | Received 62:2A:83:44:56:E9: .
   MainThread:15:32:24.254 scanner.py                                117 DEBUG    | Received 62:2A:83:44:56:E9: .
   MainThread:15:32:24.255 scanner.py                                117 DEBUG    | Received 7C:1E:A7:2B:52:70: .
   MainThread:15:32:24.353 scanner.py                                117 DEBUG    | Received 13:52:77:82:ED:25: .
   MainThread:15:32:24.354 scanner.py                                117 DEBUG    | Received 13:52:77:82:ED:25: .
   MainThread:15:32:24.362 scanner.py                                117 DEBUG    | Received 0F:20:0B:B0:53:41: .
   MainThread:15:32:24.366 scanner.py                                117 DEBUG    | Received 62:2A:83:44:56:E9: .
   MainThread:15:32:24.367 scanner.py                                117 DEBUG    | Received 62:2A:83:44:56:E9: .
   MainThread:15:32:24.470 scanner.py                                117 DEBUG    | Received FC:57:10:BC:8E:6E: .
   MainThread:15:32:24.478 scanner.py                                117 DEBUG    | Received 6D:59:CF:B0:4D:2B: .
   MainThread:15:32:24.479 scanner.py                                117 DEBUG    | Received 6D:59:CF:B0:4D:2B: .
   MainThread:15:32:24.483 scanner.py                                117 DEBUG    | Received 62:2A:83:44:56:E9: .
   MainThread:15:32:24.484 scanner.py                                117 DEBUG    | Received 62:2A:83:44:56:E9: .
   MainThread:15:32:24.486 scanner.py                                117 DEBUG    | Received 8C:71:12:52:1D:DB: QT 12521DDB.
   MainThread:15:32:24.594 scanner.py                                117 DEBUG    | Received 7F:A5:5C:58:58:3C: .
   MainThread:15:32:24.596 scanner.py                                117 DEBUG    | Received 7F:A5:5C:58:58:3C: .
   MainThread:15:32:24.597 scanner.py                                117 DEBUG    | Received 62:2A:83:44:56:E9: .
   MainThread:15:32:24.598 scanner.py                                117 DEBUG    | Received 62:2A:83:44:56:E9: .
   MainThread:15:32:24.600 scanner.py                                117 DEBUG    | Received 60:38:D4:FB:82:B4: .
   MainThread:15:32:24.601 scanner.py                                117 DEBUG    | Received 60:38:D4:FB:82:B4: .
   MainThread:15:32:24.603 scanner.py                                117 DEBUG    | Received 7C:59:88:9E:7A:13: .
   MainThread:15:32:24.605 scanner.py                                117 DEBUG    | Received 20:B3:48:31:53:FB: .
   MainThread:15:32:24.608 scanner.py                                117 DEBUG    | Received 72:90:79:86:59:BD: .
   MainThread:15:32:24.610 scanner.py                                117 DEBUG    | Received 72:90:79:86:59:BD: JBL Tune Flex 2-LE.
   MainThread:15:32:24.612 scanner.py                                117 DEBUG    | Received DC:23:4D:86:DA:BD: .
   MainThread:15:32:24.614 scanner.py                                117 DEBUG    | Received DC:23:4D:86:DA:BD: .
   MainThread:15:32:24.706 scanner.py                                117 DEBUG    | Received 5E:49:DB:1A:B5:5E: .
   MainThread:15:32:24.706 scanner.py                                117 DEBUG    | Received 5E:49:DB:1A:B5:5E: .
   MainThread:15:32:24.713 scanner.py                                117 DEBUG    | Received 00:A4:1C:FD:C6:D8: .
   MainThread:15:32:24.715 scanner.py                                117 DEBUG    | Received 00:A4:1C:FD:C6:D8: WH-CH720N.
   MainThread:15:32:24.724 scanner.py                                117 DEBUG    | Received 72:90:79:86:59:BD: .
   MainThread:15:32:24.727 scanner.py                                117 DEBUG    | Received 72:90:79:86:59:BD: JBL Tune Flex 2-LE.
   MainThread:15:32:24.730 scanner.py                                117 DEBUG    | Received 54:D6:68:2B:1D:DA: Jabra Evolve2 65.
   MainThread:15:32:24.732 scanner.py                                117 DEBUG    | Received 54:D6:68:2B:1D:DA: .
   MainThread:15:32:24.828 scanner.py                                117 DEBUG    | Received 7C:C3:84:38:18:49: .
   MainThread:15:32:24.842 scanner.py                                117 DEBUG    | Received 76:C7:BF:5C:0B:86: .
   MainThread:15:32:24.843 scanner.py                                117 DEBUG    | Received 76:C7:BF:5C:0B:86: .
   MainThread:15:32:24.844 scanner.py                                117 DEBUG    | Received 62:2A:83:44:56:E9: .
   MainThread:15:32:24.845 scanner.py                                117 DEBUG    | Received 62:2A:83:44:56:E9: .
   MainThread:15:32:24.944 scanner.py                                117 DEBUG    | Received 6D:CC:78:78:5B:C7: .
   MainThread:15:32:24.947 scanner.py                                117 DEBUG    | Received 6D:CC:78:78:5B:C7: .
   MainThread:15:32:24.956 scanner.py                                117 DEBUG    | Received DC:23:4D:86:DA:BD: .
   MainThread:15:32:25.081 scanner.py                                117 DEBUG    | Received 3D:9C:16:06:EF:06: .
   MainThread:15:32:25.097 scanner.py                                117 DEBUG    | Received 0F:20:0B:B0:53:41: .
   MainThread:15:32:25.183 scanner.py                                117 DEBUG    | Received 28:AF:42:27:F0:5B: .
   MainThread:15:32:25.189 scanner.py                                117 DEBUG    | Received 28:AF:42:27:F0:5B: 75" Crystal UHD.
   MainThread:15:32:25.194 scanner.py                                117 DEBUG    | Received DC:23:4D:86:DA:B5: .
   MainThread:15:32:25.198 scanner.py                                117 DEBUG    | Received DC:23:4D:86:DA:B5: .
   MainThread:15:32:25.200 scanner.py                                117 DEBUG    | Received 7C:C3:84:38:18:49: .
   MainThread:15:32:25.202 scanner.py                                117 DEBUG    | Received 54:D6:68:2B:1D:DA: Jabra Evolve2 65.
   MainThread:15:32:25.204 scanner.py                                117 DEBUG    | Received 0F:20:0B:B0:53:41: .
   MainThread:15:32:25.211 scanner.py                                117 DEBUG    | Received 62:2A:83:44:56:E9: .
   MainThread:15:32:25.297 scanner.py                                117 DEBUG    | Received 6D:59:CF:B0:4D:2B: .
   MainThread:15:32:25.299 scanner.py                                117 DEBUG    | Received 6D:59:CF:B0:4D:2B: .
   MainThread:15:32:25.307 scanner.py                                117 DEBUG    | Received 0F:20:0B:B0:53:41: .
   MainThread:15:32:25.419 scanner.py                                117 DEBUG    | Received 7B:C1:8E:38:B1:AC: .
   MainThread:15:32:25.429 scanner.py                                117 DEBUG    | Received 72:90:79:86:59:BD: .
   MainThread:15:32:25.432 scanner.py                                117 DEBUG    | Received 72:90:79:86:59:BD: JBL Tune Flex 2-LE.
   MainThread:15:32:25.435 scanner.py                                117 DEBUG    | Received 20:B3:48:31:53:FB: .
   MainThread:15:32:25.540 scanner.py                                117 DEBUG    | Received DC:23:4D:86:DA:B5: .
   MainThread:15:32:25.542 scanner.py                                117 DEBUG    | Received DC:23:4D:86:DA:B5: .
   MainThread:15:32:25.544 scanner.py                                117 DEBUG    | Received DB:3B:46:FE:CB:23: .
   MainThread:15:32:25.550 scanner.py                                117 DEBUG    | Received 62:2A:83:44:56:E9: .
   MainThread:15:32:25.551 scanner.py                                117 DEBUG    | Received 62:2A:83:44:56:E9: .
   MainThread:15:32:25.552 scanner.py                                117 DEBUG    | Received 7C:1E:A7:2B:52:70: .
   MainThread:15:32:25.554 scanner.py                                117 DEBUG    | Received 00:A4:1C:FD:C6:D8: .
   MainThread:15:32:25.558 scanner.py                                117 DEBUG    | Received 00:A4:1C:FD:C6:D8: WH-CH720N.
   MainThread:15:32:25.560 scanner.py                                117 DEBUG    | Received 72:90:79:86:59:BD: .
   MainThread:15:32:25.562 scanner.py                                117 DEBUG    | Received 72:90:79:86:59:BD: JBL Tune Flex 2-LE.
   MainThread:15:32:25.564 scanner.py                                117 DEBUG    | Received CB:70:03:34:E6:92: .
   MainThread:15:32:25.665 scanner.py                                117 DEBUG    | Received 76:C7:BF:5C:0B:86: .
   MainThread:15:32:25.666 scanner.py                                117 DEBUG    | Received 76:C7:BF:5C:0B:86: .
   MainThread:15:32:25.667 scanner.py                                117 DEBUG    | Received 54:D6:68:2B:1D:DA: Jabra Evolve2 65.
   MainThread:15:32:25.668 scanner.py                                117 DEBUG    | Received 54:D6:68:2B:1D:DA: .
   MainThread:15:32:25.669 scanner.py                                117 DEBUG    | Received 7A:B4:C4:CA:8B:B9: .
   MainThread:15:32:25.892 scanner.py                                117 DEBUG    | Received 62:2A:83:44:56:E9: .
   MainThread:15:32:25.894 scanner.py                                117 DEBUG    | Received 62:2A:83:44:56:E9: .
   MainThread:15:32:25.899 scanner.py                                117 DEBUG    | Received 7C:59:88:9E:7A:13: .
   MainThread:15:32:25.901 scanner.py                                117 DEBUG    | Received 7C:59:88:9E:7A:13: .
   MainThread:15:32:26.011 scanner.py                                117 DEBUG    | Received F9:57:92:8B:F4:39: .
   MainThread:15:32:26.013 scanner.py                                117 DEBUG    | Received DB:3B:46:FE:CB:23: .
   MainThread:15:32:26.041 scanner.py                                117 DEBUG    | Received 00:00:00:00:00:00: .
   MainThread:15:32:26.043 scanner.py                                117 DEBUG    | Received 0F:20:0B:B0:53:41: .
   MainThread:15:32:26.124 scanner.py                                117 DEBUG    | Received 3D:9C:16:06:EF:06: .
   MainThread:15:32:26.126 scanner.py                                117 DEBUG    | Received DC:23:4D:86:DA:BD: .
   MainThread:15:32:26.126 scanner.py                                117 DEBUG    | Received DC:23:4D:86:DA:BD: .
   MainThread:15:32:26.134 scanner.py                                117 DEBUG    | Received CF:74:2B:4C:C0:EA: .
   MainThread:15:32:26.136 scanner.py                                117 DEBUG    | Received CF:74:2B:4C:C0:EA: .
   MainThread:15:32:26.250 scanner.py                                117 DEBUG    | Received 60:38:D4:FB:82:B4: .
   MainThread:15:32:26.252 scanner.py                                117 DEBUG    | Received 60:38:D4:FB:82:B4: .
   MainThread:15:32:26.253 scanner.py                                117 DEBUG    | Received 7F:A5:5C:58:58:3C: .
   MainThread:15:32:26.254 scanner.py                                117 DEBUG    | Received 7F:A5:5C:58:58:3C: .
   MainThread:15:32:26.256 scanner.py                                117 DEBUG    | Received 72:90:79:86:59:BD: .
   MainThread:15:32:26.256 scanner.py                                117 DEBUG    | Received 72:90:79:86:59:BD: JBL Tune Flex 2-LE.
   MainThread:15:32:26.260 scanner.py                                117 DEBUG    | Received F3:D4:02:14:67:1C: .
   MainThread:15:32:26.376 scanner.py                                117 DEBUG    | Received 62:2A:83:44:56:E9: .
   MainThread:15:32:26.379 scanner.py                                117 DEBUG    | Received 73:8A:48:B2:2E:6B: .
   MainThread:15:32:26.380 scanner.py                                117 DEBUG    | Received 73:8A:48:B2:2E:6B: .
   MainThread:15:32:26.481 scanner.py                                117 DEBUG    | Received 7C:1E:A7:2B:52:70: .
   MainThread:15:32:26.488 scanner.py                                117 DEBUG    | Received 62:2A:83:44:56:E9: .
   MainThread:15:32:26.491 scanner.py                                117 DEBUG    | Received 62:2A:83:44:56:E9: .
   MainThread:15:32:26.494 scanner.py                                117 DEBUG    | Received 7C:C3:84:38:18:49: .
   MainThread:15:32:26.496 scanner.py                                117 DEBUG    | Received 20:B3:48:31:53:FB: .
   MainThread:15:32:26.498 scanner.py                                117 DEBUG    | Received DB:3B:46:FE:CB:23: .
   MainThread:15:32:26.500 scanner.py                                117 DEBUG    | Received 76:C7:BF:5C:0B:86: .
   MainThread:15:32:26.600 scanner.py                                117 DEBUG    | Received 54:D6:68:2B:1D:DA: Jabra Evolve2 65.
   MainThread:15:32:26.604 scanner.py                                117 DEBUG    | Received 54:D6:68:2B:1D:DA: .
   MainThread:15:32:26.606 scanner.py                                117 DEBUG    | Received 20:B3:48:31:53:FB: .
   MainThread:15:32:26.624 scanner.py                                117 DEBUG    | Received DC:23:4D:86:DA:BD: .
   MainThread:15:32:26.628 scanner.py                                117 DEBUG    | Received DC:23:4D:86:DA:BD: .
   MainThread:15:32:26.637 scanner.py                                117 DEBUG    | Received CF:74:2B:4C:C0:EA: .
   MainThread:15:32:26.637 scanner.py                                117 DEBUG    | Received CF:74:2B:4C:C0:EA: .
   MainThread:15:32:26.713 scanner.py                                117 DEBUG    | Received 7B:C1:8E:38:B1:AC: .
   MainThread:15:32:26.723 scanner.py                                117 DEBUG    | Received 62:2A:83:44:56:E9: .
   MainThread:15:32:26.725 scanner.py                                117 DEBUG    | Received 62:2A:83:44:56:E9: .
   MainThread:15:32:26.732 scanner.py                                117 DEBUG    | Received CC:8D:1F:D9:70:FB: .
   MainThread:15:32:26.736 scanner.py                                117 DEBUG    | Received CC:8D:1F:D9:70:FB: .
   MainThread:15:32:26.740 scanner.py                                117 DEBUG    | Received DC:23:4D:86:DA:B5: .
   MainThread:15:32:26.741 scanner.py                                117 DEBUG    | Received DC:23:4D:86:DA:B5: .
   MainThread:15:32:26.834 scanner.py                                117 DEBUG    | Received 7C:59:88:9E:7A:13: .
   MainThread:15:32:26.835 scanner.py                                117 DEBUG    | Received 7C:59:88:9E:7A:13: .
   MainThread:15:32:26.836 scanner.py                                117 DEBUG    | Received EF:CD:00:F6:D4:30: .
   MainThread:15:32:26.847 scanner.py                                117 DEBUG    | Received 7C:1E:A7:2B:52:70: .
   MainThread:15:32:26.851 scanner.py                                117 DEBUG    | Received 7C:C3:84:38:18:49: .
   MainThread:15:32:26.852 scanner.py                                117 DEBUG    | Received 3D:9C:16:06:EF:06: .
   MainThread:15:32:26.970 scanner.py                                117 DEBUG    | Received 7A:B4:C4:CA:8B:B9: .
   MainThread:15:32:26.973 scanner.py                                117 DEBUG    | Received 7A:B4:C4:CA:8B:B9: .
   MainThread:15:32:26.978 scanner.py                                117 DEBUG    | Received 0F:20:0B:B0:53:41: .
   MainThread:15:32:26.983 scanner.py                                117 DEBUG    | Received F5:AD:91:09:81:E2: .
   MainThread:15:32:27.071 scanner.py                                117 DEBUG    | Received 54:D6:68:2B:1D:DA: Jabra Evolve2 65.
   MainThread:15:32:27.074 scanner.py                                117 DEBUG    | Received 60:38:D4:FB:82:B4: .
   MainThread:15:32:27.076 scanner.py                                117 DEBUG    | Received 60:38:D4:FB:82:B4: .
   MainThread:15:32:27.087 scanner.py                                117 DEBUG    | Received 7F:A5:5C:58:58:3C: .
   MainThread:15:32:27.088 scanner.py                                117 DEBUG    | Received 7F:A5:5C:58:58:3C: .
   MainThread:15:32:27.191 scanner.py                                117 DEBUG    | Received 0F:20:0B:B0:53:41: .
   MainThread:15:32:27.202 scanner.py                                117 DEBUG    | Received 7C:59:88:9E:7A:13: .
   MainThread:15:32:27.202 scanner.py                                117 DEBUG    | Received 7C:59:88:9E:7A:13: .
   MainThread:15:32:27.204 scanner.py                                117 DEBUG    | Received 73:8A:48:B2:2E:6B: .
   MainThread:15:32:27.205 scanner.py                                117 DEBUG    | Received 73:8A:48:B2:2E:6B: .
   MainThread:15:32:27.320 scanner.py                                117 DEBUG    | Received 20:B3:48:31:53:FB: .
   MainThread:15:32:27.322 scanner.py                                117 DEBUG    | Received 76:C7:BF:5C:0B:86: .
   MainThread:15:32:27.323 scanner.py                                117 DEBUG    | Received 76:C7:BF:5C:0B:86: .
   MainThread:15:32:27.326 scanner.py                                117 DEBUG    | Received 8C:71:12:52:1D:DB: QT 12521DDB.
   MainThread:15:32:27.335 scanner.py                                117 DEBUG    | Received E3:35:D2:AA:5E:75: .
   MainThread:15:32:27.337 scanner.py                                117 DEBUG    | Received E3:35:D2:AA:5E:75: .
   MainThread:15:32:27.345 scanner.py                                117 DEBUG    | Received 7A:B4:C4:CA:8B:B9: .
   MainThread:15:32:27.346 scanner.py                                117 DEBUG    | Received 7A:B4:C4:CA:8B:B9: .
   MainThread:15:32:27.425 scanner.py                                117 DEBUG    | Received 20:B3:48:31:53:FB: .
   MainThread:15:32:27.430 scanner.py                                117 DEBUG    | Received CE:2E:35:8B:F8:D9: .
   MainThread:15:32:27.437 scanner.py                                117 DEBUG    | Received DC:23:4D:86:DA:BD: .
   MainThread:15:32:27.439 scanner.py                                117 DEBUG    | Received DC:23:4D:86:DA:BD: .
   MainThread:15:32:27.544 scanner.py                                117 DEBUG    | Received 72:90:79:86:59:BD: .
   MainThread:15:32:27.546 scanner.py                                117 DEBUG    | Received 72:90:79:86:59:BD: JBL Tune Flex 2-LE.
   MainThread:15:32:27.665 scanner.py                                117 DEBUG    | Received 00:A4:1C:FD:C6:D8: .
   MainThread:15:32:27.798 scanner.py                                117 DEBUG    | Received 3D:9C:16:06:EF:06: .
   MainThread:15:32:27.908 scanner.py                                117 DEBUG    | Received 3D:9C:16:06:EF:06: .
   MainThread:15:32:27.917 scanner.py                                117 DEBUG    | Received DC:23:4D:86:DA:BD: .
   MainThread:15:32:27.919 scanner.py                                117 DEBUG    | Received DC:23:4D:86:DA:BD: .
   MainThread:15:32:27.921 scanner.py                                117 DEBUG    | Received 0F:20:0B:B0:53:41: .
   MainThread:15:32:27.923 scanner.py                                117 DEBUG    | Received DB:3B:46:FE:CB:23: .
   MainThread:15:32:27.929 scanner.py                                117 DEBUG    | Received F7:AB:CD:2F:21:22: .
   MainThread:15:32:28.012 scanner.py                                117 DEBUG    | Received 7B:C1:8E:38:B1:AC: .
   MainThread:15:32:28.022 scanner.py                                117 DEBUG    | Received F9:57:92:8B:F4:39: .
   MainThread:15:32:28.024 scanner.py                                117 DEBUG    | Received F9:57:92:8B:F4:39: .
   MainThread:15:32:28.029 scanner.py                                117 DEBUG    | Received 73:8A:48:B2:2E:6B: .
   MainThread:15:32:28.031 scanner.py                                117 DEBUG    | Received 73:8A:48:B2:2E:6B: .
   MainThread:15:32:28.034 scanner.py                                117 DEBUG    | Received 0F:20:0B:B0:53:41: .
   MainThread:15:32:28.035 scanner.py                                117 DEBUG    | Received 4A:3C:2A:2F:7B:85: .
   MainThread:15:32:28.036 scanner.py                                117 DEBUG    | Received 4A:3C:2A:2F:7B:85: .
   MainThread:15:32:28.133 scanner.py                                117 DEBUG    | Received 0F:20:0B:B0:53:41: .
   MainThread:15:32:28.138 scanner.py                                117 DEBUG    | Received 7C:59:88:9E:7A:13: .
   MainThread:15:32:28.139 scanner.py                                117 DEBUG    | Received 7C:59:88:9E:7A:13: .
   MainThread:15:32:28.149 scanner.py                                117 DEBUG    | Received 76:C7:BF:5C:0B:86: .
   MainThread:15:32:28.150 scanner.py                                117 DEBUG    | Received 76:C7:BF:5C:0B:86: .
   MainThread:15:32:28.265 scanner.py                                117 DEBUG    | Received CC:8D:1F:D9:70:FB: .
   MainThread:15:32:28.266 scanner.py                                117 DEBUG    | Received CC:8D:1F:D9:70:FB: .
   MainThread:15:32:28.267 scanner.py                                117 DEBUG    | Received DC:23:4D:86:DA:BD: .
   MainThread:15:32:28.268 scanner.py                                117 DEBUG    | Received DC:23:4D:86:DA:BD: .
   MainThread:15:32:28.270 scanner.py                                117 DEBUG    | Received 20:B3:48:31:53:FB: .
   MainThread:15:32:28.274 scanner.py                                117 DEBUG    | Received 7A:B4:C4:CA:8B:B9: .
   MainThread:15:32:28.275 scanner.py                                117 DEBUG    | Received 7A:B4:C4:CA:8B:B9: .
   MainThread:15:32:28.362 scanner.py                                212 DEBUG    | 1 devices found. Watcher status: <BluetoothLEAdvertisementWatcherStatus.STOPPED: 3>.
   MainThread:15:32:28.362 client.py                                  86 WARNING  | Failed to find a device in 15 seconds. Retrying #4
   MainThread:15:32:28.365 gopro_wireless.py                         327 ERROR    | Error while opening: A scan timed out without finding a device
   MainThread:15:32:28.366 util.py                                   217 DEBUG    | Send cmd --> netsh wlan disconnect interface="Wi-Fi"
   MainThread:15:32:28.622 util.py                                   223 DEBUG    | Receive response --> Disconnection request was completed successfully for interface "Wi-Fi".

   MainThread:15:32:28.622 bleak_wrapper.py                          121 INFO     | Scanning for GoPro [A-Z0-9]{4} bluetooth devices...
   MainThread:15:32:28.651 scanner.py                                117 DEBUG    | Received 13:52:77:82:ED:25: .
   MainThread:15:32:28.652 scanner.py                                117 DEBUG    | Received 13:52:77:82:ED:25: .
   MainThread:15:32:28.657 scanner.py                                117 DEBUG    | Received CF:74:2B:4C:C0:EA: .
   MainThread:15:32:28.660 scanner.py                                117 DEBUG    | Received CF:74:2B:4C:C0:EA: .
   MainThread:15:32:28.774 scanner.py                                117 DEBUG    | Received CC:8D:1F:D9:70:FB: .
   MainThread:15:32:28.776 scanner.py                                117 DEBUG    | Received CC:8D:1F:D9:70:FB: .
   MainThread:15:32:28.784 scanner.py                                117 DEBUG    | Received 62:2A:83:44:56:E9: .
   MainThread:15:32:28.883 scanner.py                                117 DEBUG    | Received 7E:60:6A:96:37:0B: .
   MainThread:15:32:28.886 scanner.py                                117 DEBUG    | Received 7E:60:6A:96:37:0B: .
   MainThread:15:32:28.890 scanner.py                                117 DEBUG    | Received 62:2A:83:44:56:E9: .
   MainThread:15:32:28.891 scanner.py                                117 DEBUG    | Received 62:2A:83:44:56:E9: .
   MainThread:15:32:28.894 scanner.py                                117 DEBUG    | Received 20:B3:48:31:53:FB: .
   MainThread:15:32:28.896 scanner.py                                117 DEBUG    | Received 72:90:79:86:59:BD: .
   MainThread:15:32:28.898 scanner.py                                117 DEBUG    | Received 72:90:79:86:59:BD: JBL Tune Flex 2-LE.
   MainThread:15:32:28.900 scanner.py                                117 DEBUG    | Received 7C:1E:A7:2B:52:70: .
   MainThread:15:32:28.905 scanner.py                                117 DEBUG    | Received 7C:C3:84:38:18:49: .
   MainThread:15:32:28.910 scanner.py                                117 DEBUG    | Received DC:23:4D:86:DA:B5: .
   MainThread:15:32:28.911 scanner.py                                117 DEBUG    | Received DC:23:4D:86:DA:B5: .
   MainThread:15:32:29.010 scanner.py                                117 DEBUG    | Received 7F:A5:5C:58:58:3C: .
   MainThread:15:32:29.011 scanner.py                                117 DEBUG    | Received 7F:A5:5C:58:58:3C: .
   MainThread:15:32:29.127 scanner.py                                117 DEBUG    | Received DC:23:4D:86:DA:BD: .
   MainThread:15:32:29.129 scanner.py                                117 DEBUG    | Received 7B:C1:8E:38:B1:AC: .
   MainThread:15:32:29.132 scanner.py                                117 DEBUG    | Received 73:8A:48:B2:2E:6B: .
   MainThread:15:32:29.134 scanner.py                                117 DEBUG    | Received 73:8A:48:B2:2E:6B: .
   MainThread:15:32:29.136 scanner.py                                117 DEBUG    | Received 62:2A:83:44:56:E9: .
   MainThread:15:32:29.137 scanner.py                                117 DEBUG    | Received 62:2A:83:44:56:E9: .
   MainThread:15:32:29.140 scanner.py                                117 DEBUG    | Received 4A:3C:2A:2F:7B:85: .
   MainThread:15:32:29.142 scanner.py                                117 DEBUG    | Received 4A:3C:2A:2F:7B:85: .
   MainThread:15:32:29.242 scanner.py                                117 DEBUG    | Received 7C:59:88:9E:7A:13: .
   MainThread:15:32:29.244 scanner.py                                117 DEBUG    | Received 7C:59:88:9E:7A:13: .
   MainThread:15:32:29.254 scanner.py                                117 DEBUG    | Received 54:D6:68:2B:1D:DA: Jabra Evolve2 65.
   MainThread:15:32:29.256 scanner.py                                117 DEBUG    | Received 54:D6:68:2B:1D:DA: .
   MainThread:15:32:29.257 scanner.py                                117 DEBUG    | Received 60:38:D4:FB:82:B4: .
   MainThread:15:32:29.259 scanner.py                                117 DEBUG    | Received 60:38:D4:FB:82:B4: .
   MainThread:15:32:29.364 scanner.py                                117 DEBUG    | Received 00:A4:1C:FD:C6:D8: .
   MainThread:15:32:29.366 scanner.py                                117 DEBUG    | Received 00:A4:1C:FD:C6:D8: WH-CH720N.
   MainThread:15:32:29.474 scanner.py                                117 DEBUG    | Received 0F:20:0B:B0:53:41: .
   MainThread:15:32:29.596 scanner.py                                117 DEBUG    | Received 3D:9C:16:06:EF:06: .
   MainThread:15:32:29.606 scanner.py                                117 DEBUG    | Received 62:2A:83:44:56:E9: .
   MainThread:15:32:29.608 scanner.py                                117 DEBUG    | Received 62:2A:83:44:56:E9: .
   MainThread:15:32:29.612 scanner.py                                117 DEBUG    | Received 6D:CC:78:78:5B:C7: .
   MainThread:15:32:29.613 scanner.py                                117 DEBUG    | Received 6D:CC:78:78:5B:C7: .
   MainThread:15:32:29.714 scanner.py                                117 DEBUG    | Received 72:90:79:86:59:BD: .
   MainThread:15:32:29.715 scanner.py                                117 DEBUG    | Received 72:90:79:86:59:BD: JBL Tune Flex 2-LE.
   MainThread:15:32:29.719 scanner.py                                117 DEBUG    | Received 62:2A:83:44:56:E9: .
   MainThread:15:32:29.721 scanner.py                                117 DEBUG    | Received 62:2A:83:44:56:E9: .
   MainThread:15:32:29.739 scanner.py                                117 DEBUG    | Received DC:23:4D:86:DA:B5: .
   MainThread:15:32:29.740 scanner.py                                117 DEBUG    | Received DC:23:4D:86:DA:B5: .
   MainThread:15:32:29.844 scanner.py                                117 DEBUG    | Received 20:B3:48:31:53:FB: .
   MainThread:15:32:29.884 scanner.py                                117 DEBUG    | Received 72:90:79:86:59:BD: .
   MainThread:15:32:29.886 scanner.py                                117 DEBUG    | Received 72:90:79:86:59:BD: JBL Tune Flex 2-LE.
   MainThread:15:32:29.890 scanner.py                                117 DEBUG    | Received 0F:20:0B:B0:53:41: .
   MainThread:15:32:29.950 scanner.py                                117 DEBUG    | Received 20:B3:48:31:53:FB: .
   MainThread:15:32:29.961 scanner.py                                117 DEBUG    | Received 73:8A:48:B2:2E:6B: .
   MainThread:15:32:29.964 scanner.py                                117 DEBUG    | Received 73:8A:48:B2:2E:6B: .
   MainThread:15:32:29.967 scanner.py                                117 DEBUG    | Received 6D:59:CF:B0:4D:2B: .
   MainThread:15:32:29.968 scanner.py                                117 DEBUG    | Received 6D:59:CF:B0:4D:2B: .
   MainThread:15:32:30.079 scanner.py                                117 DEBUG    | Received 76:C7:BF:5C:0B:86: .
   MainThread:15:32:30.082 scanner.py                                117 DEBUG    | Received 76:C7:BF:5C:0B:86: .
   MainThread:15:32:30.084 scanner.py                                117 DEBUG    | Received DC:23:4D:86:DA:B5: .
   MainThread:15:32:30.085 scanner.py                                117 DEBUG    | Received DC:23:4D:86:DA:B5: .
   MainThread:15:32:30.188 scanner.py                                117 DEBUG    | Received 7C:1E:A7:2B:52:70: .
   MainThread:15:32:30.195 scanner.py                                117 DEBUG    | Received 54:D6:68:2B:1D:DA: Jabra Evolve2 65.
   MainThread:15:32:30.197 scanner.py                                117 DEBUG    | Received 54:D6:68:2B:1D:DA: .
   MainThread:15:32:30.307 scanner.py                                117 DEBUG    | Received CC:8D:1F:D9:70:FB: .
   MainThread:15:32:30.308 scanner.py                                117 DEBUG    | Received CC:8D:1F:D9:70:FB: .
   MainThread:15:32:30.315 scanner.py                                117 DEBUG    | Received DC:23:4D:86:DA:BD: .
   MainThread:15:32:30.318 scanner.py                                117 DEBUG    | Received DC:23:4D:86:DA:BD: .
   MainThread:15:32:30.319 scanner.py                                117 DEBUG    | Received 0F:20:0B:B0:53:41: .
   MainThread:15:32:30.320 scanner.py                                117 DEBUG    | Received 7A:B4:C4:CA:8B:B9: .
   MainThread:15:32:30.321 scanner.py                                117 DEBUG    | Received 7A:B4:C4:CA:8B:B9: .
   MainThread:15:32:30.432 scanner.py                                117 DEBUG    | Received 3D:9C:16:06:EF:06: .
   MainThread:15:32:30.435 scanner.py                                117 DEBUG    | Received 7B:C1:8E:38:B1:AC: .
   MainThread:15:32:30.478 scanner.py                                117 DEBUG    | Received 62:2A:83:44:56:E9: .
   MainThread:15:32:30.479 scanner.py                                117 DEBUG    | Received 62:2A:83:44:56:E9: .
   MainThread:15:32:30.540 scanner.py                                117 DEBUG    | Received 7E:60:6A:96:37:0B: .
   MainThread:15:32:30.542 scanner.py                                117 DEBUG    | Received 7E:60:6A:96:37:0B: .
   MainThread:15:32:30.548 scanner.py                                117 DEBUG    | Received F9:57:92:8B:F4:39: .
   MainThread:15:32:30.549 scanner.py                                117 DEBUG    | Received F9:57:92:8B:F4:39: .
   MainThread:15:32:30.551 scanner.py                                117 DEBUG    | Received 62:2A:83:44:56:E9: .
   MainThread:15:32:30.552 scanner.py                                117 DEBUG    | Received 62:2A:83:44:56:E9: .
   MainThread:15:32:30.556 scanner.py                                117 DEBUG    | Received 7C:1E:A7:2B:52:70: .
   MainThread:15:32:30.560 scanner.py                                117 DEBUG    | Received CC:8D:1F:D9:70:FB: .
   MainThread:15:32:30.562 scanner.py                                117 DEBUG    | Received CC:8D:1F:D9:70:FB: .
   MainThread:15:32:30.656 scanner.py                                117 DEBUG    | Received 7F:A5:5C:58:58:3C: .
   MainThread:15:32:30.658 scanner.py                                117 DEBUG    | Received 7F:A5:5C:58:58:3C: .
   MainThread:15:32:30.667 scanner.py                                117 DEBUG    | Received 54:D6:68:2B:1D:DA: Jabra Evolve2 65.
   MainThread:15:32:30.668 scanner.py                                117 DEBUG    | Received 54:D6:68:2B:1D:DA: .
   MainThread:15:32:30.675 scanner.py                                117 DEBUG    | Received CF:74:2B:4C:C0:EA: .
   MainThread:15:32:30.676 scanner.py                                117 DEBUG    | Received CF:74:2B:4C:C0:EA: .
   MainThread:15:32:30.783 scanner.py                                117 DEBUG    | Received D9:5C:9E:27:5F:F2: .
   MainThread:15:32:30.787 scanner.py                                117 DEBUG    | Received FC:73:0E:13:87:8F: .
   MainThread:15:32:30.789 scanner.py                                117 DEBUG    | Received FC:73:0E:13:87:8F: .
   MainThread:15:32:30.893 scanner.py                                117 DEBUG    | Received 00:00:00:00:00:00: .
   MainThread:15:32:30.896 scanner.py                                117 DEBUG    | Received 76:C7:BF:5C:0B:86: .
   MainThread:15:32:30.896 scanner.py                                117 DEBUG    | Received 76:C7:BF:5C:0B:86: .
   MainThread:15:32:30.900 scanner.py                                117 DEBUG    | Received 20:B3:48:31:53:FB: .
   MainThread:15:32:30.912 scanner.py                                117 DEBUG    | Received 60:38:D4:FB:82:B4: .
   MainThread:15:32:30.915 scanner.py                                117 DEBUG    | Received 60:38:D4:FB:82:B4: .
   MainThread:15:32:31.009 scanner.py                                117 DEBUG    | Received 20:B3:48:31:53:FB: .
   MainThread:15:32:31.135 scanner.py                                117 DEBUG    | Received 54:D6:68:2B:1D:DA: Jabra Evolve2 65.
   MainThread:15:32:31.136 scanner.py                                117 DEBUG    | Received 54:D6:68:2B:1D:DA: .
   MainThread:15:32:31.169 scanner.py                                117 DEBUG    | Received 76:C7:BF:5C:0B:86: .
   MainThread:15:32:31.173 scanner.py                                117 DEBUG    | Received 76:C7:BF:5C:0B:86: .
   MainThread:15:32:31.175 scanner.py                                117 DEBUG    | Received 62:2A:83:44:56:E9: .
   MainThread:15:32:31.176 scanner.py                                117 DEBUG    | Received 62:2A:83:44:56:E9: .
   MainThread:15:32:31.178 scanner.py                                117 DEBUG    | Received CF:74:2B:4C:C0:EA: .
   MainThread:15:32:31.179 scanner.py                                117 DEBUG    | Received CF:74:2B:4C:C0:EA: .
   MainThread:15:32:31.251 scanner.py                                117 DEBUG    | Received 0F:20:0B:B0:53:41: .
   MainThread:15:32:31.257 scanner.py                                117 DEBUG    | Received 6D:CC:78:78:5B:C7: .
   MainThread:15:32:31.258 scanner.py                                117 DEBUG    | Received 6D:CC:78:78:5B:C7: .
   MainThread:15:32:31.261 scanner.py                                117 DEBUG    | Received 7A:B4:C4:CA:8B:B9: .
   MainThread:15:32:31.262 scanner.py                                117 DEBUG    | Received 7A:B4:C4:CA:8B:B9: .
   MainThread:15:32:31.268 scanner.py                                117 DEBUG    | Received 62:2A:83:44:56:E9: .
   MainThread:15:32:31.270 scanner.py                                117 DEBUG    | Received 62:2A:83:44:56:E9: .
   MainThread:15:32:31.367 scanner.py                                117 DEBUG    | Received 7E:60:6A:96:37:0B: .
   MainThread:15:32:31.368 scanner.py                                117 DEBUG    | Received 7E:60:6A:96:37:0B: .
   MainThread:15:32:31.381 scanner.py                                117 DEBUG    | Received 62:2A:83:44:56:E9: .
   MainThread:15:32:31.382 scanner.py                                117 DEBUG    | Received 62:2A:83:44:56:E9: .
   MainThread:15:32:31.383 scanner.py                                117 DEBUG    | Received 7B:C1:8E:38:B1:AC: .
   MainThread:15:32:31.493 scanner.py                                117 DEBUG    | Received 7C:1E:A7:2B:52:70: .
   MainThread:15:32:31.497 scanner.py                                117 DEBUG    | Received DC:23:4D:86:DA:BD: .
   MainThread:15:32:31.498 scanner.py                                117 DEBUG    | Received DC:23:4D:86:DA:BD: .
   MainThread:15:32:31.609 scanner.py                                117 DEBUG    | Received 54:D6:68:2B:1D:DA: Jabra Evolve2 65.
   MainThread:15:32:31.611 scanner.py                                117 DEBUG    | Received 54:D6:68:2B:1D:DA: .
   MainThread:15:32:31.623 scanner.py                                117 DEBUG    | Received 73:8A:48:B2:2E:6B: .
   MainThread:15:32:31.630 scanner.py                                117 DEBUG    | Received 73:8A:48:B2:2E:6B: .
   MainThread:15:32:31.634 scanner.py                                117 DEBUG    | Received 5E:49:DB:1A:B5:5E: .
   MainThread:15:32:31.637 scanner.py                                117 DEBUG    | Received 62:2A:83:44:56:E9: .
   MainThread:15:32:31.639 scanner.py                                117 DEBUG    | Received 62:2A:83:44:56:E9: .
   MainThread:15:32:31.756 scanner.py                                117 DEBUG    | Received 7F:A5:5C:58:58:3C: .
   MainThread:15:32:31.758 scanner.py                                117 DEBUG    | Received 20:B3:48:31:53:FB: .
   MainThread:15:32:31.760 scanner.py                                117 DEBUG    | Received 7B:C1:8E:38:B1:AC: .
   MainThread:15:32:31.763 scanner.py                                117 DEBUG    | Received 54:D6:68:2B:1D:DA: Jabra Evolve2 65.
   MainThread:15:32:31.767 scanner.py                                117 DEBUG    | Received 28:AF:42:27:F0:5B: .
   MainThread:15:32:31.770 scanner.py                                117 DEBUG    | Received 28:AF:42:27:F0:5B: 75" Crystal UHD.
   MainThread:15:32:31.847 scanner.py                                117 DEBUG    | Received DC:23:4D:86:DA:BD: .
   MainThread:15:32:31.849 scanner.py                                117 DEBUG    | Received DC:23:4D:86:DA:BD: .
   MainThread:15:32:31.966 scanner.py                                117 DEBUG    | Received 20:B3:48:31:53:FB: .
   MainThread:15:32:32.079 scanner.py                                117 DEBUG    | Received 72:90:79:86:59:BD: .
   MainThread:15:32:32.080 scanner.py                                117 DEBUG    | Received 72:90:79:86:59:BD: JBL Tune Flex 2-LE.
   MainThread:15:32:32.083 scanner.py                                117 DEBUG    | Received 20:B3:48:31:53:FB: .
   MainThread:15:32:32.085 scanner.py                                117 DEBUG    | Received 6D:CC:78:78:5B:C7: .
   MainThread:15:32:32.087 scanner.py                                117 DEBUG    | Received 6D:CC:78:78:5B:C7: .
   MainThread:15:32:32.094 scanner.py                                117 DEBUG    | Received CC:8D:1F:D9:70:FB: .
   MainThread:15:32:32.095 scanner.py                                117 DEBUG    | Received 0F:20:0B:B0:53:41: .
   MainThread:15:32:32.193 scanner.py                                117 DEBUG    | Received CF:74:2B:4C:C0:EA: .
   MainThread:15:32:32.195 scanner.py                                117 DEBUG    | Received CF:74:2B:4C:C0:EA: .
   MainThread:15:32:32.198 scanner.py                                117 DEBUG    | Received 7E:60:6A:96:37:0B: .
   MainThread:15:32:32.200 scanner.py                                117 DEBUG    | Received 7E:60:6A:96:37:0B: .
   MainThread:15:32:32.203 scanner.py                                117 DEBUG    | Received 7C:59:88:9E:7A:13: .
   MainThread:15:32:32.204 scanner.py                                117 DEBUG    | Received 7C:59:88:9E:7A:13: .
   MainThread:15:32:32.206 scanner.py                                117 DEBUG    | Received 62:2A:83:44:56:E9: .
   MainThread:15:32:32.206 scanner.py                                117 DEBUG    | Received 62:2A:83:44:56:E9: .
   MainThread:15:32:32.208 scanner.py                                117 DEBUG    | Received 0F:20:0B:B0:53:41: .
   MainThread:15:32:32.211 scanner.py                                117 DEBUG    | Received DC:23:4D:86:DA:B5: .
   MainThread:15:32:32.212 scanner.py                                117 DEBUG    | Received DC:23:4D:86:DA:B5: .
   MainThread:15:32:32.442 scanner.py                                117 DEBUG    | Received 6D:59:CF:B0:4D:2B: .
   MainThread:15:32:32.448 scanner.py                                117 DEBUG    | Received 7C:C3:84:38:18:49: .
   MainThread:15:32:32.457 scanner.py                                117 DEBUG    | Received 7C:1E:A7:2B:52:70: .
   MainThread:15:32:32.464 scanner.py                                117 DEBUG    | Received 7E:60:6A:96:37:0B: .
   MainThread:15:32:32.546 scanner.py                                117 DEBUG    | Received 3D:9C:16:06:EF:06: .
   MainThread:15:32:32.562 scanner.py                                117 DEBUG    | Received DC:23:4D:86:DA:B5: .
   MainThread:15:32:32.563 scanner.py                                117 DEBUG    | Received DC:23:4D:86:DA:B5: .
   MainThread:15:32:32.565 scanner.py                                117 DEBUG    | Received 7A:B4:C4:CA:8B:B9: .
   MainThread:15:32:32.565 scanner.py                                117 DEBUG    | Received 7A:B4:C4:CA:8B:B9: .
   MainThread:15:32:32.567 scanner.py                                117 DEBUG    | Received F9:57:92:8B:F4:39: .
   MainThread:15:32:32.567 scanner.py                                117 DEBUG    | Received F9:57:92:8B:F4:39: .
   MainThread:15:32:32.667 scanner.py                                117 DEBUG    | Received DB:3B:46:FE:CB:23: .
   MainThread:15:32:32.674 scanner.py                                117 DEBUG    | Received DC:23:4D:86:DA:BD: .
   MainThread:15:32:32.676 scanner.py                                117 DEBUG    | Received DC:23:4D:86:DA:BD: .
   MainThread:15:32:32.678 scanner.py                                117 DEBUG    | Received 7B:C1:8E:38:B1:AC: .
   MainThread:15:32:32.786 scanner.py                                117 DEBUG    | Received D9:5C:9E:27:5F:F2: .
   MainThread:15:32:32.791 scanner.py                                117 DEBUG    | Received 62:2A:83:44:56:E9: .
   MainThread:15:32:32.792 scanner.py                                117 DEBUG    | Received 62:2A:83:44:56:E9: .
   MainThread:15:32:32.901 scanner.py                                117 DEBUG    | Received DC:23:4D:86:DA:B5: .
   MainThread:15:32:32.904 scanner.py                                117 DEBUG    | Received DC:23:4D:86:DA:B5: .
   MainThread:15:32:32.905 scanner.py                                117 DEBUG    | Received 6D:CC:78:78:5B:C7: .
   MainThread:15:32:32.906 scanner.py                                117 DEBUG    | Received 6D:CC:78:78:5B:C7: .
   MainThread:15:32:32.916 scanner.py                                117 DEBUG    | Received 5E:49:DB:1A:B5:5E: .
   MainThread:15:32:32.916 scanner.py                                117 DEBUG    | Received 5E:49:DB:1A:B5:5E: .
   MainThread:15:32:33.032 scanner.py                                117 DEBUG    | Received 20:B3:48:31:53:FB: .
   MainThread:15:32:33.035 scanner.py                                117 DEBUG    | Received 0F:20:0B:B0:53:41: .
   MainThread:15:32:33.138 scanner.py                                117 DEBUG    | Received 20:B3:48:31:53:FB: .
   MainThread:15:32:33.140 scanner.py                                117 DEBUG    | Received 0F:20:0B:B0:53:41: .
   MainThread:15:32:33.144 scanner.py                                117 DEBUG    | Received DB:3B:46:FE:CB:23: .
   MainThread:15:32:33.147 scanner.py                                117 DEBUG    | Received 62:2A:83:44:56:E9: .
   MainThread:15:32:33.149 scanner.py                                117 DEBUG    | Received 62:2A:83:44:56:E9: .
   MainThread:15:32:33.282 scanner.py                                117 DEBUG    | Received 5E:49:DB:1A:B5:5E: .
   MainThread:15:32:33.282 scanner.py                                117 DEBUG    | Received 5E:49:DB:1A:B5:5E: .
   MainThread:15:32:33.285 scanner.py                                117 DEBUG    | Received 3D:9C:16:06:EF:06: .
   MainThread:15:32:33.377 scanner.py                                117 DEBUG    | Received 62:2A:83:44:56:E9: .
   MainThread:15:32:33.381 scanner.py                                117 DEBUG    | Received 7C:C3:84:38:18:49: .
   MainThread:15:32:33.391 scanner.py                                117 DEBUG    | Received 60:38:D4:FB:82:B4: .
   MainThread:15:32:33.392 scanner.py                                117 DEBUG    | Received 60:38:D4:FB:82:B4: .
   MainThread:15:32:33.394 scanner.py                                117 DEBUG    | Received 3D:9C:16:06:EF:06: .
   MainThread:15:32:33.500 scanner.py                                117 DEBUG    | Received 7A:B4:C4:CA:8B:B9: .
   MainThread:15:32:33.504 scanner.py                                117 DEBUG    | Received 7A:B4:C4:CA:8B:B9: .
   MainThread:15:32:33.510 scanner.py                                117 DEBUG    | Received 3D:9C:16:06:EF:06: .
   MainThread:15:32:33.514 scanner.py                                117 DEBUG    | Received 62:2A:83:44:56:E9: .
   MainThread:15:32:33.516 scanner.py                                117 DEBUG    | Received 62:2A:83:44:56:E9: .
   MainThread:15:32:33.519 scanner.py                                117 DEBUG    | Received 7C:59:88:9E:7A:13: .
   MainThread:15:32:33.521 scanner.py                                117 DEBUG    | Received 7C:59:88:9E:7A:13: .
   MainThread:15:32:33.613 scanner.py                                117 DEBUG    | Received 62:2A:83:44:56:E9: .
   MainThread:15:32:33.615 scanner.py                                117 DEBUG    | Received 62:2A:83:44:56:E9: .
   MainThread:15:32:33.617 scanner.py                                117 DEBUG    | Received 7B:C1:8E:38:B1:AC: .
   MainThread:15:32:33.620 scanner.py                                117 DEBUG    | Received DB:3B:46:FE:CB:23: .
   MainThread:15:32:33.630 scanner.py                                117 DEBUG    | Received 76:C7:BF:5C:0B:86: .
   MainThread:15:32:33.631 scanner.py                                117 DEBUG    | Received 76:C7:BF:5C:0B:86: .
   MainThread:15:32:33.732 scanner.py                                117 DEBUG    | Received 28:AF:42:27:F0:5B: .
   MainThread:15:32:33.735 scanner.py                                117 DEBUG    | Received 28:AF:42:27:F0:5B: 75" Crystal UHD.
   MainThread:15:32:33.746 scanner.py                                117 DEBUG    | Received 28:AF:42:27:F0:5B: .
   MainThread:15:32:33.748 scanner.py                                117 DEBUG    | Received 28:AF:42:27:F0:5B: 75" Crystal UHD.
   MainThread:15:32:33.849 scanner.py                                117 DEBUG    | Received 7E:60:6A:96:37:0B: .
   MainThread:15:32:33.851 scanner.py                                117 DEBUG    | Received 7E:60:6A:96:37:0B: .
   MainThread:15:32:33.977 scanner.py                                117 DEBUG    | Received 0F:20:0B:B0:53:41: .
   MainThread:15:32:33.985 scanner.py                                117 DEBUG    | Received 62:2A:83:44:56:E9: .
   MainThread:15:32:33.987 scanner.py                                117 DEBUG    | Received 62:2A:83:44:56:E9: .
   MainThread:15:32:34.088 scanner.py                                117 DEBUG    | Received 13:52:77:82:ED:25: .
   MainThread:15:32:34.090 scanner.py                                117 DEBUG    | Received 13:52:77:82:ED:25: .
   MainThread:15:32:34.093 scanner.py                                117 DEBUG    | Received 62:2A:83:44:56:E9: .
   MainThread:15:32:34.095 scanner.py                                117 DEBUG    | Received 62:2A:83:44:56:E9: .
   MainThread:15:32:34.095 scanner.py                                117 DEBUG    | Received 73:8A:48:B2:2E:6B: .
   MainThread:15:32:34.098 scanner.py                                117 DEBUG    | Received 73:8A:48:B2:2E:6B: .
   MainThread:15:32:34.099 scanner.py                                117 DEBUG    | Received DB:3B:46:FE:CB:23: .
   MainThread:15:32:34.101 scanner.py                                117 DEBUG    | Received 72:90:79:86:59:BD: .
   MainThread:15:32:34.103 scanner.py                                117 DEBUG    | Received 72:90:79:86:59:BD: JBL Tune Flex 2-LE.
   MainThread:15:32:34.104 scanner.py                                117 DEBUG    | Received 72:90:79:86:59:BD: .
   MainThread:15:32:34.105 scanner.py                                117 DEBUG    | Received 72:90:79:86:59:BD: JBL Tune Flex 2-LE.
   MainThread:15:32:34.206 scanner.py                                117 DEBUG    | Received DC:23:4D:86:DA:BD: .
   MainThread:15:32:34.209 scanner.py                                117 DEBUG    | Received DC:23:4D:86:DA:BD: .
   MainThread:15:32:34.211 scanner.py                                117 DEBUG    | Received 20:B3:48:31:53:FB: .
   MainThread:15:32:34.216 scanner.py                                117 DEBUG    | Received 60:38:D4:FB:82:B4: .
   MainThread:15:32:34.218 scanner.py                                117 DEBUG    | Received 60:38:D4:FB:82:B4: .
   MainThread:15:32:34.220 scanner.py                                117 DEBUG    | Received CF:74:2B:4C:C0:EA: .
   MainThread:15:32:34.222 scanner.py                                117 DEBUG    | Received CF:74:2B:4C:C0:EA: .
   MainThread:15:32:34.224 scanner.py                                117 DEBUG    | Received 5E:49:DB:1A:B5:5E: .
   MainThread:15:32:34.226 scanner.py                                117 DEBUG    | Received 5E:49:DB:1A:B5:5E: .
   MainThread:15:32:34.329 scanner.py                                117 DEBUG    | Received 62:2A:83:44:56:E9: .
   MainThread:15:32:34.438 scanner.py                                117 DEBUG    | Received 00:A4:1C:FD:C6:D8: .
   MainThread:15:32:34.439 scanner.py                                117 DEBUG    | Received 00:A4:1C:FD:C6:D8: WH-CH720N.
   MainThread:15:32:34.442 scanner.py                                117 DEBUG    | Received 62:2A:83:44:56:E9: .
   MainThread:15:32:34.443 scanner.py                                117 DEBUG    | Received 62:2A:83:44:56:E9: .
   MainThread:15:32:34.445 scanner.py                                117 DEBUG    | Received 8C:71:12:52:1D:DB: QT 12521DDB.
   MainThread:15:32:34.447 scanner.py                                117 DEBUG    | Received 3D:9C:16:06:EF:06: .
   MainThread:15:32:34.448 scanner.py                                117 DEBUG    | Received 7C:59:88:9E:7A:13: .
   MainThread:15:32:34.449 scanner.py                                117 DEBUG    | Received 7C:59:88:9E:7A:13: .
   MainThread:15:32:34.453 scanner.py                                117 DEBUG    | Received 72:90:79:86:59:BD: .
   MainThread:15:32:34.454 scanner.py                                117 DEBUG    | Received 72:90:79:86:59:BD: JBL Tune Flex 2-LE.
   MainThread:15:32:34.564 scanner.py                                117 DEBUG    | Received 6D:CC:78:78:5B:C7: .
   MainThread:15:32:34.566 scanner.py                                117 DEBUG    | Received 6D:CC:78:78:5B:C7: .
   MainThread:15:32:34.675 scanner.py                                117 DEBUG    | Received 7C:C3:84:38:18:49: .
   MainThread:15:32:34.678 scanner.py                                117 DEBUG    | Received 7E:60:6A:96:37:0B: .
   MainThread:15:32:34.679 scanner.py                                117 DEBUG    | Received 7E:60:6A:96:37:0B: .
   MainThread:15:32:34.686 scanner.py                                117 DEBUG    | Received 62:2A:83:44:56:E9: .
   MainThread:15:32:34.688 scanner.py                                117 DEBUG    | Received 62:2A:83:44:56:E9: .
   MainThread:15:32:34.791 scanner.py                                117 DEBUG    | Received 72:90:79:86:59:BD: .
   MainThread:15:32:34.795 scanner.py                                117 DEBUG    | Received 62:2A:83:44:56:E9: .
   MainThread:15:32:34.807 scanner.py                                117 DEBUG    | Received 0F:20:0B:B0:53:41: .
   MainThread:15:32:34.809 scanner.py                                117 DEBUG    | Received E3:8C:24:D1:1A:46: .
   MainThread:15:32:34.911 scanner.py                                117 DEBUG    | Received CC:8D:1F:D9:70:FB: .
   MainThread:15:32:34.913 scanner.py                                117 DEBUG    | Received CC:8D:1F:D9:70:FB: .
   MainThread:15:32:34.915 scanner.py                                117 DEBUG    | Received 4A:3C:2A:2F:7B:85: .
   MainThread:15:32:34.917 scanner.py                                117 DEBUG    | Received 4A:3C:2A:2F:7B:85: .
   MainThread:15:32:34.919 scanner.py                                117 DEBUG    | Received 0F:20:0B:B0:53:41: .
   MainThread:15:32:34.922 scanner.py                                117 DEBUG    | Received 73:8A:48:B2:2E:6B: .
   MainThread:15:32:34.924 scanner.py                                117 DEBUG    | Received 73:8A:48:B2:2E:6B: .
   MainThread:15:32:34.957 scanner.py                                117 DEBUG    | Received 13:52:77:82:ED:25: .
   MainThread:15:32:34.959 scanner.py                                117 DEBUG    | Received 13:52:77:82:ED:25: .
   MainThread:15:32:35.032 scanner.py                                117 DEBUG    | Received 62:2A:83:44:56:E9: .
   MainThread:15:32:35.035 scanner.py                                117 DEBUG    | Received 62:2A:83:44:56:E9: .
   MainThread:15:32:35.037 scanner.py                                117 DEBUG    | Received 60:38:D4:FB:82:B4: .
   MainThread:15:32:35.039 scanner.py                                117 DEBUG    | Received 60:38:D4:FB:82:B4: .
   MainThread:15:32:35.042 scanner.py                                117 DEBUG    | Received DB:3B:46:FE:CB:23: .
   MainThread:15:32:35.043 scanner.py                                117 DEBUG    | Received 20:B3:48:31:53:FB: .
   MainThread:15:32:35.047 scanner.py                                117 DEBUG    | Received 54:D6:68:2B:1D:DA: Jabra Evolve2 65.
   MainThread:15:32:35.051 scanner.py                                117 DEBUG    | Received 54:D6:68:2B:1D:DA: .
   MainThread:15:32:35.053 scanner.py                                117 DEBUG    | Received 7C:C3:84:38:18:49: .
   MainThread:15:32:35.164 scanner.py                                117 DEBUG    | Received 62:2A:83:44:56:E9: .
   MainThread:15:32:35.168 scanner.py                                117 DEBUG    | Received 3D:9C:16:06:EF:06: .
   MainThread:15:32:35.183 scanner.py                                117 DEBUG    | Received CC:8D:1F:D9:70:FB: .
   MainThread:15:32:35.184 scanner.py                                117 DEBUG    | Received CC:8D:1F:D9:70:FB: .
   MainThread:15:32:35.265 scanner.py                                117 DEBUG    | Received 28:AF:42:27:F0:5B: .
   MainThread:15:32:35.266 scanner.py                                117 DEBUG    | Received 28:AF:42:27:F0:5B: 75" Crystal UHD.
   MainThread:15:32:35.269 scanner.py                                117 DEBUG    | Received 3D:9C:16:06:EF:06: .
   MainThread:15:32:35.276 scanner.py                                117 DEBUG    | Received 62:2A:83:44:56:E9: .
   MainThread:15:32:35.277 scanner.py                                117 DEBUG    | Received 62:2A:83:44:56:E9: .
   MainThread:15:32:35.279 scanner.py                                117 DEBUG    | Received 76:C7:BF:5C:0B:86: .
   MainThread:15:32:35.280 scanner.py                                117 DEBUG    | Received 76:C7:BF:5C:0B:86: .
   MainThread:15:32:35.385 scanner.py                                117 DEBUG    | Received 7C:59:88:9E:7A:13: .
   MainThread:15:32:35.385 scanner.py                                117 DEBUG    | Received 7C:59:88:9E:7A:13: .
   MainThread:15:32:35.387 scanner.py                                117 DEBUG    | Received 62:2A:83:44:56:E9: .
   MainThread:15:32:35.388 scanner.py                                117 DEBUG    | Received 62:2A:83:44:56:E9: .
   MainThread:15:32:35.390 scanner.py                                117 DEBUG    | Received 6D:CC:78:78:5B:C7: .
   MainThread:15:32:35.391 scanner.py                                117 DEBUG    | Received 6D:CC:78:78:5B:C7: .
   MainThread:15:32:35.397 scanner.py                                117 DEBUG    | Received CC:8D:1F:D9:70:FB: .
   MainThread:15:32:35.398 scanner.py                                117 DEBUG    | Received CC:8D:1F:D9:70:FB: .
   MainThread:15:32:35.499 scanner.py                                117 DEBUG    | Received 7E:60:6A:96:37:0B: .
   MainThread:15:32:35.501 scanner.py                                117 DEBUG    | Received 7E:60:6A:96:37:0B: .
   MainThread:15:32:35.514 scanner.py                                117 DEBUG    | Received DB:3B:46:FE:CB:23: .
   MainThread:15:32:35.517 scanner.py                                117 DEBUG    | Received 54:D6:68:2B:1D:DA: Jabra Evolve2 65.
   MainThread:15:32:35.519 scanner.py                                117 DEBUG    | Received 54:D6:68:2B:1D:DA: .
   MainThread:15:32:35.735 scanner.py                                117 DEBUG    | Received DC:23:4D:86:DA:BD: .
   MainThread:15:32:35.742 scanner.py                                117 DEBUG    | Received 4A:3C:2A:2F:7B:85: .
   MainThread:15:32:35.744 scanner.py                                117 DEBUG    | Received 4A:3C:2A:2F:7B:85: .
   MainThread:15:32:35.748 scanner.py                                117 DEBUG    | Received 72:90:79:86:59:BD: .
   MainThread:15:32:35.750 scanner.py                                117 DEBUG    | Received 72:90:79:86:59:BD: JBL Tune Flex 2-LE.
   MainThread:15:32:35.757 scanner.py                                117 DEBUG    | Received 62:2A:83:44:56:E9: .
   MainThread:15:32:35.759 scanner.py                                117 DEBUG    | Received 62:2A:83:44:56:E9: .
   MainThread:15:32:35.858 scanner.py                                117 DEBUG    | Received 0F:20:0B:B0:53:41: .
   MainThread:15:32:35.865 scanner.py                                117 DEBUG    | Received 62:2A:83:44:56:E9: .
   MainThread:15:32:35.867 scanner.py                                117 DEBUG    | Received 62:2A:83:44:56:E9: .
   MainThread:15:32:35.868 scanner.py                                117 DEBUG    | Received 60:38:D4:FB:82:B4: .
   MainThread:15:32:35.869 scanner.py                                117 DEBUG    | Received 60:38:D4:FB:82:B4: .
   MainThread:15:32:35.994 scanner.py                                117 DEBUG    | Received E4:56:EC:96:C3:13: .
   MainThread:15:32:36.001 scanner.py                                117 DEBUG    | Received DC:23:4D:86:DA:B5: .
   MainThread:15:32:36.006 scanner.py                                117 DEBUG    | Received 3D:9C:16:06:EF:06: .
   MainThread:15:32:36.098 scanner.py                                117 DEBUG    | Received F9:57:92:8B:F4:39: .
   MainThread:15:32:36.099 scanner.py                                117 DEBUG    | Received F9:57:92:8B:F4:39: .
   MainThread:15:32:36.103 scanner.py                                117 DEBUG    | Received 76:C7:BF:5C:0B:86: .
   MainThread:15:32:36.105 scanner.py                                117 DEBUG    | Received 76:C7:BF:5C:0B:86: .
   MainThread:15:32:36.110 scanner.py                                117 DEBUG    | Received 13:52:77:82:ED:25: .
   MainThread:15:32:36.111 scanner.py                                117 DEBUG    | Received 13:52:77:82:ED:25: .
   MainThread:15:32:36.232 scanner.py                                117 DEBUG    | Received CF:74:2B:4C:C0:EA: .
   MainThread:15:32:36.233 scanner.py                                117 DEBUG    | Received CF:74:2B:4C:C0:EA: .
   MainThread:15:32:36.243 scanner.py                                117 DEBUG    | Received 72:90:79:86:59:BD: .
   MainThread:15:32:36.246 scanner.py                                117 DEBUG    | Received 72:90:79:86:59:BD: JBL Tune Flex 2-LE.
   MainThread:15:32:36.249 scanner.py                                117 DEBUG    | Received DC:23:4D:86:DA:BD: .
   MainThread:15:32:36.251 scanner.py                                117 DEBUG    | Received DC:23:4D:86:DA:BD: .
   MainThread:15:32:36.334 scanner.py                                117 DEBUG    | Received E3:2F:9E:FC:47:01: .
   MainThread:15:32:36.456 scanner.py                                117 DEBUG    | Received 54:D6:68:2B:1D:DA: Jabra Evolve2 65.
   MainThread:15:32:36.457 scanner.py                                117 DEBUG    | Received 54:D6:68:2B:1D:DA: .
   MainThread:15:32:36.462 scanner.py                                117 DEBUG    | Received DB:3B:46:FE:CB:23: .
   MainThread:15:32:36.464 scanner.py                                117 DEBUG    | Received 7A:B4:C4:CA:8B:B9: .
   MainThread:15:32:36.465 scanner.py                                117 DEBUG    | Received 7A:B4:C4:CA:8B:B9: .
   MainThread:15:32:36.570 scanner.py                                117 DEBUG    | Received 62:2A:83:44:56:E9: .
   MainThread:15:32:36.574 scanner.py                                117 DEBUG    | Received 4A:3C:2A:2F:7B:85: .
   MainThread:15:32:36.574 scanner.py                                117 DEBUG    | Received 4A:3C:2A:2F:7B:85: .
   MainThread:15:32:36.576 scanner.py                                117 DEBUG    | Received 73:8A:48:B2:2E:6B: .
   MainThread:15:32:36.577 scanner.py                                117 DEBUG    | Received 73:8A:48:B2:2E:6B: .
   MainThread:15:32:36.578 scanner.py                                117 DEBUG    | Received 00:A4:1C:FD:C6:D8: .
   MainThread:15:32:36.579 scanner.py                                117 DEBUG    | Received 00:A4:1C:FD:C6:D8: WH-CH720N.
   MainThread:15:32:36.587 scanner.py                                117 DEBUG    | Received 8C:71:12:52:1D:DB: QT 12521DDB.
   MainThread:15:32:36.589 scanner.py                                117 DEBUG    | Received 0F:20:0B:B0:53:41: .
   MainThread:15:32:36.592 scanner.py                                117 DEBUG    | Received 6D:59:CF:B0:4D:2B: .
   MainThread:15:32:36.593 scanner.py                                117 DEBUG    | Received 6D:59:CF:B0:4D:2B: .
   MainThread:15:32:36.680 scanner.py                                117 DEBUG    | Received 7C:59:88:9E:7A:13: .
   MainThread:15:32:36.681 scanner.py                                117 DEBUG    | Received 7C:59:88:9E:7A:13: .
   MainThread:15:32:36.684 scanner.py                                117 DEBUG    | Received 0F:20:0B:B0:53:41: .
   MainThread:15:32:36.694 scanner.py                                117 DEBUG    | Received 62:2A:83:44:56:E9: .
   MainThread:15:32:36.695 scanner.py                                117 DEBUG    | Received 62:2A:83:44:56:E9: .
   MainThread:15:32:36.799 scanner.py                                117 DEBUG    | Received FC:73:0E:13:87:8F: .
   MainThread:15:32:36.800 scanner.py                                117 DEBUG    | Received FC:73:0E:13:87:8F: .
   MainThread:15:32:36.801 scanner.py                                117 DEBUG    | Received 72:90:79:86:59:BD: .
   MainThread:15:32:36.802 scanner.py                                117 DEBUG    | Received 72:90:79:86:59:BD: JBL Tune Flex 2-LE.
   MainThread:15:32:36.809 scanner.py                                117 DEBUG    | Received DC:23:4D:86:DA:B5: .
   MainThread:15:32:36.810 scanner.py                                117 DEBUG    | Received DC:23:4D:86:DA:B5: .
   MainThread:15:32:36.813 scanner.py                                117 DEBUG    | Received E3:8C:24:D1:1A:46: .
   MainThread:15:32:36.918 scanner.py                                117 DEBUG    | Received 8C:71:12:52:1D:DB: QT 12521DDB.
   MainThread:15:32:36.927 scanner.py                                117 DEBUG    | Received DC:23:4D:86:DA:BD: .
   MainThread:15:32:36.931 scanner.py                                117 DEBUG    | Received 76:C7:BF:5C:0B:86: .
   MainThread:15:32:36.933 scanner.py                                117 DEBUG    | Received 76:C7:BF:5C:0B:86: .
   MainThread:15:32:36.935 scanner.py                                117 DEBUG    | Received DB:3B:46:FE:CB:23: .
   MainThread:15:32:36.937 scanner.py                                117 DEBUG    | Received 3D:9C:16:06:EF:06: .
   MainThread:15:32:37.041 scanner.py                                117 DEBUG    | Received 62:2A:83:44:56:E9: .
   MainThread:15:32:37.044 scanner.py                                117 DEBUG    | Received 62:2A:83:44:56:E9: .
   MainThread:15:32:37.046 scanner.py                                117 DEBUG    | Received 7C:1E:A7:2B:52:70: .
   MainThread:15:32:37.050 scanner.py                                117 DEBUG    | Received 7C:59:88:9E:7A:13: .
   MainThread:15:32:37.052 scanner.py                                117 DEBUG    | Received 7C:59:88:9E:7A:13: .
   MainThread:15:32:37.156 scanner.py                                117 DEBUG    | Received 7B:C1:8E:38:B1:AC: .
   MainThread:15:32:37.158 scanner.py                                117 DEBUG    | Received DC:23:4D:86:DA:B5: .
   MainThread:15:32:37.159 scanner.py                                117 DEBUG    | Received DC:23:4D:86:DA:B5: .
   MainThread:15:32:37.271 scanner.py                                117 DEBUG    | Received 7C:C3:84:38:18:49: .
   MainThread:15:32:37.274 scanner.py                                117 DEBUG    | Received 49:13:A0:8A:92:66: .
   MainThread:15:32:37.287 scanner.py                                117 DEBUG    | Received 72:90:79:86:59:BD: .
   MainThread:15:32:37.289 scanner.py                                117 DEBUG    | Received 72:90:79:86:59:BD: JBL Tune Flex 2-LE.
   MainThread:15:32:37.393 scanner.py                                117 DEBUG    | Received 00:A4:1C:FD:C6:D8: .
   MainThread:15:32:37.396 scanner.py                                117 DEBUG    | Received 00:A4:1C:FD:C6:D8: WH-CH720N.
   MainThread:15:32:37.398 scanner.py                                117 DEBUG    | Received 73:8A:48:B2:2E:6B: .
   MainThread:15:32:37.400 scanner.py                                117 DEBUG    | Received 73:8A:48:B2:2E:6B: .
   MainThread:15:32:37.403 scanner.py                                117 DEBUG    | Received 4A:3C:2A:2F:7B:85: .
   MainThread:15:32:37.410 scanner.py                                117 DEBUG    | Received 6D:59:CF:B0:4D:2B: .
   MainThread:15:32:37.412 scanner.py                                117 DEBUG    | Received 6D:59:CF:B0:4D:2B: .
   MainThread:15:32:37.516 scanner.py                                117 DEBUG    | Received 62:2A:83:44:56:E9: .
   MainThread:15:32:37.520 scanner.py                                117 DEBUG    | Received 62:2A:83:44:56:E9: .
   MainThread:15:32:37.524 scanner.py                                117 DEBUG    | Received DC:23:4D:86:DA:B5: .
   MainThread:15:32:37.525 scanner.py                                117 DEBUG    | Received DC:23:4D:86:DA:B5: .
   MainThread:15:32:37.526 scanner.py                                117 DEBUG    | Received 60:38:D4:FB:82:B4: .
   MainThread:15:32:37.527 scanner.py                                117 DEBUG    | Received 60:38:D4:FB:82:B4: .
   MainThread:15:32:37.637 scanner.py                                117 DEBUG    | Received 72:90:79:86:59:BD: .
   MainThread:15:32:37.639 scanner.py                                117 DEBUG    | Received 72:90:79:86:59:BD: JBL Tune Flex 2-LE.
   MainThread:15:32:37.641 scanner.py                                117 DEBUG    | Received 0F:20:0B:B0:53:41: .
   MainThread:15:32:37.642 scanner.py                                117 DEBUG    | Received 7C:C3:84:38:18:49: .
   MainThread:15:32:37.754 scanner.py                                117 DEBUG    | Received 76:C7:BF:5C:0B:86: .
   MainThread:15:32:37.755 scanner.py                                117 DEBUG    | Received 76:C7:BF:5C:0B:86: .
   MainThread:15:32:37.868 scanner.py                                117 DEBUG    | Received 54:D6:68:2B:1D:DA: Jabra Evolve2 65.
   MainThread:15:32:37.870 scanner.py                                117 DEBUG    | Received 54:D6:68:2B:1D:DA: .
   MainThread:15:32:37.872 scanner.py                                117 DEBUG    | Received 3D:9C:16:06:EF:06: .
   MainThread:15:32:37.982 scanner.py                                117 DEBUG    | Received 7C:59:88:9E:7A:13: .
   MainThread:15:32:37.983 scanner.py                                117 DEBUG    | Received 7C:59:88:9E:7A:13: .
   MainThread:15:32:37.988 scanner.py                                117 DEBUG    | Received 62:2A:83:44:56:E9: .
   MainThread:15:32:37.990 scanner.py                                117 DEBUG    | Received 62:2A:83:44:56:E9: .
   MainThread:15:32:38.098 scanner.py                                117 DEBUG    | Received 7B:C1:8E:38:B1:AC: .
   MainThread:15:32:38.112 scanner.py                                117 DEBUG    | Received F9:57:92:8B:F4:39: .
   MainThread:15:32:38.118 scanner.py                                117 DEBUG    | Received 72:90:79:86:59:BD: .
   MainThread:15:32:38.120 scanner.py                                117 DEBUG    | Received 72:90:79:86:59:BD: JBL Tune Flex 2-LE.
   MainThread:15:32:38.222 scanner.py                                117 DEBUG    | Received 4A:3C:2A:2F:7B:85: .
   MainThread:15:32:38.223 scanner.py                                117 DEBUG    | Received 72:90:79:86:59:BD: .
   MainThread:15:32:38.236 scanner.py                                117 DEBUG    | Received 00:A4:1C:FD:C6:D8: .
   MainThread:15:32:38.239 scanner.py                                117 DEBUG    | Received 00:A4:1C:FD:C6:D8: WH-CH720N.
   MainThread:15:32:38.250 scanner.py                                212 DEBUG    | 1 devices found. Watcher status: <BluetoothLEAdvertisementWatcherStatus.STOPPED: 3>.
